,voxel_index,fiber_index,true_n_fibers,est_n_fibers,true_theta,true_phi,true_v,est_theta_matched,est_phi_matched,est_v_matched,acc,file,num,angular_separation,true_angular_separation,est_angular_separation,experiment,acc_mean,angular_error,volume_fraction_error
0,0,0,3,3,0.7454330299814531,2.6748570832196337,0.3454516147229172,0.7454330273707255,2.6748571011930324,0.3443604624731008,0.9999999999999988,/fs5/p_masi/saundam1/outputs/crossing_fibers/fissile_data/10examples_3fibers_12-16-24_23-05-14.mat,0.0,,,,FISSILE,0.9999999999999994,0.0,0.001091152249816374
1,0,1,3,3,0.9709534166726016,4.953722409755756,0.1334057158108104,0.9709534143302844,4.953722402882925,0.1514076001684858,0.9999999999999994,/fs5/p_masi/saundam1/outputs/crossing_fibers/fissile_data/10examples_3fibers_12-16-24_23-05-14.mat,0.0,,,,FISSILE,0.9999999999999994,0.0,0.018001884357675413
2,0,2,3,3,1.270289255270878,5.457136016963111,0.5211426694662725,1.270289248570904,5.457136016453339,0.5042319373584127,0.9999999999999998,/fs5/p_masi/saundam1/outputs/crossing_fibers/fissile_data/10examples_3fibers_12-16-24_23-05-14.mat,0.0,,,,FISSILE,0.9999999999999994,0.0,0.01691073210785987
3,1,0,3,3,0.9462667588251144,2.149881993340072,0.1721131142419579,0.9462667840594142,2.149882004427357,0.1866297393958929,0.999999999999992,/fs5/p_masi/saundam1/outputs/crossing_fibers/fissile_data/10examples_3fibers_12-16-24_23-05-14.mat,1.0,,,,FISSILE,0.9999999999999959,2.9802322387695312e-08,0.014516625153934981
4,1,1,3,3,1.4476853384205146,3.4830667745076807,0.5281079289645774,1.4476853464621415,3.4830667900975016,0.5105700031135313,0.999999999999998,/fs5/p_masi/saundam1/outputs/crossing_fibers/fissile_data/10examples_3fibers_12-16-24_23-05-14.mat,1.0,,,,FISSILE,0.9999999999999959,2.1073424255447017e-08,0.017537925851046077
5,1,2,3,3,1.530108034446189,5.551593015613682,0.2997789567934646,1.5301080194137684,5.551593010922408,0.3028002574905757,0.9999999999999976,/fs5/p_masi/saundam1/outputs/crossing_fibers/fissile_data/10examples_3fibers_12-16-24_23-05-14.mat,1.0,,,,FISSILE,0.9999999999999959,1.4901161193847656e-08,0.0030213006971110956
6,2,0,3,3,0.7306706752622402,1.388259522437021,0.5203405367365086,0.7306704469510037,1.388258724047175,0.503499441231198,0.9999999999976266,/fs5/p_masi/saundam1/outputs/crossing_fibers/fissile_data/10examples_3fibers_12-16-24_23-05-14.mat,2.0,,,,FISSILE,0.9999999999968082,5.798064606888292e-07,0.016841095505310544
7,2,1,3,3,0.2599898112942928,1.027967630450874,0.0243128953237375,0.2599895261406468,1.0279705559389207,0.0521377370855851,0.9999999999954086,/fs5/p_masi/saundam1/outputs/crossing_fibers/fissile_data/10examples_3fibers_12-16-24_23-05-14.mat,2.0,,,,FISSILE,0.9999999999968082,8.043867097059574e-07,0.0278248417618476
8,2,2,3,3,0.839946846723819,1.6254523947697257,0.4553465679397539,0.8399464446933858,1.625451781234139,0.4443628216832165,0.9999999999973892,/fs5/p_masi/saundam1/outputs/crossing_fibers/fissile_data/10examples_3fibers_12-16-24_23-05-14.mat,2.0,,,,FISSILE,0.9999999999968082,6.085806446272866e-07,0.010983746256537419
9,3,0,3,3,1.1770900850324717,4.294197501760929,0.034406912501762,1.1770897718149058,4.2941972877293,0.061322793108923,0.9999999999991672,/fs5/p_masi/saundam1/outputs/crossing_fibers/fissile_data/10examples_3fibers_12-16-24_23-05-14.mat,3.0,,,,FISSILE,0.9999999999997171,3.704369930820502e-07,0.026915880607161005
10,3,1,3,3,0.9942771800214104,0.3409306366957782,0.0835423339900421,0.99427716407574,0.3409306182003636,0.1060340551376053,0.9999999999999856,/fs5/p_masi/saundam1/outputs/crossing_fibers/fissile_data/10examples_3fibers_12-16-24_23-05-14.mat,3.0,,,,FISSILE,0.9999999999997171,2.1073424255447017e-08,0.022491721147563204
11,3,2,3,3,1.4376104465649342,4.4884378248359535,0.882050753508196,1.437610428997905,4.488437827135433,0.8326431517534709,0.9999999999999988,/fs5/p_masi/saundam1/outputs/crossing_fibers/fissile_data/10examples_3fibers_12-16-24_23-05-14.mat,3.0,,,,FISSILE,0.9999999999997171,1.4901161193847656e-08,0.04940760175472503
12,4,0,3,3,1.10741320071945,5.86163352510412,0.1242639462333522,1.1074132916447414,5.861633516522998,0.143088947673382,0.9999999999999428,/fs5/p_masi/saundam1/outputs/crossing_fibers/fissile_data/10examples_3fibers_12-16-24_23-05-14.mat,4.0,,,,FISSILE,0.9999999999999791,9.064022496787043e-08,0.018825001440029812
13,4,1,3,3,0.6890654591014862,6.029434633503114,0.3297563978990742,0.6890654822741481,6.029434617160956,0.3300785130875996,0.9999999999999952,/fs5/p_masi/saundam1/outputs/crossing_fibers/fissile_data/10examples_3fibers_12-16-24_23-05-14.mat,4.0,,,,FISSILE,0.9999999999999791,2.1073424255447017e-08,0.0003221151885254292
14,4,2,3,3,1.2866695022976236,4.108464616964612,0.5459796558675736,1.286669500416846,4.108464628537984,0.5268325392390183,0.9999999999999992,/fs5/p_masi/saundam1/outputs/crossing_fibers/fissile_data/10examples_3fibers_12-16-24_23-05-14.mat,4.0,,,,FISSILE,0.9999999999999791,2.1073424255447017e-08,0.019147116628555283
15,5,0,3,3,1.4090860572887882,2.730788877590166,0.2352210770991005,1.409086050255758,2.7307888681964294,0.2440553124506028,0.9999999999999988,/fs5/p_masi/saundam1/outputs/crossing_fibers/fissile_data/10examples_3fibers_12-16-24_23-05-14.mat,5.0,,,,FISSILE,0.9999999999999979,1.4901161193847656e-08,0.008834235351502295
16,5,1,3,3,0.591045427522496,2.0105636580769364,0.1598099668089157,0.59104544227883,2.0105636865709067,0.1754343714362176,0.9999999999999956,/fs5/p_masi/saundam1/outputs/crossing_fibers/fissile_data/10examples_3fibers_12-16-24_23-05-14.mat,5.0,,,,FISSILE,0.9999999999999979,1.4901161193847656e-08,0.015624404627301886
17,5,2,3,3,1.3048053164239135,1.7399837255473904,0.6049689560919838,1.3048053117229133,1.739983721159477,0.5805103161131798,0.9999999999999996,/fs5/p_masi/saundam1/outputs/crossing_fibers/fissile_data/10examples_3fibers_12-16-24_23-05-14.mat,5.0,,,,FISSILE,0.9999999999999979,1.4901161193847656e-08,0.02445863997880393
18,6,0,3,3,0.6002842202616814,4.144541982440777,0.459115984438836,0.6002842105234509,4.144541994730695,0.4477902661609563,0.9999999999999992,/fs5/p_masi/saundam1/outputs/crossing_fibers/fissile_data/10examples_3fibers_12-16-24_23-05-14.mat,6.0,,,,FISSILE,0.9999999999999988,2.1073424255447017e-08,0.011325718277879704
19,6,1,3,3,0.6556542281959249,5.069322082792236,0.2473359390004523,0.6556542391207224,5.0693221052753925,0.2550793112819785,0.9999999999999976,/fs5/p_masi/saundam1/outputs/crossing_fibers/fissile_data/10examples_3fibers_12-16-24_23-05-14.mat,6.0,,,,FISSILE,0.9999999999999988,1.4901161193847656e-08,0.007743372281526217
20,6,2,3,3,1.3398487871450329,5.474785264117527,0.2935480765607116,1.3398487930930385,5.474785270823855,0.2971304225570645,0.9999999999999994,/fs5/p_masi/saundam1/outputs/crossing_fibers/fissile_data/10examples_3fibers_12-16-24_23-05-14.mat,6.0,,,,FISSILE,0.9999999999999988,0.0,0.0035823459963529314
21,7,0,3,3,0.1570796326794893,5.7296109482825415,0.3775426751677913,0.1570796277862045,5.729610958062203,0.373561967170221,0.9999999999999996,/fs5/p_masi/saundam1/outputs/crossing_fibers/fissile_data/10examples_3fibers_12-16-24_23-05-14.mat,7.0,,,,FISSILE,0.9999999999999994,0.0,0.003980707997570276
22,7,1,3,3,1.3208770965686027,3.210348050754235,0.3689555685333269,1.3208770876233649,3.2103480574061543,0.3657480745423714,0.9999999999999994,/fs5/p_masi/saundam1/outputs/crossing_fibers/fissile_data/10examples_3fibers_12-16-24_23-05-14.mat,7.0,,,,FISSILE,0.9999999999999994,0.0,0.00320749399095549
23,7,2,3,3,0.8991295884079512,1.5707963267948966,0.2535017562988816,0.8991295789227951,1.5707963188815508,0.260689958287407,0.9999999999999992,/fs5/p_masi/saundam1/outputs/crossing_fibers/fissile_data/10examples_3fibers_12-16-24_23-05-14.mat,7.0,,,,FISSILE,0.9999999999999994,0.0,0.007188201988525378
24,8,0,3,3,0.3977915168199541,1.3996177033508015,0.213581924060545,0.3977915111453694,1.3996177033801445,0.2243645912209633,0.9999999999999996,/fs5/p_masi/saundam1/outputs/crossing_fibers/fissile_data/10examples_3fibers_12-16-24_23-05-14.mat,8.0,,,,FISSILE,0.9999999999999977,0.0,0.010782667160418313
25,8,1,3,3,1.0172219678978514,4.71238898038469,0.679408574047361,1.0172219622258027,4.712388987427927,0.6482472447801507,0.9999999999999998,/fs5/p_masi/saundam1/outputs/crossing_fibers/fissile_data/10examples_3fibers_12-16-24_23-05-14.mat,8.0,,,,FISSILE,0.9999999999999977,0.0,0.03116132926721027
26,8,2,3,3,0.7297539262068373,4.208085926610739,0.107009501892094,0.7297539238807181,4.208085885930797,0.1273881639988846,0.9999999999999936,/fs5/p_masi/saundam1/outputs/crossing_fibers/fissile_data/10examples_3fibers_12-16-24_23-05-14.mat,8.0,,,,FISSILE,0.9999999999999977,2.5809568279517847e-08,0.02037866210679061
27,9,0,3,3,0.6879088400125204,0.8723246803656531,0.7203319743306772,0.687908833187751,0.8723246737095054,0.6854858159546348,0.9999999999999998,/fs5/p_masi/saundam1/outputs/crossing_fibers/fissile_data/10examples_3fibers_12-16-24_23-05-14.mat,9.0,,,,FISSILE,0.9999999999999925,0.0,0.034846158376042435
28,9,1,3,3,1.2247205764024218,2.7889934612189364,0.1080491040467513,1.2247205239453307,2.788993442902896,0.1283341594596339,0.9999999999999808,/fs5/p_masi/saundam1/outputs/crossing_fibers/fissile_data/10examples_3fibers_12-16-24_23-05-14.mat,9.0,,,,FISSILE,0.9999999999999925,5.575503985246929e-08,0.020285055412882586
29,9,2,3,3,0.5497787143782139,5.7296109482825415,0.1716189216225714,0.5497787194383598,5.72961093726915,0.1861800245857303,0.9999999999999968,/fs5/p_masi/saundam1/outputs/crossing_fibers/fissile_data/10examples_3fibers_12-16-24_23-05-14.mat,9.0,,,,FISSILE,0.9999999999999925,0.0,0.014561102963158906
30,10,0,2,2,1.112002812330588,1.9631804593921465,0.134997261391336,1.1120028141468914,1.9631804288045789,0.1678628870370859,0.9999999999999944,/fs5/p_masi/saundam1/outputs/crossing_fibers/fissile_data/10examples_2fibers_12-11-24_19-21-20.mat,0.0,0.4328879507650782,0.4328879507650782,0.4328879302345902,FISSILE,0.9999999999999971,2.5809568279517847e-08,0.03286562564574991
31,10,1,2,2,1.019126041237968,1.4785395578096845,0.8650027386086641,1.0191260402359044,1.478539552235777,0.8321371129629139,0.9999999999999998,/fs5/p_masi/saundam1/outputs/crossing_fibers/fissile_data/10examples_2fibers_12-11-24_19-21-20.mat,0.0,0.4328879507650782,0.4328879507650782,0.4328879302345902,FISSILE,0.9999999999999971,0.0,0.03286562564575013
32,11,0,2,2,0.640990849795129,5.9469919528580215,0.8769518860187953,0.6409908427503493,5.946991962980747,0.8430103337617776,0.9999999999999996,/fs5/p_masi/saundam1/outputs/crossing_fibers/fissile_data/10examples_2fibers_12-11-24_19-21-20.mat,1.0,0.7952311278758102,0.7952311278758102,0.7952311119245379,FISSILE,0.9999999999999939,1.4901161193847656e-08,0.03394155225701767
33,11,1,2,2,1.370120940878604,5.549730727419986,0.1230481139812048,1.3701209115663682,5.549730719244812,0.1569896662382218,0.9999999999999882,/fs5/p_masi/saundam1/outputs/crossing_fibers/fissile_data/10examples_2fibers_12-11-24_19-21-20.mat,1.0,0.7952311278758102,0.7952311278758102,0.7952311119245379,FISSILE,0.9999999999999939,2.9802322387695312e-08,0.033941552257017005
34,12,0,2,2,0.9712666799191974,2.24186106071173,0.6720987308906134,0.9712666751324468,2.2418610600245947,0.6566025974869677,1.0,/fs5/p_masi/saundam1/outputs/crossing_fibers/fissile_data/10examples_2fibers_12-11-24_19-21-20.mat,2.0,0.7725556167265762,0.7725556167265762,0.7725556055065285,FISSILE,0.9999999999999998,0.0,0.015496133403645751
35,12,1,2,2,1.099252898042265,1.3464079141574048,0.3279012691093865,1.0992528932585492,1.3464079243703186,0.3433974025130322,0.9999999999999994,/fs5/p_masi/saundam1/outputs/crossing_fibers/fissile_data/10examples_2fibers_12-11-24_19-21-20.mat,2.0,0.7725556167265762,0.7725556167265762,0.7725556055065285,FISSILE,0.9999999999999998,0.0,0.015496133403645695
36,13,0,2,2,0.7913200083331536,0.0,0.8572100936470854,0.7913200054825958,6.283185306842043,0.8250461520875895,1.0000000000000002,/fs5/p_masi/saundam1/outputs/crossing_fibers/fissile_data/10examples_2fibers_12-11-24_19-21-20.mat,3.0,0.9858935451453912,0.9858935451453912,0.985893542827847,FISSILE,0.9999999999999999,0.0,0.03216394155949598
37,13,1,2,2,0.8461883716725984,1.4082232949072588,0.1427899063529145,0.8461883637533731,1.4082232997688855,0.1749538479124108,0.9999999999999996,/fs5/p_masi/saundam1/outputs/crossing_fibers/fissile_data/10examples_2fibers_12-11-24_19-21-20.mat,3.0,0.9858935451453912,0.9858935451453912,0.985893542827847,FISSILE,0.9999999999999999,0.0,0.03216394155949631
38,14,0,2,2,0.7945279363160269,3.2547552032811464,0.6702686651352537,0.794527935923625,3.2547552092083447,0.6549373066434402,0.9999999999999996,/fs5/p_masi/saundam1/outputs/crossing_fibers/fissile_data/10examples_2fibers_12-11-24_19-21-20.mat,4.0,0.8869485608356159,0.8869485608356159,0.886948539954446,FISSILE,0.999999999999998,0.0,0.015331358491813551
39,14,1,2,2,0.3459839743106534,1.5707963267948966,0.3297313348647463,0.3459839681042314,1.570796390814466,0.3450626933565595,0.9999999999999966,/fs5/p_masi/saundam1/outputs/crossing_fibers/fissile_data/10examples_2fibers_12-11-24_19-21-20.mat,4.0,0.8869485608356159,0.8869485608356159,0.886948539954446,FISSILE,0.999999999999998,2.1073424255447017e-08,0.015331358491813163
40,15,0,2,4,0.7230583212566665,4.999587118836638,0.9745803209968756,0.7230583426063053,4.99958706623204,0.9093097207526428,0.9999999999883852,/fs5/p_masi/saundam1/outputs/crossing_fibers/fissile_data/10examples_2fibers_12-11-24_19-21-20.mat,5.0,1.291572528780162,1.291572528780162,1.2915701457411504,FISSILE,0.9999999999813058,3.942476676500724e-08,0.06527060024423281
41,15,1,2,4,0.8549160872820865,2.980335988474032,0.0254196790031244,0.8549146039285407,2.9803385738864705,0.0456423380149287,0.9999999999742266,/fs5/p_masi/saundam1/outputs/crossing_fibers/fissile_data/10examples_2fibers_12-11-24_19-21-20.mat,5.0,1.291572528780162,1.291572528780162,1.2915701457411504,FISSILE,0.9999999999813058,2.4506861231123118e-06,0.0202226590118043
42,16,0,2,2,0.415180769172784,1.5707963267948966,0.8723736134334988,0.4151807634253837,1.570796318517678,0.838844314016754,0.9999999999999998,/fs5/p_masi/saundam1/outputs/crossing_fibers/fissile_data/10examples_2fibers_12-11-24_19-21-20.mat,6.0,1.475164048750728,1.475164048750728,1.4751640480976551,FISSILE,0.9999999999999996,0.0,0.03352929941674487
43,16,1,2,2,1.3778208455722298,3.3450826625006127,0.1276263865665012,1.37782083927874,3.345082671215612,0.1611556859832454,0.9999999999999992,/fs5/p_masi/saundam1/outputs/crossing_fibers/fissile_data/10examples_2fibers_12-11-24_19-21-20.mat,6.0,1.475164048750728,1.475164048750728,1.4751640480976551,FISSILE,0.9999999999999996,1.4901161193847656e-08,0.03352929941674421
44,17,0,2,2,1.121992020446222,5.99056826758017,0.4370376316982646,1.1219920162307688,5.990568266747663,0.442706893803455,0.9999999999999998,/fs5/p_masi/saundam1/outputs/crossing_fibers/fissile_data/10examples_2fibers_12-11-24_19-21-20.mat,7.0,1.350319779601997,1.350319779601997,1.350319770800552,FISSILE,0.9999999999999998,1.4901161193847656e-08,0.00566926210519042
45,17,1,2,2,0.2356194490192346,2.588018294692748,0.5629623683017353,0.2356194440869603,2.5880182973891706,0.5572931061965445,0.9999999999999998,/fs5/p_masi/saundam1/outputs/crossing_fibers/fissile_data/10examples_2fibers_12-11-24_19-21-20.mat,7.0,1.350319779601997,1.350319779601997,1.350319770800552,FISSILE,0.9999999999999998,0.0,0.005669262105190809
46,18,0,2,2,0.9629020468755256,1.4252161254581286,0.4966615248122323,0.9629020427066276,1.4252161191985102,0.4969621290124528,0.9999999999999996,/fs5/p_masi/saundam1/outputs/crossing_fibers/fissile_data/10examples_2fibers_12-11-24_19-21-20.mat,8.0,2.1311695042805416,2.1311695042805416,2.131169495738772,FISSILE,0.9999999999999993,0.0,0.00030060420022048895
47,18,1,2,2,1.174301600577341,4.450660326752962,0.5033384751877678,1.1743015943423163,4.450660337767024,0.5030378709875472,0.9999999999999992,/fs5/p_masi/saundam1/outputs/crossing_fibers/fissile_data/10examples_2fibers_12-11-24_19-21-20.mat,8.0,2.1311695042805416,2.1311695042805416,2.131169495738772,FISSILE,0.9999999999999993,2.1073424255447017e-08,0.00030060420022059997
48,19,0,2,2,0.5302740822049261,5.252060417068959,0.6214109336033774,0.5302740822912252,5.252060424296261,0.6104788413892235,0.9999999999999998,/fs5/p_masi/saundam1/outputs/crossing_fibers/fissile_data/10examples_2fibers_12-11-24_19-21-20.mat,9.0,1.857420277144225,1.857420277144225,1.8574202752394,FISSILE,0.9999999999999996,0.0,0.010932092214153921
49,19,1,2,2,1.3398487871450329,2.333192610527734,0.3785890663966225,1.339848783471864,2.333192603120399,0.3895211586107764,0.9999999999999992,/fs5/p_masi/saundam1/outputs/crossing_fibers/fissile_data/10examples_2fibers_12-11-24_19-21-20.mat,9.0,1.857420277144225,1.857420277144225,1.8574202752394,FISSILE,0.9999999999999996,0.0,0.010932092214153921
50,20,0,3,3,0.1570796326794893,5.7296109482825415,0.7070899936476072,0.1570796317134172,5.729610950022565,0.6734361683015415,1.0000000000000002,/fs5/p_masi/saundam1/outputs/crossing_fibers/fissile_data/10examples_3fibers_12-13-24_09-48-56.mat,0.0,,,,FISSILE,0.999999999999997,0.0,0.03365382534606565
51,20,1,3,3,0.7306706752622402,1.753333131152772,0.2225207144156631,0.7306706694595981,1.753333121450115,0.2324985028353826,0.9999999999999992,/fs5/p_masi/saundam1/outputs/crossing_fibers/fissile_data/10examples_3fibers_12-13-24_09-48-56.mat,0.0,,,,FISSILE,0.999999999999997,0.0,0.009977788419719497
52,20,2,3,3,1.504931796636225,2.033459442129372,0.0703892919367297,1.5049317528755195,2.033459453528721,0.0940653288630751,0.9999999999999918,/fs5/p_masi/saundam1/outputs/crossing_fibers/fissile_data/10examples_3fibers_12-13-24_09-48-56.mat,0.0,,,,FISSILE,0.999999999999997,4.712160915387243e-08,0.0236760369263454
53,21,0,3,3,0.7393803101831732,0.1808403267202152,0.5877128094222521,0.739380312080665,0.180840324872534,0.5648079483669812,0.9999999999999998,/fs5/p_masi/saundam1/outputs/crossing_fibers/fissile_data/10examples_3fibers_12-13-24_09-48-56.mat,1.0,,,,FISSILE,0.9999999999999981,0.0,0.022904861055270898
54,21,1,3,3,1.5041425884076032,4.531406993796184,0.3064923939725064,1.5041425798831192,4.531406999419128,0.3089092029893269,0.9999999999999996,/fs5/p_masi/saundam1/outputs/crossing_fibers/fissile_data/10examples_3fibers_12-13-24_09-48-56.mat,1.0,,,,FISSILE,0.9999999999999981,0.0,0.002416809016820509
55,21,2,3,3,0.1570796326794893,0.5535743588970451,0.1057947966052416,0.1570796639767282,0.553574296014555,0.1262828486436919,0.999999999999995,/fs5/p_masi/saundam1/outputs/crossing_fibers/fissile_data/10examples_3fibers_12-13-24_09-48-56.mat,1.0,,,,FISSILE,0.9999999999999981,3.332000937312528e-08,0.020488052038450305
56,22,0,3,3,0.8244283911261204,0.6494078578510246,0.4124373937373451,0.8244236670631073,0.6494213671515513,0.4052159358348614,0.9999999991531608,/fs5/p_masi/saundam1/outputs/crossing_fibers/fissile_data/10examples_3fibers_12-13-24_09-48-56.mat,2.0,,,,FISSILE,0.9999999862860828,1.098556211787079e-05,0.007221457902483741
57,22,1,3,3,0.8639379797371931,0.5535743588970453,0.0565746932404584,0.8638976239309574,0.5536587564714613,0.0815933148333167,0.9999999597051396,/fs5/p_masi/saundam1/outputs/crossing_fibers/fissile_data/10examples_3fibers_12-13-24_09-48-56.mat,2.0,,,,FISSILE,0.9999999862860828,7.580937897257797e-05,0.025018621592858295
58,22,2,3,3,0.2060243987782958,6.080146222020805,0.5309879130221966,0.2060244088119551,6.080146619464458,0.5131907493318214,0.9999999999999478,/fs5/p_masi/saundam1/outputs/crossing_fibers/fissile_data/10examples_3fibers_12-13-24_09-48-56.mat,2.0,,,,FISSILE,0.9999999862860828,8.161702118890975e-08,0.017797163690375206
59,23,0,3,3,0.596783955680229,2.713216626246939,0.4769316748671157,0.5967839460254065,2.713216719761644,0.4640020216890402,0.9999999999999792,/fs5/p_masi/saundam1/outputs/crossing_fibers/fissile_data/10examples_3fibers_12-13-24_09-48-56.mat,3.0,,,,FISSILE,0.9999999999999692,5.16191365590357e-08,0.012929653178075484
60,23,1,3,3,0.6136996820059474,3.070904409703098,0.2801847690030897,0.613699701148625,3.070904577531766,0.284970131264705,0.9999999999999294,/fs5/p_masi/saundam1/outputs/crossing_fibers/fissile_data/10examples_3fibers_12-13-24_09-48-56.mat,3.0,,,,FISSILE,0.9999999999999692,9.884312124119404e-08,0.0047853622616153
61,23,2,3,3,1.2647837345774915,6.002567704384905,0.2428835561297945,1.2647837251771863,6.002567710858361,0.2510278470462541,0.9999999999999992,/fs5/p_masi/saundam1/outputs/crossing_fibers/fissile_data/10examples_3fibers_12-13-24_09-48-56.mat,3.0,,,,FISSILE,0.9999999999999692,1.4901161193847656e-08,0.008144290916459573
62,24,0,3,3,0.5302740822049261,1.031124890110627,0.0747906064150125,0.5302740973513504,1.0311247931770748,0.0980702918327705,0.9999999999999796,/fs5/p_masi/saundam1/outputs/crossing_fibers/fissile_data/10examples_3fibers_12-13-24_09-48-56.mat,4.0,,,,FISSILE,0.9999999999999906,5.16191365590357e-08,0.02327968541775799
63,24,1,3,3,0.7325136994468908,3.080728714482858,0.7336380103694006,0.7325136922292778,3.08072871822458,0.69759374570653,1.0,/fs5/p_masi/saundam1/outputs/crossing_fibers/fissile_data/10examples_3fibers_12-13-24_09-48-56.mat,4.0,,,,FISSILE,0.9999999999999906,0.0,0.036044264662870584
64,24,2,3,3,0.4843775640349144,1.5707963267948966,0.1915713832155869,0.4843775603785326,1.570796254801045,0.204335962460699,0.9999999999999918,/fs5/p_masi/saundam1/outputs/crossing_fibers/fissile_data/10examples_3fibers_12-13-24_09-48-56.mat,4.0,,,,FISSILE,0.9999999999999906,3.650024149988857e-08,0.012764579245112095
65,25,0,3,3,0.2696609980286252,3.141592653589793,0.1492862882291112,0.2696610031829695,3.1415926690481952,0.1658582688791951,0.9999999999999994,/fs5/p_masi/saundam1/outputs/crossing_fibers/fissile_data/10examples_3fibers_12-13-24_09-48-56.mat,5.0,,,,FISSILE,0.9999999999999997,1.4901161193847656e-08,0.016571980650083917
66,25,1,3,3,0.4963124206174743,0.2542182070802538,0.2802681642629088,0.4963124273090524,0.2542182066129819,0.2850462648453173,1.0,/fs5/p_masi/saundam1/outputs/crossing_fibers/fissile_data/10examples_3fibers_12-13-24_09-48-56.mat,5.0,,,,FISSILE,0.9999999999999997,0.0,0.004778100582408518
67,25,2,3,3,1.159531427847779,3.924978844723114,0.5704455475079799,1.1595314241586825,3.924978854794849,0.5490954662754868,0.9999999999999994,/fs5/p_masi/saundam1/outputs/crossing_fibers/fissile_data/10examples_3fibers_12-13-24_09-48-56.mat,5.0,,,,FISSILE,0.9999999999999997,0.0,0.021350081232493157
68,26,0,3,3,1.0995574287564276,3.6951670124868383,0.1232237098516116,1.099557417597764,3.695166998781206,0.1421424175708339,0.9999999999999988,/fs5/p_masi/saundam1/outputs/crossing_fibers/fissile_data/10examples_3fibers_12-13-24_09-48-56.mat,6.0,,,,FISSILE,0.9999999999999991,2.1073424255447017e-08,0.0189187077192223
69,26,1,3,3,1.438663508961735,1.1306435602623657,0.3615589427752906,1.4386635032808124,1.1306435509186936,0.3590174540629236,0.9999999999999988,/fs5/p_masi/saundam1/outputs/crossing_fibers/fissile_data/10examples_3fibers_12-13-24_09-48-56.mat,6.0,,,,FISSILE,0.9999999999999991,0.0,0.0025414887123669794
70,26,2,3,3,1.0650715240358517,6.132643809047032,0.5152173473730977,1.0650715220948286,6.132643813456765,0.4988401283662423,1.0,/fs5/p_masi/saundam1/outputs/crossing_fibers/fissile_data/10examples_3fibers_12-13-24_09-48-56.mat,6.0,,,,FISSILE,0.9999999999999991,0.0,0.016377219006855348
71,27,0,3,3,0.9075958988528856,6.180104857209376,0.3334291233815897,0.9075958545139694,6.180104860569321,0.3334204117899976,0.9999999999999852,/fs5/p_masi/saundam1/outputs/crossing_fibers/fissile_data/10examples_3fibers_12-13-24_09-48-56.mat,7.0,,,,FISSILE,0.9999999999999908,4.712160915387243e-08,8.711591592103218e-06
72,27,1,3,3,0.4121937307161611,3.9926549735515335,0.25738670664098,0.4121937125699179,3.992655024524266,0.2642251051466402,0.999999999999996,/fs5/p_masi/saundam1/outputs/crossing_fibers/fissile_data/10examples_3fibers_12-13-24_09-48-56.mat,7.0,,,,FISSILE,0.9999999999999908,2.9802322387695312e-08,0.006838398505660204
73,27,2,3,3,1.4884608659363203,6.14926190121149,0.4091841699774302,1.4884608279568792,6.1492619055297855,0.4023544830633621,0.999999999999991,/fs5/p_masi/saundam1/outputs/crossing_fibers/fissile_data/10examples_3fibers_12-13-24_09-48-56.mat,7.0,,,,FISSILE,0.9999999999999908,3.650024149988857e-08,0.0068296869140681005
74,28,0,3,3,1.4901359072535174,0.7913200083331535,0.7956857486175564,1.4901358979772783,0.7913200037065793,0.7540545746272943,0.9999999999999992,/fs5/p_masi/saundam1/outputs/crossing_fibers/fissile_data/10examples_3fibers_12-13-24_09-48-56.mat,8.0,,,,FISSILE,0.9999999999970234,0.0,0.04163117399026206
75,28,1,3,3,1.3361950835851348,2.866547017167452,0.1360512935062059,1.336194737832918,2.8665466286053776,0.153815334711376,0.9999999999981058,/fs5/p_masi/saundam1/outputs/crossing_fibers/fissile_data/10examples_3fibers_12-13-24_09-48-56.mat,8.0,,,,FISSILE,0.9999999999970234,5.123053025505326e-07,0.01776404120517011
76,28,2,3,3,1.0995574287564276,2.588018294692748,0.0682629578762377,1.0995567788754586,2.588017456787791,0.0921300906613287,0.9999999999929652,/fs5/p_masi/saundam1/outputs/crossing_fibers/fissile_data/10examples_3fibers_12-13-24_09-48-56.mat,8.0,,,,FISSILE,0.9999999999970234,9.897781554112609e-07,0.02386713278509099
77,29,0,3,3,0.6879088400125204,0.8723246803656531,0.7323960009706056,0.6879088347696588,0.8723246760964835,0.6964635696445097,0.9999999999999998,/fs5/p_masi/saundam1/outputs/crossing_fibers/fissile_data/10examples_3fibers_12-13-24_09-48-56.mat,9.0,,,,FISSILE,0.9999999999999974,0.0,0.035932431326095915
78,29,1,3,3,0.4374572130300908,3.834553126530603,0.1574762809468189,0.4374572047228571,3.834553161714357,0.1733108103771376,0.999999999999998,/fs5/p_masi/saundam1/outputs/crossing_fibers/fissile_data/10examples_3fibers_12-13-24_09-48-56.mat,9.0,,,,FISSILE,0.9999999999999974,1.4901161193847656e-08,0.01583452943031871
79,29,2,3,3,1.1347449594739398,0.145866249107045,0.1101277180825754,1.1347449477072309,0.1458662325819178,0.1302256199783526,0.9999999999999948,/fs5/p_masi/saundam1/outputs/crossing_fibers/fissile_data/10examples_3fibers_12-13-24_09-48-56.mat,9.0,,,,FISSILE,0.9999999999999974,2.1073424255447017e-08,0.020097901895777204
80,30,0,2,3,1.0284796779533267,3.5576322586616564,0.8783177090711319,1.0284796341625877,3.557632496191603,0.8292465028031457,0.999999999999708,/fs5/p_masi/saundam1/outputs/crossing_fibers/fissile_data/10examples_2fibers_12-10-24_19-32-10.mat,0.0,1.7119047756015364,1.7119047756015364,1.711904004189919,FISSILE,0.9999999999975132,2.080833918417836e-07,0.04907120626798622
81,30,1,2,3,0.9709534166726016,1.3294628974238296,0.1216822909288681,0.9709524280148748,1.329463166918583,0.140739812435464,0.9999999999953184,/fs5/p_masi/saundam1/outputs/crossing_fibers/fissile_data/10examples_2fibers_12-10-24_19-32-10.mat,0.0,1.7119047756015364,1.7119047756015364,1.711904004189919,FISSILE,0.9999999999975132,1.013278961181684e-06,0.019057521506595884
82,31,0,2,2,0.7068583470577035,3.6951670124868383,0.9004195021812694,0.7068583403323143,3.695167019263334,0.864364899792081,0.9999999999999996,/fs5/p_masi/saundam1/outputs/crossing_fibers/fissile_data/10examples_2fibers_12-10-24_19-32-10.mat,1.0,1.447410827724507,1.447410827724507,1.447410842322315,FISSILE,0.9999999999999811,0.0,0.03605460238918845
83,31,1,2,2,0.7554566973856532,0.2949905558187918,0.0995804978187305,0.755456711291076,0.2949906280340819,0.1356351002079188,0.9999999999999628,/fs5/p_masi/saundam1/outputs/crossing_fibers/fissile_data/10examples_2fibers_12-10-24_19-32-10.mat,1.0,1.447410827724507,1.447410827724507,1.447410842322315,FISSILE,0.9999999999999811,5.16191365590357e-08,0.0360546023891883
84,32,0,2,2,0.9862044770939484,0.1280498948376996,0.5316447942823306,0.9862044780122304,0.1280498930025239,0.5287954321249262,1.0,/fs5/p_masi/saundam1/outputs/crossing_fibers/fissile_data/10examples_2fibers_12-10-24_19-32-10.mat,2.0,2.2155073974256823,2.2155073974256823,2.2155073961656413,FISSILE,1.0,1.4901161193847656e-08,0.0028493621574043893
85,32,1,2,2,1.292525139547906,3.622118569966682,0.4683552057176695,1.2925251378511309,3.622118569611279,0.4712045678750738,1.0,/fs5/p_masi/saundam1/outputs/crossing_fibers/fissile_data/10examples_2fibers_12-10-24_19-32-10.mat,2.0,2.2155073974256823,2.2155073974256823,2.2155073961656413,FISSILE,1.0,0.0,0.0028493621574043337
86,33,0,2,2,1.370120940878604,3.875047233349393,0.5992860994226329,1.3701209379977384,3.875047239061797,0.5903461722786497,0.9999999999999996,/fs5/p_masi/saundam1/outputs/crossing_fibers/fissile_data/10examples_2fibers_12-10-24_19-32-10.mat,3.0,1.4915468214885732,1.4915468214885732,1.4915468148095008,FISSILE,0.9999999999999996,0.0,0.008939927143983173
87,33,1,2,2,0.3926990816987242,5.7296109482825415,0.4007139005773671,0.3926990894838461,5.72961093578531,0.4096538277213504,0.9999999999999996,/fs5/p_masi/saundam1/outputs/crossing_fibers/fissile_data/10examples_2fibers_12-10-24_19-32-10.mat,3.0,1.4915468214885732,1.4915468214885732,1.4915468148095008,FISSILE,0.9999999999999996,0.0,0.008939927143983284
88,34,0,2,2,1.239928899842257,1.203961801891077,0.7451931601196737,1.2399288987994894,1.2039617965492426,0.7231154557812547,0.9999999999999998,/fs5/p_masi/saundam1/outputs/crossing_fibers/fissile_data/10examples_2fibers_12-10-24_19-32-10.mat,4.0,1.6121081188417516,1.6121081188417516,1.6121081293777717,FISSILE,0.9999999999999991,0.0,0.022077704338419046
89,34,1,2,2,0.5731851741674984,3.434209693189209,0.2548068398803264,0.5731851770034462,3.434209711500348,0.2768845442187449,0.9999999999999984,/fs5/p_masi/saundam1/outputs/crossing_fibers/fissile_data/10examples_2fibers_12-10-24_19-32-10.mat,4.0,1.6121081188417516,1.6121081188417516,1.6121081293777717,FISSILE,0.9999999999999991,0.0,0.022077704338418547
90,35,0,2,2,1.099252898042265,4.488000567747198,0.2780516328018415,1.0992529044636878,4.488000561561499,0.2980363384703395,0.9999999999999992,/fs5/p_masi/saundam1/outputs/crossing_fibers/fissile_data/10examples_2fibers_12-10-24_19-32-10.mat,5.0,2.415995747490231,2.415995747490231,2.4159957489813086,FISSILE,0.9999999999999993,0.0,0.019984705668498026
91,35,1,2,2,1.3973969734676213,1.0036933717842116,0.7219483671981585,1.397396967876612,1.003693367658194,0.7019636615296607,0.9999999999999996,/fs5/p_masi/saundam1/outputs/crossing_fibers/fissile_data/10examples_2fibers_12-10-24_19-32-10.mat,5.0,2.415995747490231,2.415995747490231,2.4159957489813086,FISSILE,0.9999999999999993,1.4901161193847656e-08,0.01998470566849775
92,36,0,2,2,0.6597098339801856,1.8137008756188568,0.0500669935471376,0.6597096448831211,1.813700605553244,0.0905798677867744,0.9999999999995164,/fs5/p_masi/saundam1/outputs/crossing_fibers/fissile_data/10examples_2fibers_12-10-24_19-32-10.mat,6.0,0.7270595194702361,0.7270595194702361,0.7270597619887681,FISSILE,0.9999999999997572,2.511188320272082e-07,0.0405128742396368
93,36,1,2,2,1.270289255270878,2.315543363373318,0.9499330064528624,1.2702892526001155,2.3155433488642143,0.909420132213226,0.999999999999998,/fs5/p_masi/saundam1/outputs/crossing_fibers/fissile_data/10examples_2fibers_12-10-24_19-32-10.mat,6.0,0.7270595194702361,0.7270595194702361,0.7270597619887681,FISSILE,0.9999999999997572,2.1073424255447017e-08,0.04051287423963634
94,37,0,2,2,1.1960598466472434,2.071802677796301,0.6413184461505108,1.1960598398800115,2.071802664572105,0.6285938125780598,0.9999999999999988,/fs5/p_masi/saundam1/outputs/crossing_fibers/fissile_data/10examples_2fibers_12-10-24_19-32-10.mat,7.0,0.6698227833676149,0.6698227833676149,0.6698227720359441,FISSILE,0.999999999999997,2.1073424255447017e-08,0.012724633572451016
95,37,1,2,2,1.2247205764024218,2.7889934612189364,0.3586815538494892,1.2247205735654978,2.788993436953189,0.3714061874219403,0.9999999999999952,/fs5/p_masi/saundam1/outputs/crossing_fibers/fissile_data/10examples_2fibers_12-10-24_19-32-10.mat,7.0,0.6698227833676149,0.6698227833676149,0.6698227720359441,FISSILE,0.999999999999997,2.5809568279517847e-08,0.012724633572451127
96,38,0,2,2,0.8549160872820865,2.980335988474032,0.7452479361724618,0.8549160845202882,2.9803359776549843,0.7231652976502768,0.9999999999999992,/fs5/p_masi/saundam1/outputs/crossing_fibers/fissile_data/10examples_2fibers_12-10-24_19-32-10.mat,8.0,1.1215714563531594,1.1215714563531594,1.1215714255995917,FISSILE,0.999999999999996,0.0,0.02208263852218495
97,38,1,2,2,0.4696163886401666,0.951565984027162,0.2547520638275383,0.4696163871679826,0.9515660535510608,0.276834702349723,0.9999999999999928,/fs5/p_masi/saundam1/outputs/crossing_fibers/fissile_data/10examples_2fibers_12-10-24_19-32-10.mat,8.0,1.1215714563531594,1.1215714563531594,1.1215714255995917,FISSILE,0.999999999999996,2.9802322387695312e-08,0.022082638522184728
98,39,0,2,2,1.2247205764024218,5.9305861148087295,0.6741785103432129,1.2247205664237806,5.9305861137049165,0.6584951103334384,0.9999999999999996,/fs5/p_masi/saundam1/outputs/crossing_fibers/fissile_data/10examples_2fibers_12-10-24_19-32-10.mat,9.0,2.104135497447257,2.104135497447257,2.1041354757429884,FISSILE,0.9999999999999984,0.0,0.015683400009774418
99,39,1,2,2,0.9862044770939484,3.269642548427493,0.3258214896567871,0.9862044716541504,3.269642566522742,0.3415048896665614,0.9999999999999972,/fs5/p_masi/saundam1/outputs/crossing_fibers/fissile_data/10examples_2fibers_12-10-24_19-32-10.mat,9.0,2.104135497447257,2.104135497447257,2.1041354757429884,FISSILE,0.9999999999999984,1.4901161193847656e-08,0.015683400009774306
100,40,0,2,6,0.7454330299814531,2.6748570832196337,0.9606279043096146,1.0234332831713142,3.72031009106427,0.9032769660599548,-0.014019836274378,/fs5/p_masi/saundam1/outputs/crossing_fibers/fissile_data/10examples_2fibers_12-17-24_23-54-13.mat,0.0,1.5201000836611005,1.5201000836611005,0.5684064907933924,FISSILE,-0.1019179162334562,0.8326946088537591,0.057350938249659866
101,40,1,2,6,0.9709534166726016,4.953722409755756,0.0393720956903853,0.5282629860463974,4.138722909048912,0.3044396379036952,-0.1898159961925344,/fs5/p_masi/saundam1/outputs/crossing_fibers/fissile_data/10examples_2fibers_12-17-24_23-54-13.mat,0.0,1.5201000836611005,1.5201000836611005,0.5684064907933924,FISSILE,-0.1019179162334562,0.6873806211978345,0.2650675422133099
102,41,0,2,2,1.239928899842257,1.203961801891077,0.6619710606510447,1.2399288937165254,1.2039617935016662,0.6473868441080196,0.9999999999999992,/fs5/p_masi/saundam1/outputs/crossing_fibers/fissile_data/10examples_2fibers_12-17-24_23-54-13.mat,1.0,1.4246556804584205,1.4246556804584205,1.4246556810344009,FISSILE,0.9999999999999996,0.0,0.014584216543025108
103,41,1,2,2,1.2580641470514884,2.7239814756363443,0.3380289393489553,1.258064146131595,2.7239814700585883,0.3526131558919804,0.9999999999999998,/fs5/p_masi/saundam1/outputs/crossing_fibers/fissile_data/10examples_2fibers_12-17-24_23-54-13.mat,1.0,1.4246556804584205,1.4246556804584205,1.4246556810344009,FISSILE,0.9999999999999996,0.0,0.014584216543025108
104,42,0,2,2,1.4392165982792575,1.06023652733314,0.8767819432682962,1.4392165908069838,1.0602365260231417,0.8428556935168318,0.9999999999999996,/fs5/p_masi/saundam1/outputs/crossing_fibers/fissile_data/10examples_2fibers_12-17-24_23-54-13.mat,2.0,2.1178290008160108,2.1178290008160108,2.1178290364417336,FISSILE,0.9999999999999933,1.4901161193847656e-08,0.03392624975146441
105,42,1,2,2,0.710653991576535,3.911338330695711,0.1232180567317038,0.7106540258928166,3.911338378043905,0.157144306483169,0.9999999999999872,/fs5/p_masi/saundam1/outputs/crossing_fibers/fissile_data/10examples_2fibers_12-17-24_23-54-13.mat,2.0,2.1178290008160108,2.1178290008160108,2.1178290364417336,FISSILE,0.9999999999999933,4.712160915387243e-08,0.03392624975146519
106,43,0,2,2,1.1092143952034603,6.2096091561357385,0.5691536939578323,1.1092143876046376,6.209609160524991,0.5629269577824393,0.9999999999999998,/fs5/p_masi/saundam1/outputs/crossing_fibers/fissile_data/10examples_2fibers_12-17-24_23-54-13.mat,3.0,0.9120257256972956,0.9120257256972956,0.9120257203423584,FISSILE,0.9999999999999999,0.0,0.006226736175393044
107,43,1,2,2,0.9462667588251144,0.9917106602497208,0.4308463060421676,0.946266755051634,0.991710662783722,0.4370730422175606,1.0,/fs5/p_masi/saundam1/outputs/crossing_fibers/fissile_data/10examples_2fibers_12-17-24_23-54-13.mat,3.0,0.9120257256972956,0.9120257256972956,0.9120257203423584,FISSILE,0.9999999999999999,0.0,0.006226736175392988
108,44,0,2,2,0.9855339610713372,2.5036269748657656,0.5331324960225077,0.9855339609954672,2.503626966845532,0.5301491738948425,0.9999999999999996,/fs5/p_masi/saundam1/outputs/crossing_fibers/fissile_data/10examples_2fibers_12-17-24_23-54-13.mat,4.0,1.4709662108234964,1.4709662108234964,1.470966209538584,FISSILE,0.9999999999999997,0.0,0.0029833221276651667
109,44,1,2,2,0.9827457074079812,4.377181595330073,0.4668675039774923,0.9827457015683334,4.3771815907178695,0.4698508261051571,0.9999999999999998,/fs5/p_masi/saundam1/outputs/crossing_fibers/fissile_data/10examples_2fibers_12-17-24_23-54-13.mat,4.0,1.4709662108234964,1.4709662108234964,1.470966209538584,FISSILE,0.9999999999999997,0.0,0.002983322127664778
110,45,0,2,2,0.5445954995813839,2.242790450362949,0.7338558729891278,0.5445954844254469,2.242790452931968,0.7127990669566221,0.9999999999999984,/fs5/p_masi/saundam1/outputs/crossing_fibers/fissile_data/10examples_2fibers_12-17-24_23-54-13.mat,5.0,0.3316398574588162,0.3316398574588162,0.3316398862083115,FISSILE,0.9999999999999927,2.1073424255447017e-08,0.021056806032505704
111,45,1,2,2,0.2356194490192346,2.588018294692748,0.2661441270108723,0.2356194152315548,2.588018416443598,0.2872009330433772,0.9999999999999868,/fs5/p_masi/saundam1/outputs/crossing_fibers/fissile_data/10examples_2fibers_12-17-24_23-54-13.mat,5.0,0.3316398574588162,0.3316398574588162,0.3316398862083115,FISSILE,0.9999999999999927,4.4703483581542975e-08,0.02105680603250487
112,46,0,2,2,0.2356194490192346,5.7296109482825415,0.5752079139334946,0.2356194438731982,5.729610953640411,0.5684360308264749,1.0,/fs5/p_masi/saundam1/outputs/crossing_fibers/fissile_data/10examples_2fibers_12-17-24_23-54-13.mat,6.0,0.765043944237197,0.765043944237197,0.7650439463757329,FISSILE,1.0,0.0,0.006771883107019705
113,46,1,2,2,0.9942771800214104,5.942254670483808,0.4247920860665054,0.9942771774408562,5.9422546714365225,0.4315639691735245,1.0,/fs5/p_masi/saundam1/outputs/crossing_fibers/fissile_data/10examples_2fibers_12-17-24_23-54-13.mat,6.0,0.765043944237197,0.765043944237197,0.7650439463757329,FISSILE,1.0,0.0,0.006771883107019094
114,47,0,2,2,0.6879088400125204,4.013917333955446,0.6820471079089545,0.687908831050093,4.013917339548886,0.6656552203237039,0.9999999999999996,/fs5/p_masi/saundam1/outputs/crossing_fibers/fissile_data/10examples_2fibers_12-17-24_23-54-13.mat,7.0,0.6444610312955071,0.6444610312955071,0.6444610277874523,FISSILE,0.9999999999999991,0.0,0.016391887585250564
115,47,1,2,2,0.2599898112942928,5.255217676728712,0.3179528920910456,0.2599898056606392,5.255217700556695,0.3343447796762956,0.9999999999999988,/fs5/p_masi/saundam1/outputs/crossing_fibers/fissile_data/10examples_2fibers_12-17-24_23-54-13.mat,7.0,0.6444610312955071,0.6444610312955071,0.6444610277874523,FISSILE,0.9999999999999991,0.0,0.01639188758525001
116,48,0,2,2,0.9827457074079812,4.377181595330073,0.1012489731377441,0.9827456965300904,4.377181617811212,0.1371533572047402,0.9999999999999954,/fs5/p_masi/saundam1/outputs/crossing_fibers/fissile_data/10examples_2fibers_12-17-24_23-54-13.mat,8.0,0.7102795235996127,0.7102795235996127,0.7102795113092261,FISSILE,0.9999999999999978,1.4901161193847656e-08,0.0359043840669961
117,48,1,2,2,0.3915868316834593,5.064583619065562,0.8987510268622558,0.3915868299807492,5.064583631224094,0.8628466427952592,1.0,/fs5/p_masi/saundam1/outputs/crossing_fibers/fissile_data/10examples_2fibers_12-17-24_23-54-13.mat,8.0,0.7102795235996127,0.7102795235996127,0.7102795113092261,FISSILE,0.9999999999999978,0.0,0.035904384066996586
118,49,0,2,2,0.5968506219704491,1.761426315514009,0.3724240493976365,0.5968506161385183,1.7614263252836144,0.3839112549764218,0.9999999999999996,/fs5/p_masi/saundam1/outputs/crossing_fibers/fissile_data/10examples_2fibers_12-17-24_23-54-13.mat,9.0,1.8774328273304903,1.8774328273304903,1.877432813910081,FISSILE,0.9999999999999997,0.0,0.011487205578785298
119,49,1,2,2,1.302054701729482,4.6277525812895455,0.6275759506023635,1.3020546942744018,4.6277525881180255,0.6160887450235781,0.9999999999999998,/fs5/p_masi/saundam1/outputs/crossing_fibers/fissile_data/10examples_2fibers_12-17-24_23-54-13.mat,9.0,1.8774328273304903,1.8774328273304903,1.877432813910081,FISSILE,0.9999999999999997,1.4901161193847656e-08,0.011487205578785353
120,50,0,2,2,1.4090860572887882,2.730788877590166,0.6199056615404841,1.4090860484069383,2.7307888675725485,0.6091091646349557,0.999999999999998,/fs5/p_masi/saundam1/outputs/crossing_fibers/fissile_data/10examples_2fibers_12-10-24_03-01-31.mat,0.0,0.3018444387106284,0.3018444387106284,0.3018444635787217,FISSILE,0.9999999999999938,0.0,0.010796496905528419
121,50,1,2,2,1.10741320071945,2.720040871514327,0.3800943384595159,1.107413166982064,2.720040860575786,0.3908908353650447,0.9999999999999896,/fs5/p_masi/saundam1/outputs/crossing_fibers/fissile_data/10examples_2fibers_12-10-24_03-01-31.mat,0.0,0.3018444387106284,0.3018444387106284,0.3018444635787217,FISSILE,0.9999999999999938,3.650024149988857e-08,0.010796496905528807
122,51,0,2,2,1.489620912525912,4.04660486637845,0.484230983863348,1.4896209165452026,4.046604876897542,0.4856508661803078,0.999999999999999,/fs5/p_masi/saundam1/outputs/crossing_fibers/fissile_data/10examples_2fibers_12-10-24_03-01-31.mat,1.0,1.918820133903202,1.918820133903202,1.9188201437844852,FISSILE,0.9999999999999993,0.0,0.0014198823169597752
123,51,1,2,2,0.9854914845953652,1.9928323127480445,0.515769016136652,0.9854914832548612,1.992832313232788,0.5143491338196922,0.9999999999999998,/fs5/p_masi/saundam1/outputs/crossing_fibers/fissile_data/10examples_2fibers_12-10-24_03-01-31.mat,1.0,1.918820133903202,1.918820133903202,1.9188201437844852,FISSILE,0.9999999999999993,0.0,0.0014198823169598862
124,52,0,2,2,0.7454330299814531,0.4667355703701595,0.6201109134380995,0.7454330310316972,0.4667355695694362,0.609295870265916,0.9999999999999998,/fs5/p_masi/saundam1/outputs/crossing_fibers/fissile_data/10examples_2fibers_12-10-24_03-01-31.mat,2.0,0.7167345518092549,0.7167345518092549,0.7167345455993087,FISSILE,0.9999999999999996,0.0,0.010815043172183514
125,52,1,2,2,0.3977915168199541,1.7419749502389916,0.3798890865619004,0.3977915108772343,1.7419749333660877,0.3907041297340835,0.9999999999999992,/fs5/p_masi/saundam1/outputs/crossing_fibers/fissile_data/10examples_2fibers_12-10-24_03-01-31.mat,2.0,0.7167345518092549,0.7167345518092549,0.7167345455993087,FISSILE,0.9999999999999996,1.4901161193847656e-08,0.010815043172183125
126,53,0,2,2,1.504705815310903,1.893857327977706,0.6764203982704537,1.5047058079808893,1.8938573120037163,0.6605351602710942,0.9999999999999976,/fs5/p_masi/saundam1/outputs/crossing_fibers/fissile_data/10examples_2fibers_12-10-24_03-01-31.mat,3.0,2.4941321836159074,2.4941321836159074,2.4941321763318123,FISSILE,0.9999999999999971,1.4901161193847656e-08,0.01588523799935959
127,53,1,2,2,1.3703628849767873,4.442220813477899,0.3235796017295462,1.3703628661808958,4.442220800739037,0.3394648397289062,0.9999999999999968,/fs5/p_masi/saundam1/outputs/crossing_fibers/fissile_data/10examples_2fibers_12-10-24_03-01-31.mat,3.0,2.4941321836159074,2.4941321836159074,2.4941321763318123,FISSILE,0.9999999999999971,2.5809568279517847e-08,0.01588523799935998
128,54,0,2,2,1.3690630256258698,1.6129135399536905,0.9706472557542328,1.3690630220106257,1.6129135341981116,0.9282691784520885,0.9999999999999998,/fs5/p_masi/saundam1/outputs/crossing_fibers/fissile_data/10examples_2fibers_12-10-24_03-01-31.mat,4.0,2.118324012153689,2.118324012153689,2.118324154602377,FISSILE,0.9999999999998785,0.0,0.04237807730214438
129,54,1,2,2,1.2935515516839633,5.668422285760532,0.0293527442457671,1.2935515482506683,5.6684221135067645,0.0717308215479117,0.9999999999997572,/fs5/p_masi/saundam1/outputs/crossing_fibers/fissile_data/10examples_2fibers_12-10-24_03-01-31.mat,4.0,2.118324012153689,2.118324012153689,2.118324154602377,FISSILE,0.9999999999998785,1.6526187220825896e-07,0.0423780773021446
130,55,0,2,2,1.0316828148520372,2.4240792854604982,0.0487484898269144,1.031682663389093,2.424079395269753,0.089380102554893,0.9999999999998448,/fs5/p_masi/saundam1/outputs/crossing_fibers/fissile_data/10examples_2fibers_12-10-24_03-01-31.mat,5.0,0.4987285794096436,0.4987285794096436,0.4987287589493105,FISSILE,0.9999999999999216,1.788139343261721e-07,0.0406316127279786
131,55,1,2,2,1.464099989678202,2.159177610534392,0.9512515101730856,1.4640999851470744,2.159177599428866,0.9106198974451072,0.9999999999999984,/fs5/p_masi/saundam1/outputs/crossing_fibers/fissile_data/10examples_2fibers_12-10-24_03-01-31.mat,5.0,0.4987285794096436,0.4987285794096436,0.4987287589493105,FISSILE,0.9999999999999216,1.4901161193847656e-08,0.04063161272797844
132,56,0,2,2,1.4090860572887882,2.730788877590166,0.1336224496400849,1.4090860384576216,2.7307888858898064,0.1666118451577909,0.999999999999998,/fs5/p_masi/saundam1/outputs/crossing_fibers/fissile_data/10examples_2fibers_12-10-24_03-01-31.mat,6.0,1.6917000633306758,1.6917000633306758,1.6917000481155369,FISSILE,0.9999999999999987,2.1073424255447017e-08,0.032989395517705994
133,56,1,2,2,0.5358248173746077,4.841545141163077,0.866377550359915,0.5358248170178559,4.841545153760247,0.8333881548422089,0.9999999999999994,/fs5/p_masi/saundam1/outputs/crossing_fibers/fissile_data/10examples_2fibers_12-10-24_03-01-31.mat,6.0,1.6917000633306758,1.6917000633306758,1.6917000481155369,FISSILE,0.9999999999999987,0.0,0.03298939551770619
134,57,0,2,2,0.839946846723819,4.657732912409861,0.5350730263392289,0.8399468393405773,4.657732910119405,0.5319149771630745,0.9999999999999998,/fs5/p_masi/saundam1/outputs/crossing_fibers/fissile_data/10examples_2fibers_12-10-24_03-01-31.mat,7.0,2.342346446721228,2.342346446721228,2.3423464302713084,FISSILE,0.9999999999999997,0.0,0.003158049176154476
135,57,1,2,2,1.504037367841464,1.4599379695318893,0.464926973660771,1.504037358796385,1.4599379662175098,0.4680850228369254,0.9999999999999996,/fs5/p_masi/saundam1/outputs/crossing_fibers/fissile_data/10examples_2fibers_12-10-24_03-01-31.mat,7.0,2.342346446721228,2.342346446721228,2.3423464302713084,FISSILE,0.9999999999999997,0.0,0.003158049176154365
136,58,0,2,2,0.518558571013457,3.553056078539199,0.8225676288862362,0.5185585670484834,3.553056083635064,0.7935229530954396,1.0,/fs5/p_masi/saundam1/outputs/crossing_fibers/fissile_data/10examples_2fibers_12-10-24_03-01-31.mat,8.0,0.4718200374678366,0.4718200374678366,0.4718200251815548,FISSILE,0.9999999999999925,1.4901161193847656e-08,0.029044675790796615
137,58,1,2,2,0.7554566973856532,2.8466020977710014,0.1774323711137637,0.7554566567547338,2.8466020707052486,0.2064770469045598,0.9999999999999848,/fs5/p_masi/saundam1/outputs/crossing_fibers/fissile_data/10examples_2fibers_12-10-24_03-01-31.mat,8.0,0.4718200374678366,0.4718200374678366,0.4718200251815548,FISSILE,0.9999999999999925,4.2146848510894035e-08,0.029044675790796115
138,59,0,2,2,1.1059790613838336,2.1950765316475818,0.5852598535712447,1.105979062217988,2.195076520834263,0.5775828708826573,0.9999999999999992,/fs5/p_masi/saundam1/outputs/crossing_fibers/fissile_data/10examples_2fibers_12-10-24_03-01-31.mat,9.0,2.627262175887432,2.627262175887432,2.627262182598522,FISSILE,0.9999999999999996,1.4901161193847656e-08,0.007676982688587408
139,59,1,2,2,1.530143024525423,5.435113046780901,0.4147401464287554,1.5301430319218154,5.435113043722291,0.4224171291173429,0.9999999999999998,/fs5/p_masi/saundam1/outputs/crossing_fibers/fissile_data/10examples_2fibers_12-10-24_03-01-31.mat,9.0,2.627262175887432,2.627262175887432,2.627262182598522,FISSILE,0.9999999999999996,0.0,0.007676982688587519
140,60,0,2,3,1.504931796636225,1.1081332114604217,0.0193650099867691,1.504925469444669,1.1081351719832584,0.0476351361796056,0.999999999858646,/fs5/p_masi/saundam1/outputs/crossing_fibers/fissile_data/10examples_2fibers_12-11-24_21-04-47.mat,0.0,2.009515857636943,2.009515857636943,2.009510014633095,FISSILE,0.9999999999283031,6.622707057268713e-06,0.028270126192836503
141,60,1,2,3,0.5358248173746077,4.583232819606303,0.9806349900132308,0.5358248320236498,4.583232816318079,0.9223568944486664,0.9999999999979602,/fs5/p_masi/saundam1/outputs/crossing_fibers/fissile_data/10examples_2fibers_12-11-24_21-04-47.mat,0.0,2.009515857636943,2.009515857636943,2.009510014633095,FISSILE,0.9999999999283031,1.4901161193847656e-08,0.058278095564564425
142,61,0,2,2,1.0650715240358517,0.1505414981325543,0.120612979382507,1.0650715147985943,0.1505414794222483,0.1547737806106427,0.9999999999999946,/fs5/p_masi/saundam1/outputs/crossing_fibers/fissile_data/10examples_2fibers_12-11-24_21-04-47.mat,1.0,1.896141265001092,1.896141265001092,1.8961412625144485,FISSILE,0.9999999999999973,2.5809568279517847e-08,0.03416080122813571
143,61,1,2,2,0.9475287768595078,2.733632878335172,0.8793870206174929,0.9475287755807904,2.733632876889525,0.8452262193893567,1.0,/fs5/p_masi/saundam1/outputs/crossing_fibers/fissile_data/10examples_2fibers_12-11-24_21-04-47.mat,1.0,1.896141265001092,1.896141265001092,1.8961412625144485,FISSILE,0.9999999999999973,0.0,0.03416080122813614
144,62,0,2,2,0.4712388980384689,3.6951670124868383,0.9793266994095332,0.4712388914937385,3.695167001677625,0.9361671060907027,0.9999999999999994,/fs5/p_masi/saundam1/outputs/crossing_fibers/fissile_data/10examples_2fibers_12-11-24_21-04-47.mat,2.0,0.6479225736092334,0.6479225736092334,0.6479224417753047,FISSILE,0.9999999999997276,0.0,0.04315959331883046
145,62,1,2,2,1.1107859897790626,3.852536953184168,0.0206733005904669,1.1107858670335145,3.852536787980143,0.0638328939092964,0.9999999999994555,/fs5/p_masi/saundam1/outputs/crossing_fibers/fissile_data/10examples_2fibers_12-11-24_21-04-47.mat,2.0,0.6479225736092334,0.6479225736092334,0.6479224417753047,FISSILE,0.9999999999997276,1.92565440883042e-07,0.0431595933188295
146,63,0,2,2,1.179138191092768,6.211729975188109,0.3040107584350331,1.1791382072197505,6.211729975572516,0.3216580488951194,0.9999999999999992,/fs5/p_masi/saundam1/outputs/crossing_fibers/fissile_data/10examples_2fibers_12-11-24_21-04-47.mat,3.0,2.097194086790488,2.097194086790488,2.097194097626768,FISSILE,0.9999999999999993,1.4901161193847656e-08,0.017647290460086285
147,63,1,2,2,1.0284796779533267,3.5576322586616564,0.6959892415649669,1.028479678409022,3.557632268008451,0.6783419511048807,0.9999999999999996,/fs5/p_masi/saundam1/outputs/crossing_fibers/fissile_data/10examples_2fibers_12-11-24_21-04-47.mat,3.0,2.097194086790488,2.097194086790488,2.097194097626768,FISSILE,0.9999999999999993,0.0,0.017647290460086174
148,64,0,2,2,0.6384575817471045,0.7717086428149722,0.736483463422085,0.6384575777018223,0.7717086339427511,0.7151899971142279,0.9999999999999998,/fs5/p_masi/saundam1/outputs/crossing_fibers/fissile_data/10examples_2fibers_12-11-24_21-04-47.mat,4.0,1.6074261301086523,1.6074261301086523,1.607426122555505,FISSILE,0.9999999999999997,0.0,0.021293466307857112
149,64,1,2,2,1.2392241521600331,4.926806427142268,0.2635165365779149,1.2392241520703338,4.926806428853764,0.2848100028857717,0.9999999999999996,/fs5/p_masi/saundam1/outputs/crossing_fibers/fissile_data/10examples_2fibers_12-11-24_21-04-47.mat,4.0,1.6074261301086523,1.6074261301086523,1.607426122555505,FISSILE,0.9999999999999997,0.0,0.02129346630785678
150,65,0,2,2,1.5047599827546627,1.963356762881657,0.6999070360112634,1.5047599701161485,1.963356752405069,0.681906982082726,0.9999999999999982,/fs5/p_masi/saundam1/outputs/crossing_fibers/fissile_data/10examples_2fibers_12-11-24_21-04-47.mat,5.0,1.6989837691299692,1.6989837691299692,1.6989837559751098,FISSILE,0.9999999999999989,1.4901161193847656e-08,0.01800005392853732
151,65,1,2,2,0.6136996820059474,0.0706882438866952,0.3000929639887367,0.6136996781419689,0.0706882360540219,0.318093017917274,0.9999999999999994,/fs5/p_masi/saundam1/outputs/crossing_fibers/fissile_data/10examples_2fibers_12-11-24_21-04-47.mat,5.0,1.6989837691299692,1.6989837691299692,1.6989837559751098,FISSILE,0.9999999999999989,0.0,0.01800005392853732
152,66,0,2,2,1.3011353287662717,4.71238898038469,0.6276925055613184,1.3011353239971395,4.71238898266251,0.616194799661438,1.0,/fs5/p_masi/saundam1/outputs/crossing_fibers/fissile_data/10examples_2fibers_12-11-24_21-04-47.mat,6.0,2.362024354861295,2.362024354861295,2.36202435801396,FISSILE,0.9999999999999996,0.0,0.011497705899880417
153,66,1,2,2,1.1770900850324717,1.9889878054186567,0.3723074944386817,1.1770900933327275,1.988987807128744,0.3838052003385619,0.9999999999999992,/fs5/p_masi/saundam1/outputs/crossing_fibers/fissile_data/10examples_2fibers_12-11-24_21-04-47.mat,6.0,2.362024354861295,2.362024354861295,2.36202435801396,FISSILE,0.9999999999999996,0.0,0.011497705899880195
154,67,0,2,2,1.159531427847779,3.924978844723114,0.0612384298278063,1.159525439439529,3.924982537539812,0.100749122494759,0.9999999996678024,/fs5/p_masi/saundam1/outputs/crossing_fibers/fissile_data/10examples_2fibers_12-11-24_21-04-47.mat,7.0,0.2138815187562044,0.2138815187562044,0.2138751052074587,FISSILE,0.9999999998331649,6.878851175024101e-06,0.039510692666952694
155,67,1,2,2,0.9712666799191974,4.041324246467856,0.9387615701721936,0.9712662811929584,4.04132451953323,0.899250877505241,0.9999999999985274,/fs5/p_masi/saundam1/outputs/crossing_fibers/fissile_data/10examples_2fibers_12-11-24_21-04-47.mat,7.0,0.2138815187562044,0.2138815187562044,0.2138751052074587,FISSILE,0.9999999998331649,4.5831669864743453e-07,0.03951069266695262
156,68,0,2,2,1.2173288263658213,0.988274229393358,0.4611091860773942,1.2173288242326636,0.9882742301328348,0.4646109969650655,1.0,/fs5/p_masi/saundam1/outputs/crossing_fibers/fissile_data/10examples_2fibers_12-11-24_21-04-47.mat,8.0,1.979986597399674,1.979986597399674,1.979986593345367,FISSILE,1.0,0.0,0.0035018108876713194
157,68,1,2,2,0.8991295884079512,4.71238898038469,0.5388908139226057,0.8991295887560511,4.712388986707081,0.5353890030349343,1.0,/fs5/p_masi/saundam1/outputs/crossing_fibers/fissile_data/10examples_2fibers_12-11-24_21-04-47.mat,8.0,1.979986597399674,1.979986597399674,1.979986593345367,FISSILE,1.0,0.0,0.0035018108876714305
158,69,0,2,2,0.7593276473355612,4.003317643876084,0.9838101455633632,0.7593276356635571,4.003317657288312,0.9402468270601598,0.9999999999999988,/fs5/p_masi/saundam1/outputs/crossing_fibers/fissile_data/10examples_2fibers_12-11-24_21-04-47.mat,9.0,0.6314062482343471,0.6314062482343471,0.6314056092301654,FISSILE,0.999999999998282,2.1073424255447017e-08,0.043563318503203385
159,69,1,2,2,1.335176877775662,3.6951670124868383,0.0161898544366368,1.3351762890156256,3.695167312039162,0.0597531729398403,0.9999999999965652,/fs5/p_masi/saundam1/outputs/crossing_fibers/fissile_data/10examples_2fibers_12-11-24_21-04-47.mat,9.0,0.6314062482343471,0.6314062482343471,0.6314056092301654,FISSILE,0.999999999998282,6.570043469980061e-07,0.0435633185032035
160,70,0,3,3,0.1570796326794893,5.7296109482825415,0.7070899936476072,0.1570796317134172,5.729610950022565,0.6734361683015415,1.0000000000000002,/fs5/p_masi/saundam1/outputs/crossing_fibers/fissile_data/10examples_3fibers_12-07-24_08-54-46.mat,0.0,,,,FISSILE,0.999999999999997,0.0,0.03365382534606565
161,70,1,3,3,0.7306706752622402,1.753333131152772,0.2225207144156631,0.7306706694595981,1.753333121450115,0.2324985028353826,0.9999999999999992,/fs5/p_masi/saundam1/outputs/crossing_fibers/fissile_data/10examples_3fibers_12-07-24_08-54-46.mat,0.0,,,,FISSILE,0.999999999999997,0.0,0.009977788419719497
162,70,2,3,3,1.504931796636225,2.033459442129372,0.0703892919367297,1.5049317528755195,2.033459453528721,0.0940653288630751,0.9999999999999918,/fs5/p_masi/saundam1/outputs/crossing_fibers/fissile_data/10examples_3fibers_12-07-24_08-54-46.mat,0.0,,,,FISSILE,0.999999999999997,4.712160915387243e-08,0.0236760369263454
163,71,0,3,3,0.7393803101831732,0.1808403267202152,0.5877128094222521,0.739380312080665,0.180840324872534,0.5648079483669812,0.9999999999999998,/fs5/p_masi/saundam1/outputs/crossing_fibers/fissile_data/10examples_3fibers_12-07-24_08-54-46.mat,1.0,,,,FISSILE,0.9999999999999981,0.0,0.022904861055270898
164,71,1,3,3,1.5041425884076032,4.531406993796184,0.3064923939725064,1.5041425798831192,4.531406999419128,0.3089092029893269,0.9999999999999996,/fs5/p_masi/saundam1/outputs/crossing_fibers/fissile_data/10examples_3fibers_12-07-24_08-54-46.mat,1.0,,,,FISSILE,0.9999999999999981,0.0,0.002416809016820509
165,71,2,3,3,0.1570796326794893,0.5535743588970451,0.1057947966052416,0.1570796639767282,0.553574296014555,0.1262828486436919,0.999999999999995,/fs5/p_masi/saundam1/outputs/crossing_fibers/fissile_data/10examples_3fibers_12-07-24_08-54-46.mat,1.0,,,,FISSILE,0.9999999999999981,3.332000937312528e-08,0.020488052038450305
166,72,0,3,3,0.8244283911261204,0.6494078578510246,0.4124373937373451,0.8244236670631073,0.6494213671515513,0.4052159358348614,0.9999999991531608,/fs5/p_masi/saundam1/outputs/crossing_fibers/fissile_data/10examples_3fibers_12-07-24_08-54-46.mat,2.0,,,,FISSILE,0.9999999862860828,1.098556211787079e-05,0.007221457902483741
167,72,1,3,3,0.8639379797371931,0.5535743588970453,0.0565746932404584,0.8638976239309574,0.5536587564714613,0.0815933148333167,0.9999999597051396,/fs5/p_masi/saundam1/outputs/crossing_fibers/fissile_data/10examples_3fibers_12-07-24_08-54-46.mat,2.0,,,,FISSILE,0.9999999862860828,7.580937897257797e-05,0.025018621592858295
168,72,2,3,3,0.2060243987782958,6.080146222020805,0.5309879130221966,0.2060244088119551,6.080146619464458,0.5131907493318214,0.9999999999999478,/fs5/p_masi/saundam1/outputs/crossing_fibers/fissile_data/10examples_3fibers_12-07-24_08-54-46.mat,2.0,,,,FISSILE,0.9999999862860828,8.161702118890975e-08,0.017797163690375206
169,73,0,3,3,0.596783955680229,2.713216626246939,0.4769316748671157,0.5967839460254065,2.713216719761644,0.4640020216890402,0.9999999999999792,/fs5/p_masi/saundam1/outputs/crossing_fibers/fissile_data/10examples_3fibers_12-07-24_08-54-46.mat,3.0,,,,FISSILE,0.9999999999999692,5.16191365590357e-08,0.012929653178075484
170,73,1,3,3,0.6136996820059474,3.070904409703098,0.2801847690030897,0.613699701148625,3.070904577531766,0.284970131264705,0.9999999999999294,/fs5/p_masi/saundam1/outputs/crossing_fibers/fissile_data/10examples_3fibers_12-07-24_08-54-46.mat,3.0,,,,FISSILE,0.9999999999999692,9.884312124119404e-08,0.0047853622616153
171,73,2,3,3,1.2647837345774915,6.002567704384905,0.2428835561297945,1.2647837251771863,6.002567710858361,0.2510278470462541,0.9999999999999992,/fs5/p_masi/saundam1/outputs/crossing_fibers/fissile_data/10examples_3fibers_12-07-24_08-54-46.mat,3.0,,,,FISSILE,0.9999999999999692,1.4901161193847656e-08,0.008144290916459573
172,74,0,3,3,0.5302740822049261,1.031124890110627,0.0747906064150125,0.5302740973513504,1.0311247931770748,0.0980702918327705,0.9999999999999796,/fs5/p_masi/saundam1/outputs/crossing_fibers/fissile_data/10examples_3fibers_12-07-24_08-54-46.mat,4.0,,,,FISSILE,0.9999999999999906,5.16191365590357e-08,0.02327968541775799
173,74,1,3,3,0.7325136994468908,3.080728714482858,0.7336380103694006,0.7325136922292778,3.08072871822458,0.69759374570653,1.0,/fs5/p_masi/saundam1/outputs/crossing_fibers/fissile_data/10examples_3fibers_12-07-24_08-54-46.mat,4.0,,,,FISSILE,0.9999999999999906,0.0,0.036044264662870584
174,74,2,3,3,0.4843775640349144,1.5707963267948966,0.1915713832155869,0.4843775603785326,1.570796254801045,0.204335962460699,0.9999999999999918,/fs5/p_masi/saundam1/outputs/crossing_fibers/fissile_data/10examples_3fibers_12-07-24_08-54-46.mat,4.0,,,,FISSILE,0.9999999999999906,3.650024149988857e-08,0.012764579245112095
175,75,0,3,3,0.2696609980286252,3.141592653589793,0.1492862882291112,0.2696610031829695,3.1415926690481952,0.1658582688791951,0.9999999999999994,/fs5/p_masi/saundam1/outputs/crossing_fibers/fissile_data/10examples_3fibers_12-07-24_08-54-46.mat,5.0,,,,FISSILE,0.9999999999999997,1.4901161193847656e-08,0.016571980650083917
176,75,1,3,3,0.4963124206174743,0.2542182070802538,0.2802681642629088,0.4963124273090524,0.2542182066129819,0.2850462648453173,1.0,/fs5/p_masi/saundam1/outputs/crossing_fibers/fissile_data/10examples_3fibers_12-07-24_08-54-46.mat,5.0,,,,FISSILE,0.9999999999999997,0.0,0.004778100582408518
177,75,2,3,3,1.159531427847779,3.924978844723114,0.5704455475079799,1.1595314241586825,3.924978854794849,0.5490954662754868,0.9999999999999994,/fs5/p_masi/saundam1/outputs/crossing_fibers/fissile_data/10examples_3fibers_12-07-24_08-54-46.mat,5.0,,,,FISSILE,0.9999999999999997,0.0,0.021350081232493157
178,76,0,3,3,1.0995574287564276,3.6951670124868383,0.1232237098516116,1.099557417597764,3.695166998781206,0.1421424175708339,0.9999999999999988,/fs5/p_masi/saundam1/outputs/crossing_fibers/fissile_data/10examples_3fibers_12-07-24_08-54-46.mat,6.0,,,,FISSILE,0.9999999999999991,2.1073424255447017e-08,0.0189187077192223
179,76,1,3,3,1.438663508961735,1.1306435602623657,0.3615589427752906,1.4386635032808124,1.1306435509186936,0.3590174540629236,0.9999999999999988,/fs5/p_masi/saundam1/outputs/crossing_fibers/fissile_data/10examples_3fibers_12-07-24_08-54-46.mat,6.0,,,,FISSILE,0.9999999999999991,0.0,0.0025414887123669794
180,76,2,3,3,1.0650715240358517,6.132643809047032,0.5152173473730977,1.0650715220948286,6.132643813456765,0.4988401283662423,1.0,/fs5/p_masi/saundam1/outputs/crossing_fibers/fissile_data/10examples_3fibers_12-07-24_08-54-46.mat,6.0,,,,FISSILE,0.9999999999999991,0.0,0.016377219006855348
181,77,0,3,3,0.9075958988528856,6.180104857209376,0.3334291233815897,0.9075958545139694,6.180104860569321,0.3334204117899976,0.9999999999999852,/fs5/p_masi/saundam1/outputs/crossing_fibers/fissile_data/10examples_3fibers_12-07-24_08-54-46.mat,7.0,,,,FISSILE,0.9999999999999908,4.712160915387243e-08,8.711591592103218e-06
182,77,1,3,3,0.4121937307161611,3.9926549735515335,0.25738670664098,0.4121937125699179,3.992655024524266,0.2642251051466402,0.999999999999996,/fs5/p_masi/saundam1/outputs/crossing_fibers/fissile_data/10examples_3fibers_12-07-24_08-54-46.mat,7.0,,,,FISSILE,0.9999999999999908,2.9802322387695312e-08,0.006838398505660204
183,77,2,3,3,1.4884608659363203,6.14926190121149,0.4091841699774302,1.4884608279568792,6.1492619055297855,0.4023544830633621,0.999999999999991,/fs5/p_masi/saundam1/outputs/crossing_fibers/fissile_data/10examples_3fibers_12-07-24_08-54-46.mat,7.0,,,,FISSILE,0.9999999999999908,3.650024149988857e-08,0.0068296869140681005
184,78,0,3,3,1.4901359072535174,0.7913200083331535,0.7956857486175564,1.4901358979772783,0.7913200037065793,0.7540545746272943,0.9999999999999992,/fs5/p_masi/saundam1/outputs/crossing_fibers/fissile_data/10examples_3fibers_12-07-24_08-54-46.mat,8.0,,,,FISSILE,0.9999999999970234,0.0,0.04163117399026206
185,78,1,3,3,1.3361950835851348,2.866547017167452,0.1360512935062059,1.336194737832918,2.8665466286053776,0.153815334711376,0.9999999999981058,/fs5/p_masi/saundam1/outputs/crossing_fibers/fissile_data/10examples_3fibers_12-07-24_08-54-46.mat,8.0,,,,FISSILE,0.9999999999970234,5.123053025505326e-07,0.01776404120517011
186,78,2,3,3,1.0995574287564276,2.588018294692748,0.0682629578762377,1.0995567788754586,2.588017456787791,0.0921300906613287,0.9999999999929652,/fs5/p_masi/saundam1/outputs/crossing_fibers/fissile_data/10examples_3fibers_12-07-24_08-54-46.mat,8.0,,,,FISSILE,0.9999999999970234,9.897781554112609e-07,0.02386713278509099
187,79,0,3,3,0.6879088400125204,0.8723246803656531,0.7323960009706056,0.6879088347696588,0.8723246760964835,0.6964635696445097,0.9999999999999998,/fs5/p_masi/saundam1/outputs/crossing_fibers/fissile_data/10examples_3fibers_12-07-24_08-54-46.mat,9.0,,,,FISSILE,0.9999999999999974,0.0,0.035932431326095915
188,79,1,3,3,0.4374572130300908,3.834553126530603,0.1574762809468189,0.4374572047228571,3.834553161714357,0.1733108103771376,0.999999999999998,/fs5/p_masi/saundam1/outputs/crossing_fibers/fissile_data/10examples_3fibers_12-07-24_08-54-46.mat,9.0,,,,FISSILE,0.9999999999999974,1.4901161193847656e-08,0.01583452943031871
189,79,2,3,3,1.1347449594739398,0.145866249107045,0.1101277180825754,1.1347449477072309,0.1458662325819178,0.1302256199783526,0.9999999999999948,/fs5/p_masi/saundam1/outputs/crossing_fibers/fissile_data/10examples_3fibers_12-07-24_08-54-46.mat,9.0,,,,FISSILE,0.9999999999999974,2.1073424255447017e-08,0.020097901895777204
190,80,0,2,2,1.3127628977419354,2.2547262021950014,0.449079927713483,1.3127628994930072,2.254726201529792,0.4536648771084619,1.0,/fs5/p_masi/saundam1/outputs/crossing_fibers/fissile_data/10examples_2fibers_12-11-24_18-48-11.mat,0.0,0.706674866913481,0.706674866913481,0.7066748694234178,FISSILE,1.0,0.0,0.004584949394978888
191,80,1,2,2,0.6556542281959249,1.927729429202443,0.550920072286517,0.6556542283048322,1.9277294253273287,0.546335122891538,1.0,/fs5/p_masi/saundam1/outputs/crossing_fibers/fissile_data/10examples_2fibers_12-11-24_18-48-11.mat,0.0,0.706674866913481,0.706674866913481,0.7066748694234178,FISSILE,1.0,0.0,0.004584949394978999
192,81,0,2,2,1.4090860572887882,0.4108037759996272,0.162670724439202,1.409086038653658,0.410803769597258,0.1930445540794073,0.9999999999999978,/fs5/p_masi/saundam1/outputs/crossing_fibers/fissile_data/10examples_2fibers_12-11-24_18-48-11.mat,1.0,1.5157626140823584,1.5157626140823584,1.515762593425297,FISSILE,0.9999999999999988,2.1073424255447017e-08,0.030373829640205297
193,81,1,2,2,1.112002812330588,5.104773112981939,0.8373292755607981,1.1120028042879924,5.104773119244633,0.8069554459205931,0.9999999999999998,/fs5/p_masi/saundam1/outputs/crossing_fibers/fissile_data/10examples_2fibers_12-11-24_18-48-11.mat,1.0,1.5157626140823584,1.5157626140823584,1.515762593425297,FISSILE,0.9999999999999988,0.0,0.030373829640204963
194,82,0,2,2,0.7297539262068373,5.21669203415864,0.6388038275860629,0.7297539230598272,5.216692042836383,0.6263056415895161,0.9999999999999998,/fs5/p_masi/saundam1/outputs/crossing_fibers/fissile_data/10examples_2fibers_12-11-24_18-48-11.mat,2.0,1.7938335891835069,1.7938335891835069,1.7938335948159687,FISSILE,0.9999999999999996,0.0,0.01249818599654684
195,82,1,2,2,1.390220648538142,3.073835568604089,0.3611961724139371,1.390220643551447,3.073835557154965,0.3736943584104842,0.9999999999999992,/fs5/p_masi/saundam1/outputs/crossing_fibers/fissile_data/10examples_2fibers_12-11-24_18-48-11.mat,2.0,1.7938335891835069,1.7938335891835069,1.7938335948159687,FISSILE,0.9999999999999996,1.4901161193847656e-08,0.012498185996547118
196,83,0,2,2,1.1582229790390492,4.71238898038469,0.5956686870718485,1.158222974659003,4.712388986303769,0.5870544903591557,0.9999999999999998,/fs5/p_masi/saundam1/outputs/crossing_fibers/fissile_data/10examples_2fibers_12-11-24_18-48-11.mat,3.0,0.7482740943953033,0.7482740943953033,0.7482740989023955,FISSILE,0.9999999999999996,0.0,0.008614196712692812
197,83,1,2,2,1.2295184239357524,5.516859920474963,0.4043313129281515,1.2295184239877697,5.516859931624661,0.4129455096408445,0.9999999999999992,/fs5/p_masi/saundam1/outputs/crossing_fibers/fissile_data/10examples_2fibers_12-11-24_18-48-11.mat,3.0,0.7482740943953033,0.7482740943953033,0.7482740989023955,FISSILE,0.9999999999999996,1.4901161193847656e-08,0.008614196712692979
198,84,0,2,2,1.331284220793013,4.166678355152624,0.2361249539956106,1.3312842233361943,4.166678361118535,0.2598848168401063,0.9999999999999998,/fs5/p_masi/saundam1/outputs/crossing_fibers/fissile_data/10examples_2fibers_12-11-24_18-48-11.mat,4.0,1.3336833190746515,1.3336833190746515,1.333683319061235,FISSILE,0.9999999999999999,0.0,0.02375986284449569
199,84,1,2,2,0.8244283911261204,5.633777449328561,0.7638750460043894,0.8244283908784115,5.6337774530129705,0.7401151831598933,1.0,/fs5/p_masi/saundam1/outputs/crossing_fibers/fissile_data/10examples_2fibers_12-11-24_18-48-11.mat,4.0,1.3336833190746515,1.3336833190746515,1.333683319061235,FISSILE,0.9999999999999999,0.0,0.02375986284449605
200,85,0,2,2,0.6597098339801856,4.46948443156073,0.5764683830506244,0.6597098298242778,4.469484440004448,0.569583006273995,0.9999999999999998,/fs5/p_masi/saundam1/outputs/crossing_fibers/fissile_data/10examples_2fibers_12-11-24_18-48-11.mat,5.0,0.957771376835084,0.957771376835084,0.9577713686725357,FISSILE,0.9999999999999997,0.0,0.0068853767766293705
201,85,1,2,2,1.438663508961735,5.152541746917221,0.4235316169493756,1.438663499836385,5.152541749390623,0.4304169937260048,0.9999999999999996,/fs5/p_masi/saundam1/outputs/crossing_fibers/fissile_data/10examples_2fibers_12-11-24_18-48-11.mat,5.0,0.957771376835084,0.957771376835084,0.9577713686725357,FISSILE,0.9999999999999997,0.0,0.006885376776629204
202,86,0,2,2,0.3958166923894166,5.252859229805717,0.0670282688729097,0.3958166685780896,5.252859272472757,0.1060139460387585,0.9999999999999956,/fs5/p_masi/saundam1/outputs/crossing_fibers/fissile_data/10examples_2fibers_12-11-24_18-48-11.mat,6.0,1.285351881084538,1.285351881084538,1.2853518557661965,FISSILE,0.9999999999999971,2.9802322387695312e-08,0.03898567716584879
203,86,1,2,2,0.8914137375982565,2.2209670838266344,0.9329717311270904,0.8914137339834421,2.2209670677534183,0.8939860539612411,0.9999999999999986,/fs5/p_masi/saundam1/outputs/crossing_fibers/fissile_data/10examples_2fibers_12-11-24_18-48-11.mat,6.0,1.285351881084538,1.285351881084538,1.2853518557661965,FISSILE,0.9999999999999971,0.0,0.03898567716584933
204,87,0,2,3,1.4076132158915924,2.871931655561168,0.3440378587130793,1.4076132031016986,2.871931655492214,0.3430739813318609,0.9999999999999984,/fs5/p_masi/saundam1/outputs/crossing_fibers/fissile_data/10examples_2fibers_12-11-24_18-48-11.mat,7.0,0.6967797471231625,0.6967797471231625,0.6967797142952037,FISSILE,0.9999999999999942,1.4901161193847656e-08,0.0009638773812183921
205,87,1,2,3,0.8833323126237443,3.386553045138266,0.6559621412869208,0.8833323131571966,3.386553007149845,0.626911994199707,0.99999999999999,/fs5/p_masi/saundam1/outputs/crossing_fibers/fissile_data/10examples_2fibers_12-11-24_18-48-11.mat,7.0,0.6967797471231625,0.6967797471231625,0.6967797142952037,FISSILE,0.9999999999999942,2.9802322387695312e-08,0.029050147087213762
206,88,0,2,2,0.6159368995860371,5.398545629404772,0.3422652805429149,0.6159368710070616,5.398545641278287,0.3564681040031872,0.9999999999999932,/fs5/p_masi/saundam1/outputs/crossing_fibers/fissile_data/10examples_2fibers_12-11-24_18-48-11.mat,8.0,0.3328497452981309,0.3328497452981309,0.3328497327201714,FISSILE,0.9999999999999958,2.9802322387695312e-08,0.014202823460272296
207,88,1,2,2,0.3141592653589791,5.7296109482825415,0.6577347194570852,0.314159252650133,5.729610983899431,0.6435318959968123,0.9999999999999982,/fs5/p_masi/saundam1/outputs/crossing_fibers/fissile_data/10examples_2fibers_12-11-24_18-48-11.mat,8.0,0.3328497452981309,0.3328497452981309,0.3328497327201714,FISSILE,0.9999999999999958,2.1073424255447017e-08,0.014202823460272906
208,89,0,2,2,1.276643219300972,3.002626274260909,0.8939565045191215,1.2766432148818154,3.002626255258844,0.8584838409333196,0.9999999999999988,/fs5/p_masi/saundam1/outputs/crossing_fibers/fissile_data/10examples_2fibers_12-11-24_18-48-11.mat,9.0,1.6379468202166996,1.6379468202166996,1.6379468876617251,FISSILE,0.9999999999999646,2.1073424255447017e-08,0.03547266358580181
209,89,1,2,2,1.2301036210577148,4.756223660450228,0.1060434954808784,1.230103520546562,4.756223756705987,0.1415161590666805,0.9999999999999304,/fs5/p_masi/saundam1/outputs/crossing_fibers/fissile_data/10examples_2fibers_12-11-24_18-48-11.mat,9.0,1.6379468202166996,1.6379468202166996,1.6379468876617251,FISSILE,0.9999999999999646,1.3493575361575819e-07,0.0354726635858021
210,90,0,2,2,1.2566370614359172,5.729610948282541,0.57403629823286,1.256637053851257,5.729610948541176,0.567369915901628,0.9999999999999998,/fs5/p_masi/saundam1/outputs/crossing_fibers/fissile_data/10examples_2fibers_12-11-24_19-53-11.mat,0.0,1.7229314063104426,1.7229314063104426,1.7229313915301607,FISSILE,0.9999999999999996,0.0,0.006666382331231957
211,90,1,2,2,0.8245151100806168,3.614916550214076,0.4259637017671401,0.8245151006272315,3.614916556360893,0.4326300840983722,0.9999999999999994,/fs5/p_masi/saundam1/outputs/crossing_fibers/fissile_data/10examples_2fibers_12-11-24_19-53-11.mat,0.0,1.7229314063104426,1.7229314063104426,1.7229313915301607,FISSILE,0.9999999999999996,0.0,0.0066663823312321235
212,91,0,2,2,1.1533429638878017,5.922598235388773,0.0328248206999914,1.153341476524749,5.922600015739024,0.0748897429055725,0.9999999999670736,/fs5/p_masi/saundam1/outputs/crossing_fibers/fissile_data/10examples_2fibers_12-11-24_19-53-11.mat,1.0,0.2767871794485226,0.2767871794485226,0.2767892303947172,FISSILE,0.9999999999835136,2.2047676727992803e-06,0.0420649222055811
213,91,1,2,2,1.2935515516839633,5.668422285760532,0.9671751793000084,1.293551509453839,5.668422358687222,0.9251102570944284,0.9999999999999536,/fs5/p_masi/saundam1/outputs/crossing_fibers/fissile_data/10examples_2fibers_12-11-24_19-53-11.mat,1.0,0.2767871794485226,0.2767871794485226,0.2767892303947172,FISSILE,0.9999999999835136,8.161702118890975e-08,0.04206492220558
214,92,0,2,2,1.5301447262094752,2.1803829393991307,0.9457411890597014,1.5301447158268302,2.180382930041565,0.9056057370208463,0.9999999999999984,/fs5/p_masi/saundam1/outputs/crossing_fibers/fissile_data/10examples_2fibers_12-11-24_19-53-11.mat,2.0,0.8412199450444887,0.8412199450444887,0.841219860797253,FISSILE,0.9999999999998443,0.0,0.040135452038855046
215,92,1,2,2,0.8991295884079512,1.5707963267948966,0.0542588109402984,0.8991294717941443,1.5707965683459524,0.0943942629791533,0.9999999999996902,/fs5/p_masi/saundam1/outputs/crossing_fibers/fissile_data/10examples_2fibers_12-11-24_19-53-11.mat,2.0,0.8412199450444887,0.8412199450444887,0.841219860797253,FISSILE,0.9999999999998443,2.2202230134235873e-07,0.04013545203885491
216,93,0,2,2,0.8673628544653307,1.0190199133276117,0.5156518245700711,0.8673628534270458,1.0190199057018872,0.5142424965808828,0.9999999999999998,/fs5/p_masi/saundam1/outputs/crossing_fibers/fissile_data/10examples_2fibers_12-11-24_19-53-11.mat,3.0,1.303669017654253,1.303669017654253,1.303669020958573,FISSILE,0.9999999999999996,0.0,0.001409327989188247
217,93,1,2,2,1.370120940878604,2.408138073830193,0.4843481754299288,1.3701209478201617,2.408138064866737,0.4857575034191174,0.9999999999999992,/fs5/p_masi/saundam1/outputs/crossing_fibers/fissile_data/10examples_2fibers_12-11-24_19-53-11.mat,3.0,1.303669017654253,1.303669017654253,1.303669020958573,FISSILE,0.9999999999999996,0.0,0.0014093279891885802
218,94,0,2,2,1.0630141400564377,0.4861664012738367,0.1720284103911574,1.0630141508651187,0.4861663957202029,0.2015596490366702,0.9999999999999986,/fs5/p_masi/saundam1/outputs/crossing_fibers/fissile_data/10examples_2fibers_12-11-24_19-53-11.mat,4.0,0.7704348869533397,0.7704348869533397,0.7704348920241507,FISSILE,0.9999999999999991,0.0,0.029531238645512797
219,94,1,2,2,0.8461883716725984,1.4082232949072588,0.8279715896088427,0.8461883685918352,1.4082232887632218,0.7984403509633299,0.9999999999999998,/fs5/p_masi/saundam1/outputs/crossing_fibers/fissile_data/10examples_2fibers_12-11-24_19-53-11.mat,4.0,0.7704348869533397,0.7704348869533397,0.7704348920241507,FISSILE,0.9999999999999991,0.0,0.02953123864551277
220,95,0,2,2,1.1294747293179055,2.0483818139413152,0.022839244885924,1.129474592296659,2.0483820175161123,0.0658038166797778,0.9999999999995804,/fs5/p_masi/saundam1/outputs/crossing_fibers/fissile_data/10examples_2fibers_12-11-24_19-53-11.mat,5.0,1.2656934059773586,1.2656934059773586,1.265693189450971,FISSILE,0.9999999999997895,2.2988391847225347e-07,0.04296457179385381
221,95,1,2,2,0.9475287768595078,3.549552428844414,0.977160755114076,0.9475287723943484,3.5495524465473385,0.9341961833202216,0.9999999999999986,/fs5/p_masi/saundam1/outputs/crossing_fibers/fissile_data/10examples_2fibers_12-11-24_19-53-11.mat,5.0,1.2656934059773586,1.2656934059773586,1.265693189450971,FISSILE,0.9999999999997895,1.4901161193847656e-08,0.04296457179385438
222,96,0,2,2,1.0210176124166828,0.5535743588970454,0.5025193507963819,1.021017614796231,0.5535743590166695,0.5022924997720031,1.0,/fs5/p_masi/saundam1/outputs/crossing_fibers/fissile_data/10examples_2fibers_12-11-24_19-53-11.mat,6.0,0.8601807540337865,0.8601807540337865,0.860180749020979,FISSILE,0.9999999999999999,0.0,0.00022685102437880467
223,96,1,2,2,1.296751937947903,5.937796339804166,0.4974806492036181,1.296751935659194,5.937796344252707,0.4977075002279968,0.9999999999999998,/fs5/p_masi/saundam1/outputs/crossing_fibers/fissile_data/10examples_2fibers_12-11-24_19-53-11.mat,6.0,0.8601807540337865,0.8601807540337865,0.860180749020979,FISSILE,0.9999999999999999,0.0,0.00022685102437869364
224,97,0,2,2,1.10741320071945,3.56314443566526,0.8771895960047341,1.1074131878615634,3.563144449799174,0.8432266666479422,0.9999999999999988,/fs5/p_masi/saundam1/outputs/crossing_fibers/fissile_data/10examples_2fibers_12-11-24_19-53-11.mat,7.0,1.4806861686552906,1.4806861686552906,1.480686172322645,FISSILE,0.9999999999999959,1.4901161193847656e-08,0.033962929356791904
225,97,1,2,2,0.518558571013457,5.87172188223018,0.1228104039952658,0.5185585853151798,5.871721911348019,0.156773333352058,0.999999999999993,/fs5/p_masi/saundam1/outputs/crossing_fibers/fissile_data/10examples_2fibers_12-11-24_19-53-11.mat,7.0,1.4806861686552906,1.4806861686552906,1.480686172322645,FISSILE,0.9999999999999959,2.1073424255447017e-08,0.03396292935679221
226,98,0,2,2,0.3244638227554858,1.9996618599561813,0.4723531531612447,0.3244638188939918,1.999661880940024,0.4748425352613062,0.9999999999999998,/fs5/p_masi/saundam1/outputs/crossing_fibers/fissile_data/10examples_2fibers_12-11-24_19-53-11.mat,8.0,1.3416713852456277,1.3416713852456277,1.3416713755800995,FISSILE,0.9999999999999997,0.0,0.002489382100061499
227,98,1,2,2,1.1294747293179055,4.234803493238271,0.5276468468387554,1.1294747254001,4.23480350029728,0.5251574647386934,0.9999999999999996,/fs5/p_masi/saundam1/outputs/crossing_fibers/fissile_data/10examples_2fibers_12-11-24_19-53-11.mat,8.0,1.3416713852456277,1.3416713852456277,1.3416713755800995,FISSILE,0.9999999999999997,0.0,0.0024893821000619987
228,99,0,2,2,0.5161508538455144,5.61013015132377,0.2811656896982537,0.5161508489412684,5.610130162901205,0.3008699759424907,0.9999999999999994,/fs5/p_masi/saundam1/outputs/crossing_fibers/fissile_data/10examples_2fibers_12-11-24_19-53-11.mat,9.0,1.2357311788778151,1.2357311788778151,1.2357311751473097,FISSILE,0.9999999999999991,1.4901161193847656e-08,0.019704286244237035
229,99,1,2,2,1.3710846760434117,4.368330001227018,0.7188343103017463,1.3710846705426123,4.368330012539049,0.6991300240575095,0.9999999999999988,/fs5/p_masi/saundam1/outputs/crossing_fibers/fissile_data/10examples_2fibers_12-11-24_19-53-11.mat,9.0,1.2357311788778151,1.2357311788778151,1.2357311751473097,FISSILE,0.9999999999999991,0.0,0.019704286244236813
230,100,0,3,3,0.7454330299814531,2.6748570832196337,0.3454516147229172,0.7454330331332242,2.674857078272453,0.3443604636980636,1.0,/fs5/p_masi/saundam1/outputs/crossing_fibers/fissile_data/10examples_3fibers_12-18-24_02-58-36.mat,0.0,,,,FISSILE,0.9999999999999994,0.0,0.001091151024853576
231,100,1,3,3,0.9709534166726016,4.953722409755756,0.1334057158108104,0.9709534023233856,4.953722426132591,0.1514076224306642,0.9999999999999984,/fs5/p_masi/saundam1/outputs/crossing_fibers/fissile_data/10examples_3fibers_12-18-24_02-58-36.mat,0.0,,,,FISSILE,0.9999999999999994,2.1073424255447017e-08,0.01800190661985379
232,100,2,3,3,1.270289255270878,5.457136016963111,0.5211426694662725,1.2702892504342962,5.457136021776653,0.5042319138712713,0.9999999999999998,/fs5/p_masi/saundam1/outputs/crossing_fibers/fissile_data/10examples_3fibers_12-18-24_02-58-36.mat,0.0,,,,FISSILE,0.9999999999999994,1.4901161193847656e-08,0.016910755595001215
233,101,0,3,3,0.9462667588251144,2.149881993340072,0.1721131142419579,0.94626672604957,2.149881963315041,0.1866297078570985,0.9999999999999888,/fs5/p_masi/saundam1/outputs/crossing_fibers/fissile_data/10examples_3fibers_12-18-24_02-58-36.mat,1.0,,,,FISSILE,0.9999999999999957,3.942476676500724e-08,0.0145165936151406
234,101,1,3,3,1.4476853384205146,3.4830667745076807,0.5281079289645774,1.4476853359646358,3.4830667850629493,0.5105700129101468,0.9999999999999992,/fs5/p_masi/saundam1/outputs/crossing_fibers/fissile_data/10examples_3fibers_12-18-24_02-58-36.mat,1.0,,,,FISSILE,0.9999999999999957,2.1073424255447017e-08,0.017537916054430558
235,101,2,3,3,1.530108034446189,5.551593015613682,0.2997789567934646,1.530108032328731,5.551593016732916,0.3028002792327549,0.9999999999999992,/fs5/p_masi/saundam1/outputs/crossing_fibers/fissile_data/10examples_3fibers_12-18-24_02-58-36.mat,1.0,,,,FISSILE,0.9999999999999957,0.0,0.003021322439290264
236,102,0,3,3,0.7306706752622402,1.388259522437021,0.5203405367365086,0.7306706907893759,1.3882596207199838,0.5035021658363632,0.9999999999999678,/fs5/p_masi/saundam1/outputs/crossing_fibers/fissile_data/10examples_3fibers_12-18-24_02-58-36.mat,2.0,,,,FISSILE,0.9999999999992498,6.989264130329237e-08,0.016838370900145394
237,102,1,3,3,0.2599898112942928,1.027967630450874,0.0243128953237375,0.259990133607151,1.0279654551642758,0.0521377534033837,0.9999999999977957,/fs5/p_masi/saundam1/outputs/crossing_fibers/fissile_data/10examples_3fibers_12-18-24_02-58-36.mat,2.0,,,,FISSILE,0.9999999999992498,6.454112478407648e-07,0.027824858079646204
238,102,2,3,3,0.839946846723819,1.6254523947697257,0.4553465679397539,0.8399468812666466,1.6254524299398632,0.4443600807602522,0.9999999999999858,/fs5/p_masi/saundam1/outputs/crossing_fibers/fissile_data/10examples_3fibers_12-18-24_02-58-36.mat,2.0,,,,FISSILE,0.9999999999992498,4.2146848510894035e-08,0.010986487179501736
239,103,0,3,7,1.1770900850324717,4.294197501760929,0.034406912501762,0.4719941190275363,4.730789005161913,0.084685675508838,-0.1572474652884772,/fs5/p_masi/saundam1/outputs/crossing_fibers/fissile_data/10examples_3fibers_12-18-24_02-58-36.mat,3.0,,,,FISSILE,0.33405747355072335,0.7638706788756381,0.050278763007076004
240,103,1,3,7,0.9942771800214104,0.3409306366957782,0.0835423339900421,0.7963139025768883,0.6072204012599967,0.2072396149211985,0.2292764147787536,/fs5/p_masi/saundam1/outputs/crossing_fibers/fissile_data/10examples_3fibers_12-18-24_02-58-36.mat,3.0,,,,FISSILE,0.33405747355072335,0.28611353785470406,0.1236972809311564
241,103,2,3,7,1.4376104465649342,4.4884378248359535,0.882050753508196,1.5294409047873194,4.470920554157447,0.4497635004449737,0.9301434711618936,/fs5/p_masi/saundam1/outputs/crossing_fibers/fissile_data/10examples_3fibers_12-18-24_02-58-36.mat,3.0,,,,FISSILE,0.33405747355072335,0.09347265745285119,0.43228725306322224
242,104,0,3,3,1.0132154513014286,0.2047560389316076,0.224604324070013,1.013215278476628,0.2047557932565378,0.2343942102832542,0.9999999999994792,/fs5/p_masi/saundam1/outputs/crossing_fibers/fissile_data/10examples_3fibers_12-18-24_02-58-36.mat,4.0,,,,FISSILE,0.9999999999997303,2.702825836422609e-07,0.0097898862132412
243,104,1,3,3,1.2566370614359172,0.5535743588970454,0.499555489446325,1.2566369586639057,0.5535742104840244,0.4845887256480733,0.9999999999997902,/fs5/p_masi/saundam1/outputs/crossing_fibers/fissile_data/10examples_3fibers_12-18-24_02-58-36.mat,4.0,,,,FISSILE,0.9999999999997303,1.7504900879369295e-07,0.014966763798251681
244,104,2,3,3,1.5047599827546627,1.1782358907081365,0.2758401864836619,1.5047599275261456,1.1782358031397775,0.2810170640686721,0.9999999999999212,/fs5/p_masi/saundam1/outputs/crossing_fibers/fissile_data/10examples_3fibers_12-18-24_02-58-36.mat,4.0,,,,FISSILE,0.9999999999997303,1.0323827311807143e-07,0.005176877585010231
245,105,0,3,3,0.7393803101831732,3.3224329803100083,0.5059516163417399,0.7393803080107744,3.32243299881139,0.4904087018000995,0.9999999999999982,/fs5/p_masi/saundam1/outputs/crossing_fibers/fissile_data/10examples_3fibers_12-18-24_02-58-36.mat,5.0,,,,FISSILE,0.9999999999999978,0.0,0.015542914541640418
246,105,1,3,3,1.390220648538142,6.215428222193882,0.2480344523499542,1.3902206555143473,6.215428229350082,0.2557149277677245,0.9999999999999992,/fs5/p_masi/saundam1/outputs/crossing_fibers/fissile_data/10examples_3fibers_12-18-24_02-58-36.mat,5.0,,,,FISSILE,0.9999999999999978,0.0,0.007680475417770283
247,105,2,3,3,1.1533429638878017,5.922598235388773,0.2460139313083059,1.1533429727379465,5.9225982572612805,0.2538763704321758,0.999999999999996,/fs5/p_masi/saundam1/outputs/crossing_fibers/fissile_data/10examples_3fibers_12-18-24_02-58-36.mat,5.0,,,,FISSILE,0.9999999999999978,2.5809568279517847e-08,0.007862439123869913
248,106,0,3,3,1.504705815310903,1.247735325612087,0.1087980000646785,1.5047057746262278,1.2477353315597752,0.1290156464996313,0.9999999999999896,/fs5/p_masi/saundam1/outputs/crossing_fibers/fissile_data/10examples_3fibers_12-18-24_02-58-36.mat,6.0,,,,FISSILE,0.999999999999996,4.2146848510894035e-08,0.020217646434952788
249,106,1,3,3,0.7921592486059129,1.9996316789362527,0.1848238132336634,0.7921592516054508,1.999631675536352,0.1981958966874036,0.9999999999999988,/fs5/p_masi/saundam1/outputs/crossing_fibers/fissile_data/10examples_3fibers_12-18-24_02-58-36.mat,6.0,,,,FISSILE,0.999999999999996,0.0,0.013372083453740191
250,106,2,3,3,0.5968506219704491,4.903018969103802,0.7063781867016582,0.5968506136140573,4.9030189759640495,0.6727884568129642,0.9999999999999994,/fs5/p_masi/saundam1/outputs/crossing_fibers/fissile_data/10examples_3fibers_12-18-24_02-58-36.mat,6.0,,,,FISSILE,0.999999999999996,0.0,0.03358972988869402
251,107,0,3,3,0.6136996820059474,3.070904409703098,0.6292426804331694,0.6136996770694784,3.0709043898916577,0.6025983826588845,0.9999999999999988,/fs5/p_masi/saundam1/outputs/crossing_fibers/fissile_data/10examples_3fibers_12-18-24_02-58-36.mat,7.0,,,,FISSILE,0.9999999999999978,0.0,0.026644297774284897
252,107,1,3,3,0.839946846723819,1.5161402588200676,0.1741421234804717,0.8399468311799395,1.5161402840583609,0.1884760198576299,0.9999999999999956,/fs5/p_masi/saundam1/outputs/crossing_fibers/fissile_data/10examples_3fibers_12-18-24_02-58-36.mat,7.0,,,,FISSILE,0.9999999999999978,2.9802322387695312e-08,0.014333896377158206
253,107,2,3,3,1.4884608659363203,6.14926190121149,0.196615196086359,1.4884608697875588,6.1492619099551575,0.2089255974834855,0.9999999999999992,/fs5/p_masi/saundam1/outputs/crossing_fibers/fissile_data/10examples_3fibers_12-18-24_02-58-36.mat,7.0,,,,FISSILE,0.9999999999999978,0.0,0.012310401397126497
254,108,0,3,6,1.371135021845925,1.3738586221832108,0.0044689315046954,1.1829277073680362,1.5664859485198772,0.2570376414399988,0.4606541554708327,/fs5/p_masi/saundam1/outputs/crossing_fibers/fissile_data/10examples_3fibers_12-18-24_02-58-36.mat,8.0,,,,FISSILE,0.17786405033621885,0.2632095202929737,0.2525687099353034
255,108,1,3,6,1.3778208455722298,3.3450826625006127,0.1322422672280406,0.9637892350237184,3.434508468137828,0.0191891476407926,-0.153772366626331,/fs5/p_masi/saundam1/outputs/crossing_fibers/fissile_data/10examples_3fibers_12-18-24_02-58-36.mat,8.0,,,,FISSILE,0.17786405033621885,0.4219666525094318,0.11305311958724801
256,108,2,3,6,1.5040053852693311,4.75374132903587,0.8632888012672639,0.608820376807334,4.420023736284683,0.4878680020180518,0.2267103621641548,/fs5/p_masi/saundam1/outputs/crossing_fibers/fissile_data/10examples_3fibers_12-18-24_02-58-36.mat,8.0,,,,FISSILE,0.17786405033621885,0.9349064013046623,0.3754207992492121
257,109,0,3,3,0.9187362058205464,4.409495127772628,0.4431811911583944,0.9187362009797528,4.409495120435087,0.4332902632614312,0.9999999999999992,/fs5/p_masi/saundam1/outputs/crossing_fibers/fissile_data/10examples_3fibers_12-18-24_02-58-36.mat,9.0,,,,FISSILE,0.9999999999999591,0.0,0.009890927896963164
258,109,1,3,3,1.5047599827546627,1.1782358907081365,0.5353700305641746,1.5047599783879186,1.1782358832978004,0.517178226628944,0.9999999999999992,/fs5/p_masi/saundam1/outputs/crossing_fibers/fissile_data/10examples_3fibers_12-18-24_02-58-36.mat,9.0,,,,FISSILE,0.9999999999999591,0.0,0.018191803935230677
259,109,2,3,3,0.9030911644237832,0.4785392116999826,0.0214487782774309,0.9030912274030752,0.4785393280431069,0.0495315101096241,0.9999999999998788,/fs5/p_masi/saundam1/outputs/crossing_fibers/fissile_data/10examples_3fibers_12-18-24_02-58-36.mat,9.0,,,,FISSILE,0.9999999999999591,1.1151007970493862e-07,0.028082731832193203
260,110,0,2,2,1.2566370614359172,5.729610948282541,0.57403629823286,1.256637053851257,5.729610948541176,0.567369915901628,0.9999999999999998,/fs5/p_masi/saundam1/outputs/crossing_fibers/fissile_data/10examples_2fibers_12-14-24_21-18-47.mat,0.0,1.7229314063104426,1.7229314063104426,1.7229313915301607,FISSILE,0.9999999999999996,0.0,0.006666382331231957
261,110,1,2,2,0.8245151100806168,3.614916550214076,0.4259637017671401,0.8245151006272315,3.614916556360893,0.4326300840983722,0.9999999999999994,/fs5/p_masi/saundam1/outputs/crossing_fibers/fissile_data/10examples_2fibers_12-14-24_21-18-47.mat,0.0,1.7229314063104426,1.7229314063104426,1.7229313915301607,FISSILE,0.9999999999999996,0.0,0.0066663823312321235
262,111,0,2,2,1.1533429638878017,5.922598235388773,0.0328248206999914,1.153341476524749,5.922600015739024,0.0748897429055725,0.9999999999670736,/fs5/p_masi/saundam1/outputs/crossing_fibers/fissile_data/10examples_2fibers_12-14-24_21-18-47.mat,1.0,0.2767871794485226,0.2767871794485226,0.2767892303947172,FISSILE,0.9999999999835136,2.2047676727992803e-06,0.0420649222055811
263,111,1,2,2,1.2935515516839633,5.668422285760532,0.9671751793000084,1.293551509453839,5.668422358687222,0.9251102570944284,0.9999999999999536,/fs5/p_masi/saundam1/outputs/crossing_fibers/fissile_data/10examples_2fibers_12-14-24_21-18-47.mat,1.0,0.2767871794485226,0.2767871794485226,0.2767892303947172,FISSILE,0.9999999999835136,8.161702118890975e-08,0.04206492220558
264,112,0,2,2,1.5301447262094752,2.1803829393991307,0.9457411890597014,1.5301447158268302,2.180382930041565,0.9056057370208463,0.9999999999999984,/fs5/p_masi/saundam1/outputs/crossing_fibers/fissile_data/10examples_2fibers_12-14-24_21-18-47.mat,2.0,0.8412199450444887,0.8412199450444887,0.841219860797253,FISSILE,0.9999999999998443,0.0,0.040135452038855046
265,112,1,2,2,0.8991295884079512,1.5707963267948966,0.0542588109402984,0.8991294717941443,1.5707965683459524,0.0943942629791533,0.9999999999996902,/fs5/p_masi/saundam1/outputs/crossing_fibers/fissile_data/10examples_2fibers_12-14-24_21-18-47.mat,2.0,0.8412199450444887,0.8412199450444887,0.841219860797253,FISSILE,0.9999999999998443,2.2202230134235873e-07,0.04013545203885491
266,113,0,2,2,0.8673628544653307,1.0190199133276117,0.5156518245700711,0.8673628534270458,1.0190199057018872,0.5142424965808828,0.9999999999999998,/fs5/p_masi/saundam1/outputs/crossing_fibers/fissile_data/10examples_2fibers_12-14-24_21-18-47.mat,3.0,1.303669017654253,1.303669017654253,1.303669020958573,FISSILE,0.9999999999999996,0.0,0.001409327989188247
267,113,1,2,2,1.370120940878604,2.408138073830193,0.4843481754299288,1.3701209478201617,2.408138064866737,0.4857575034191174,0.9999999999999992,/fs5/p_masi/saundam1/outputs/crossing_fibers/fissile_data/10examples_2fibers_12-14-24_21-18-47.mat,3.0,1.303669017654253,1.303669017654253,1.303669020958573,FISSILE,0.9999999999999996,0.0,0.0014093279891885802
268,114,0,2,2,1.0630141400564377,0.4861664012738367,0.1720284103911574,1.0630141508651187,0.4861663957202029,0.2015596490366702,0.9999999999999986,/fs5/p_masi/saundam1/outputs/crossing_fibers/fissile_data/10examples_2fibers_12-14-24_21-18-47.mat,4.0,0.7704348869533397,0.7704348869533397,0.7704348920241507,FISSILE,0.9999999999999991,0.0,0.029531238645512797
269,114,1,2,2,0.8461883716725984,1.4082232949072588,0.8279715896088427,0.8461883685918352,1.4082232887632218,0.7984403509633299,0.9999999999999998,/fs5/p_masi/saundam1/outputs/crossing_fibers/fissile_data/10examples_2fibers_12-14-24_21-18-47.mat,4.0,0.7704348869533397,0.7704348869533397,0.7704348920241507,FISSILE,0.9999999999999991,0.0,0.02953123864551277
270,115,0,2,2,1.1294747293179055,2.0483818139413152,0.022839244885924,1.129474592296659,2.0483820175161123,0.0658038166797778,0.9999999999995804,/fs5/p_masi/saundam1/outputs/crossing_fibers/fissile_data/10examples_2fibers_12-14-24_21-18-47.mat,5.0,1.2656934059773586,1.2656934059773586,1.265693189450971,FISSILE,0.9999999999997895,2.2988391847225347e-07,0.04296457179385381
271,115,1,2,2,0.9475287768595078,3.549552428844414,0.977160755114076,0.9475287723943484,3.5495524465473385,0.9341961833202216,0.9999999999999986,/fs5/p_masi/saundam1/outputs/crossing_fibers/fissile_data/10examples_2fibers_12-14-24_21-18-47.mat,5.0,1.2656934059773586,1.2656934059773586,1.265693189450971,FISSILE,0.9999999999997895,1.4901161193847656e-08,0.04296457179385438
272,116,0,2,2,1.0210176124166828,0.5535743588970454,0.5025193507963819,1.021017614796231,0.5535743590166695,0.5022924997720031,1.0,/fs5/p_masi/saundam1/outputs/crossing_fibers/fissile_data/10examples_2fibers_12-14-24_21-18-47.mat,6.0,0.8601807540337865,0.8601807540337865,0.860180749020979,FISSILE,0.9999999999999999,0.0,0.00022685102437880467
273,116,1,2,2,1.296751937947903,5.937796339804166,0.4974806492036181,1.296751935659194,5.937796344252707,0.4977075002279968,0.9999999999999998,/fs5/p_masi/saundam1/outputs/crossing_fibers/fissile_data/10examples_2fibers_12-14-24_21-18-47.mat,6.0,0.8601807540337865,0.8601807540337865,0.860180749020979,FISSILE,0.9999999999999999,0.0,0.00022685102437869364
274,117,0,2,2,1.10741320071945,3.56314443566526,0.8771895960047341,1.1074131878615634,3.563144449799174,0.8432266666479422,0.9999999999999988,/fs5/p_masi/saundam1/outputs/crossing_fibers/fissile_data/10examples_2fibers_12-14-24_21-18-47.mat,7.0,1.4806861686552906,1.4806861686552906,1.480686172322645,FISSILE,0.9999999999999959,1.4901161193847656e-08,0.033962929356791904
275,117,1,2,2,0.518558571013457,5.87172188223018,0.1228104039952658,0.5185585853151798,5.871721911348019,0.156773333352058,0.999999999999993,/fs5/p_masi/saundam1/outputs/crossing_fibers/fissile_data/10examples_2fibers_12-14-24_21-18-47.mat,7.0,1.4806861686552906,1.4806861686552906,1.480686172322645,FISSILE,0.9999999999999959,2.1073424255447017e-08,0.03396292935679221
276,118,0,2,2,0.3244638227554858,1.9996618599561813,0.4723531531612447,0.3244638188939918,1.999661880940024,0.4748425352613062,0.9999999999999998,/fs5/p_masi/saundam1/outputs/crossing_fibers/fissile_data/10examples_2fibers_12-14-24_21-18-47.mat,8.0,1.3416713852456277,1.3416713852456277,1.3416713755800995,FISSILE,0.9999999999999997,0.0,0.002489382100061499
277,118,1,2,2,1.1294747293179055,4.234803493238271,0.5276468468387554,1.1294747254001,4.23480350029728,0.5251574647386934,0.9999999999999996,/fs5/p_masi/saundam1/outputs/crossing_fibers/fissile_data/10examples_2fibers_12-14-24_21-18-47.mat,8.0,1.3416713852456277,1.3416713852456277,1.3416713755800995,FISSILE,0.9999999999999997,0.0,0.0024893821000619987
278,119,0,2,2,0.5161508538455144,5.61013015132377,0.2811656896982537,0.5161508489412684,5.610130162901205,0.3008699759424907,0.9999999999999994,/fs5/p_masi/saundam1/outputs/crossing_fibers/fissile_data/10examples_2fibers_12-14-24_21-18-47.mat,9.0,1.2357311788778151,1.2357311788778151,1.2357311751473097,FISSILE,0.9999999999999991,1.4901161193847656e-08,0.019704286244237035
279,119,1,2,2,1.3710846760434117,4.368330001227018,0.7188343103017463,1.3710846705426123,4.368330012539049,0.6991300240575095,0.9999999999999988,/fs5/p_masi/saundam1/outputs/crossing_fibers/fissile_data/10examples_2fibers_12-14-24_21-18-47.mat,9.0,1.2357311788778151,1.2357311788778151,1.2357311751473097,FISSILE,0.9999999999999991,0.0,0.019704286244236813
280,120,0,2,6,1.4892047713432444,3.411253651618418,0.4695910554795612,0.282802844636942,4.1932138617480135,0.3462810956301997,0.0546525520272555,/fs5/p_masi/saundam1/outputs/crossing_fibers/fissile_data/10examples_2fibers_12-11-24_08-19-01.mat,0.0,0.0795050163455535,0.0795050163455535,1.095458895632926,FISSILE,0.013341902963878598,1.2915835172268455,0.1233099598493615
281,120,1,2,6,1.4477566260254542,3.3430456559722304,0.5304089445204387,1.0736739924388454,2.621129637059173,0.8694761875742363,-0.0279687460994983,/fs5/p_masi/saundam1/outputs/crossing_fibers/fissile_data/10examples_2fibers_12-11-24_08-19-01.mat,0.0,0.0795050163455535,0.0795050163455535,1.095458895632926,FISSILE,0.013341902963878598,0.7766911639426052,0.33906724305379754
282,121,0,2,5,0.9627663070498166,3.4041371554405337,0.0240132136145643,0.8229087310413706,2.200044127627533,0.1441110899858849,0.1803549347163168,/fs5/p_masi/saundam1/outputs/crossing_fibers/fissile_data/10examples_2fibers_12-11-24_08-19-01.mat,1.0,1.271580866154182,1.271580866154182,1.5698182766807622,FISSILE,0.15792234606444266,0.9219739261176604,0.1200978763713206
283,121,1,2,5,0.7297539262068373,5.21669203415864,0.9759867863854356,0.9009405776093012,4.59359419399195,0.3280905109459671,0.1354897574125685,/fs5/p_masi/saundam1/outputs/crossing_fibers/fissile_data/10examples_2fibers_12-11-24_08-19-01.mat,1.0,1.271580866154182,1.271580866154182,1.5698182766807622,FISSILE,0.15792234606444266,0.4796224451292264,0.6478962754394685
284,122,0,2,2,1.1107859897790626,5.572241007585212,0.9519662515817924,1.110785981155382,5.5722410164988485,0.911270296820952,0.9999999999999992,/fs5/p_masi/saundam1/outputs/crossing_fibers/fissile_data/10examples_2fibers_12-11-24_08-19-01.mat,2.0,0.4350280236610321,0.4350280236610321,0.4350281093478036,FISSILE,0.9999999999999551,0.0,0.040695954760840425
285,122,1,2,2,1.092500866800452,6.0605584666092165,0.0480337484182076,1.0925009046484704,6.060558570737719,0.0887297031790474,0.9999999999999112,/fs5/p_masi/saundam1/outputs/crossing_fibers/fissile_data/10examples_2fibers_12-11-24_08-19-01.mat,2.0,0.4350280236610321,0.4350280236610321,0.4350281093478036,FISSILE,0.9999999999999551,1.0106459234841571e-07,0.04069595476083979
286,123,0,2,2,0.8334587475515286,3.455960332498458,0.5938235177859587,0.8334587336914785,3.455960354053788,0.5853755018871413,0.9999999999999968,/fs5/p_masi/saundam1/outputs/crossing_fibers/fissile_data/10examples_2fibers_12-11-24_08-19-01.mat,3.0,0.3883283655835244,0.3883283655835244,0.3883283718226084,FISSILE,0.9999999999999958,2.1073424255447017e-08,0.008448015898817385
287,123,1,2,2,0.4712388980384689,3.6951670124868383,0.4061764822140413,0.4712388721761758,3.695167017911019,0.4146244981128582,0.9999999999999948,/fs5/p_masi/saundam1/outputs/crossing_fibers/fissile_data/10examples_2fibers_12-11-24_08-19-01.mat,3.0,0.3883283655835244,0.3883283655835244,0.3883283718226084,FISSILE,0.9999999999999958,2.5809568279517847e-08,0.008448015898816885
288,124,0,2,2,1.270289255270878,5.457136016963111,0.3703658394576855,1.2702892546593354,5.457136011530583,0.3820383495196169,0.9999999999999998,/fs5/p_masi/saundam1/outputs/crossing_fibers/fissile_data/10examples_2fibers_12-11-24_08-19-01.mat,4.0,0.2759262269004024,0.2759262269004024,0.2759262243041232,FISSILE,0.9999999999999997,0.0,0.01167251006193143
289,124,1,2,2,1.4514348881231836,5.670296225295419,0.6296341605423146,1.4514348815855451,5.670296221762876,0.6179616504803829,0.9999999999999996,/fs5/p_masi/saundam1/outputs/crossing_fibers/fissile_data/10examples_2fibers_12-11-24_08-19-01.mat,4.0,0.2759262269004024,0.2759262269004024,0.2759262243041232,FISSILE,0.9999999999999997,0.0,0.011672510061931707
290,125,0,2,2,1.5295362333068383,6.216337388146234,0.0190233874936153,1.5295350656689712,6.216337101268299,0.0623314986607293,0.9999999999930556,/fs5/p_masi/saundam1/outputs/crossing_fibers/fissile_data/10examples_2fibers_12-11-24_08-19-01.mat,5.0,2.3313979157082314,2.3313979157082314,2.331396855722239,FISSILE,0.9999999999965274,1.2022937985626176e-06,0.043308111167114
291,125,1,2,2,0.8334587475515286,2.8272249746811284,0.9809766125063848,0.8334587498300928,2.8272249609354314,0.93766850133927,0.9999999999999992,/fs5/p_masi/saundam1/outputs/crossing_fibers/fissile_data/10examples_2fibers_12-11-24_08-19-01.mat,5.0,2.3313979157082314,2.3313979157082314,2.331396855722239,FISSILE,0.9999999999965274,2.1073424255447017e-08,0.04330811116711475
292,126,0,2,2,0.9627663070498166,6.020640805328846,0.2237131576987629,0.962766294973458,6.020640799887623,0.2485906032292497,0.9999999999999988,/fs5/p_masi/saundam1/outputs/crossing_fibers/fissile_data/10examples_2fibers_12-11-24_08-19-01.mat,6.0,1.3997830407945089,1.3997830407945089,1.3997830276804886,FISSILE,0.9999999999999993,0.0,0.02487744553048679
293,126,1,2,2,0.4397949688166383,2.75377643664178,0.7762868423012369,0.4397949677026845,2.7537764323884857,0.7514093967707496,1.0,/fs5/p_masi/saundam1/outputs/crossing_fibers/fissile_data/10examples_2fibers_12-11-24_08-19-01.mat,6.0,1.3997830407945089,1.3997830407945089,1.3997830276804886,FISSILE,0.9999999999999993,0.0,0.02487744553048732
294,127,0,2,2,1.4884608659363203,3.2755160595578885,0.4702442632567202,1.4884608659192062,3.27551607973905,0.4729235365498577,0.9999999999999948,/fs5/p_masi/saundam1/outputs/crossing_fibers/fissile_data/10examples_2fibers_12-11-24_08-19-01.mat,7.0,1.858166328324328,1.8581663283243277,1.8581663306242004,FISSILE,0.9999999999999971,2.1073424255447017e-08,0.0026792732931374963
295,127,1,2,2,0.4374572130300908,0.6929604729408101,0.5297557367432797,0.4374572076992367,0.6929604641517083,0.5270764634501418,0.9999999999999996,/fs5/p_masi/saundam1/outputs/crossing_fibers/fissile_data/10examples_2fibers_12-11-24_08-19-01.mat,7.0,1.858166328324328,1.8581663283243277,1.8581663306242004,FISSILE,0.9999999999999971,0.0,0.002679273293137885
296,128,0,2,2,1.3034725689354905,1.814208634765434,0.5177328498160692,1.303472570781688,1.814208625787035,0.5161361398230452,0.9999999999999992,/fs5/p_masi/saundam1/outputs/crossing_fibers/fissile_data/10examples_2fibers_12-11-24_08-19-01.mat,8.0,1.0508800793981243,1.0508800793981243,1.050880084244974,FISSILE,0.9999999999999996,0.0,0.0015967099930239703
297,128,1,2,2,0.804071152655924,2.9166726530500378,0.4822671501839308,0.8040711517931051,2.916672648965207,0.4838638601769554,1.0,/fs5/p_masi/saundam1/outputs/crossing_fibers/fissile_data/10examples_2fibers_12-11-24_08-19-01.mat,8.0,1.0508800793981243,1.0508800793981243,1.050880084244974,FISSILE,0.9999999999999996,0.0,0.001596709993024581
298,129,0,2,2,0.9617865104301077,3.0920238704996046,0.2236499555740941,0.9617865144798352,3.092023854666202,0.2485330929543502,0.9999999999999992,/fs5/p_masi/saundam1/outputs/crossing_fibers/fissile_data/10examples_2fibers_12-11-24_08-19-01.mat,9.0,1.890093237533048,1.890093237533048,1.890093235658996,FISSILE,0.9999999999999996,1.4901161193847656e-08,0.024883137380256104
299,129,1,2,2,0.9627663070498166,0.2625445018507407,0.7763500444259058,0.9627663046284274,0.2625445018345368,0.7514669070456499,1.0,/fs5/p_masi/saundam1/outputs/crossing_fibers/fissile_data/10examples_2fibers_12-11-24_08-19-01.mat,9.0,1.890093237533048,1.890093237533048,1.890093235658996,FISSILE,0.9999999999999996,0.0,0.024883137380255937
300,130,0,2,6,0.7454330299814531,2.6748570832196337,0.9606279043096146,1.0234332831713142,3.72031009106427,0.9032769660599548,-0.014019836274378,/fs5/p_masi/saundam1/outputs/crossing_fibers/fissile_data/10examples_2fibers_12-10-24_00-05-14.mat,0.0,1.5201000836611005,1.5201000836611005,0.5684064907933924,FISSILE,-0.1019179162334562,0.8326946088537591,0.057350938249659866
301,130,1,2,6,0.9709534166726016,4.953722409755756,0.0393720956903853,0.5282629860463974,4.138722909048912,0.3044396379036952,-0.1898159961925344,/fs5/p_masi/saundam1/outputs/crossing_fibers/fissile_data/10examples_2fibers_12-10-24_00-05-14.mat,0.0,1.5201000836611005,1.5201000836611005,0.5684064907933924,FISSILE,-0.1019179162334562,0.6873806211978345,0.2650675422133099
302,131,0,2,2,1.239928899842257,1.203961801891077,0.6619710606510447,1.2399288937165254,1.2039617935016662,0.6473868441080196,0.9999999999999992,/fs5/p_masi/saundam1/outputs/crossing_fibers/fissile_data/10examples_2fibers_12-10-24_00-05-14.mat,1.0,1.4246556804584205,1.4246556804584205,1.4246556810344009,FISSILE,0.9999999999999996,0.0,0.014584216543025108
303,131,1,2,2,1.2580641470514884,2.7239814756363443,0.3380289393489553,1.258064146131595,2.7239814700585883,0.3526131558919804,0.9999999999999998,/fs5/p_masi/saundam1/outputs/crossing_fibers/fissile_data/10examples_2fibers_12-10-24_00-05-14.mat,1.0,1.4246556804584205,1.4246556804584205,1.4246556810344009,FISSILE,0.9999999999999996,0.0,0.014584216543025108
304,132,0,2,2,1.4392165982792575,1.06023652733314,0.8767819432682962,1.4392165908069838,1.0602365260231417,0.8428556935168318,0.9999999999999996,/fs5/p_masi/saundam1/outputs/crossing_fibers/fissile_data/10examples_2fibers_12-10-24_00-05-14.mat,2.0,2.1178290008160108,2.1178290008160108,2.1178290364417336,FISSILE,0.9999999999999933,1.4901161193847656e-08,0.03392624975146441
305,132,1,2,2,0.710653991576535,3.911338330695711,0.1232180567317038,0.7106540258928166,3.911338378043905,0.157144306483169,0.9999999999999872,/fs5/p_masi/saundam1/outputs/crossing_fibers/fissile_data/10examples_2fibers_12-10-24_00-05-14.mat,2.0,2.1178290008160108,2.1178290008160108,2.1178290364417336,FISSILE,0.9999999999999933,4.712160915387243e-08,0.03392624975146519
306,133,0,2,2,1.1092143952034603,6.2096091561357385,0.5691536939578323,1.1092143876046376,6.209609160524991,0.5629269577824393,0.9999999999999998,/fs5/p_masi/saundam1/outputs/crossing_fibers/fissile_data/10examples_2fibers_12-10-24_00-05-14.mat,3.0,0.9120257256972956,0.9120257256972956,0.9120257203423584,FISSILE,0.9999999999999999,0.0,0.006226736175393044
307,133,1,2,2,0.9462667588251144,0.9917106602497208,0.4308463060421676,0.946266755051634,0.991710662783722,0.4370730422175606,1.0,/fs5/p_masi/saundam1/outputs/crossing_fibers/fissile_data/10examples_2fibers_12-10-24_00-05-14.mat,3.0,0.9120257256972956,0.9120257256972956,0.9120257203423584,FISSILE,0.9999999999999999,0.0,0.006226736175392988
308,134,0,2,2,0.9855339610713372,2.5036269748657656,0.5331324960225077,0.9855339609954672,2.503626966845532,0.5301491738948425,0.9999999999999996,/fs5/p_masi/saundam1/outputs/crossing_fibers/fissile_data/10examples_2fibers_12-10-24_00-05-14.mat,4.0,1.4709662108234964,1.4709662108234964,1.470966209538584,FISSILE,0.9999999999999997,0.0,0.0029833221276651667
309,134,1,2,2,0.9827457074079812,4.377181595330073,0.4668675039774923,0.9827457015683334,4.3771815907178695,0.4698508261051571,0.9999999999999998,/fs5/p_masi/saundam1/outputs/crossing_fibers/fissile_data/10examples_2fibers_12-10-24_00-05-14.mat,4.0,1.4709662108234964,1.4709662108234964,1.470966209538584,FISSILE,0.9999999999999997,0.0,0.002983322127664778
310,135,0,2,2,0.5445954995813839,2.242790450362949,0.7338558729891278,0.5445954844254469,2.242790452931968,0.7127990669566221,0.9999999999999984,/fs5/p_masi/saundam1/outputs/crossing_fibers/fissile_data/10examples_2fibers_12-10-24_00-05-14.mat,5.0,0.3316398574588162,0.3316398574588162,0.3316398862083115,FISSILE,0.9999999999999927,2.1073424255447017e-08,0.021056806032505704
311,135,1,2,2,0.2356194490192346,2.588018294692748,0.2661441270108723,0.2356194152315548,2.588018416443598,0.2872009330433772,0.9999999999999868,/fs5/p_masi/saundam1/outputs/crossing_fibers/fissile_data/10examples_2fibers_12-10-24_00-05-14.mat,5.0,0.3316398574588162,0.3316398574588162,0.3316398862083115,FISSILE,0.9999999999999927,4.4703483581542975e-08,0.02105680603250487
312,136,0,2,2,0.2356194490192346,5.7296109482825415,0.5752079139334946,0.2356194438731982,5.729610953640411,0.5684360308264749,1.0,/fs5/p_masi/saundam1/outputs/crossing_fibers/fissile_data/10examples_2fibers_12-10-24_00-05-14.mat,6.0,0.765043944237197,0.765043944237197,0.7650439463757329,FISSILE,1.0,0.0,0.006771883107019705
313,136,1,2,2,0.9942771800214104,5.942254670483808,0.4247920860665054,0.9942771774408562,5.9422546714365225,0.4315639691735245,1.0,/fs5/p_masi/saundam1/outputs/crossing_fibers/fissile_data/10examples_2fibers_12-10-24_00-05-14.mat,6.0,0.765043944237197,0.765043944237197,0.7650439463757329,FISSILE,1.0,0.0,0.006771883107019094
314,137,0,2,2,0.6879088400125204,4.013917333955446,0.6820471079089545,0.687908831050093,4.013917339548886,0.6656552203237039,0.9999999999999996,/fs5/p_masi/saundam1/outputs/crossing_fibers/fissile_data/10examples_2fibers_12-10-24_00-05-14.mat,7.0,0.6444610312955071,0.6444610312955071,0.6444610277874523,FISSILE,0.9999999999999991,0.0,0.016391887585250564
315,137,1,2,2,0.2599898112942928,5.255217676728712,0.3179528920910456,0.2599898056606392,5.255217700556695,0.3343447796762956,0.9999999999999988,/fs5/p_masi/saundam1/outputs/crossing_fibers/fissile_data/10examples_2fibers_12-10-24_00-05-14.mat,7.0,0.6444610312955071,0.6444610312955071,0.6444610277874523,FISSILE,0.9999999999999991,0.0,0.01639188758525001
316,138,0,2,2,0.9827457074079812,4.377181595330073,0.1012489731377441,0.9827456965300904,4.377181617811212,0.1371533572047402,0.9999999999999954,/fs5/p_masi/saundam1/outputs/crossing_fibers/fissile_data/10examples_2fibers_12-10-24_00-05-14.mat,8.0,0.7102795235996127,0.7102795235996127,0.7102795113092261,FISSILE,0.9999999999999978,1.4901161193847656e-08,0.0359043840669961
317,138,1,2,2,0.3915868316834593,5.064583619065562,0.8987510268622558,0.3915868299807492,5.064583631224094,0.8628466427952592,1.0,/fs5/p_masi/saundam1/outputs/crossing_fibers/fissile_data/10examples_2fibers_12-10-24_00-05-14.mat,8.0,0.7102795235996127,0.7102795235996127,0.7102795113092261,FISSILE,0.9999999999999978,0.0,0.035904384066996586
318,139,0,2,2,0.5968506219704491,1.761426315514009,0.3724240493976365,0.5968506161385183,1.7614263252836144,0.3839112549764218,0.9999999999999996,/fs5/p_masi/saundam1/outputs/crossing_fibers/fissile_data/10examples_2fibers_12-10-24_00-05-14.mat,9.0,1.8774328273304903,1.8774328273304903,1.877432813910081,FISSILE,0.9999999999999997,0.0,0.011487205578785298
319,139,1,2,2,1.302054701729482,4.6277525812895455,0.6275759506023635,1.3020546942744018,4.6277525881180255,0.6160887450235781,0.9999999999999998,/fs5/p_masi/saundam1/outputs/crossing_fibers/fissile_data/10examples_2fibers_12-10-24_00-05-14.mat,9.0,1.8774328273304903,1.8774328273304903,1.877432813910081,FISSILE,0.9999999999999997,1.4901161193847656e-08,0.011487205578785353
320,140,0,2,2,1.0650715240358517,2.9910511554572388,0.9619524125306084,1.0650715242213034,2.9910511405232167,0.920357239929152,0.999999999999999,/fs5/p_masi/saundam1/outputs/crossing_fibers/fissile_data/10examples_2fibers_12-10-24_17-12-26.mat,0.0,1.0059772891866958,1.0059772891866958,1.0059770734416,FISSILE,0.9999999999999437,1.4901161193847656e-08,0.0415951726014564
321,140,1,2,2,0.078539816339745,3.695167012486838,0.0380475874693914,0.0785400081880877,3.695165598622281,0.0796427600708477,0.9999999999998884,/fs5/p_masi/saundam1/outputs/crossing_fibers/fissile_data/10examples_2fibers_12-10-24_17-12-26.mat,0.0,1.0059772891866958,1.0059772891866958,1.0059770734416,FISSILE,0.9999999999999437,2.215216867226144e-07,0.041595172601456294
322,141,0,2,2,0.9854914845953652,1.9928323127480445,0.7153227915173227,0.9854914868724124,1.9928323064657536,0.6959346791217405,0.9999999999999998,/fs5/p_masi/saundam1/outputs/crossing_fibers/fissile_data/10examples_2fibers_12-10-24_17-12-26.mat,1.0,1.491003326159362,1.491003326159362,1.4910033209909648,FISSILE,0.9999999999999999,0.0,0.019388112395582247
323,141,1,2,2,1.4090860572887882,0.4108037759996272,0.2846772084826773,1.4090860561197247,0.4108037755916402,0.3040653208782592,1.0,/fs5/p_masi/saundam1/outputs/crossing_fibers/fissile_data/10examples_2fibers_12-10-24_17-12-26.mat,1.0,1.491003326159362,1.491003326159362,1.4910033209909648,FISSILE,0.9999999999999999,1.4901161193847656e-08,0.019388112395581913
324,142,0,2,2,1.3712474069074247,3.623487029099005,0.0927237875198415,1.3712473023905791,3.623486968540155,0.1293957663057244,0.999999999999912,/fs5/p_masi/saundam1/outputs/crossing_fibers/fissile_data/10examples_2fibers_12-10-24_17-12-26.mat,2.0,2.574964282600611,2.574964282600611,2.574964167571673,FISSILE,0.9999999999999558,1.20137002293744e-07,0.03667197878588291
325,142,1,2,2,1.222353054837238,0.6283066823641149,0.9072762124801584,1.2223530548754624,0.628306677786355,0.870604233694276,0.9999999999999998,/fs5/p_masi/saundam1/outputs/crossing_fibers/fissile_data/10examples_2fibers_12-10-24_17-12-26.mat,2.0,2.574964282600611,2.574964282600611,2.574964167571673,FISSILE,0.9999999999999558,1.4901161193847656e-08,0.036671978785882464
326,143,0,2,6,0.7236604473241012,4.65096972077336,0.8632471535550104,0.9720335111199624,5.230337198978908,0.4672388061701314,-0.0800422254816881,/fs5/p_masi/saundam1/outputs/crossing_fibers/fissile_data/10examples_2fibers_12-10-24_17-12-26.mat,3.0,1.6325598873040896,1.6325598873040896,1.2559692604991908,FISSILE,0.056503118085563006,0.49481310884039914,0.39600834738487894
327,143,1,2,6,1.5295337091412506,2.939685121561025,0.1367528464449896,0.3632229108635216,2.826364743553826,0.0266725701954472,0.1930484616528141,/fs5/p_masi/saundam1/outputs/crossing_fibers/fissile_data/10examples_2fibers_12-10-24_17-12-26.mat,3.0,1.6325598873040896,1.6325598873040896,1.2559692604991908,FISSILE,0.056503118085563006,1.1687861880970223,0.11008027624954242
328,144,0,2,2,1.088050008513315,1.6174408685721484,0.7627296290086115,1.0880500033315452,1.6174408656888255,0.7390728953517824,0.9999999999999998,/fs5/p_masi/saundam1/outputs/crossing_fibers/fissile_data/10examples_2fibers_12-10-24_17-12-26.mat,4.0,0.8967695010735779,0.8967695010735779,0.896769487314127,FISSILE,0.9999999999999984,1.4901161193847656e-08,0.023656733656829076
329,144,1,2,2,1.3722193745040243,2.527975095845096,0.2372703709913885,1.3722193730152852,2.527975077253082,0.2609271046482175,0.9999999999999972,/fs5/p_masi/saundam1/outputs/crossing_fibers/fissile_data/10examples_2fibers_12-10-24_17-12-26.mat,4.0,0.8967695010735779,0.8967695010735779,0.896769487314127,FISSILE,0.9999999999999984,2.1073424255447017e-08,0.023656733656828993
330,145,0,2,2,1.276643219300972,6.144218927850702,0.2279175939180169,1.2766432178410507,6.144218912672487,0.2524164600765397,0.9999999999999988,/fs5/p_masi/saundam1/outputs/crossing_fibers/fissile_data/10examples_2fibers_12-10-24_17-12-26.mat,5.0,1.387206459573726,1.387206459573726,1.387206438531985,FISSILE,0.9999999999999991,0.0,0.024498866158522786
331,145,1,2,2,1.2301036210577148,4.668554300319151,0.772082406081983,1.2301036221827648,4.668554308006526,0.7475835399234606,0.9999999999999996,/fs5/p_masi/saundam1/outputs/crossing_fibers/fissile_data/10examples_2fibers_12-10-24_17-12-26.mat,5.0,1.387206459573726,1.387206459573726,1.387206438531985,FISSILE,0.9999999999999991,0.0,0.02449886615852237
332,146,0,2,2,0.466991609459161,4.8591089924532,0.1998239659694314,0.4669916169361651,4.859108975437104,0.2268524376965532,0.9999999999999992,/fs5/p_masi/saundam1/outputs/crossing_fibers/fissile_data/10examples_2fibers_12-10-24_17-12-26.mat,6.0,0.7098827522881526,0.7098827522881526,0.709882751991573,FISSILE,0.9999999999999996,1.4901161193847656e-08,0.027028471727121806
333,146,1,2,2,0.3621692682173654,2.787652864621553,0.8001760340305685,0.3621692643957296,2.787652865437203,0.7731475623034456,0.9999999999999998,/fs5/p_masi/saundam1/outputs/crossing_fibers/fissile_data/10examples_2fibers_12-10-24_17-12-26.mat,6.0,0.7098827522881526,0.7098827522881526,0.709882751991573,FISSILE,0.9999999999999996,1.4901161193847656e-08,0.02702847172712286
334,147,0,2,2,1.3778208455722298,0.2034900089108196,0.2739372314029618,1.3778208370664022,0.2034900026095278,0.2942924028166558,0.9999999999999988,/fs5/p_masi/saundam1/outputs/crossing_fibers/fissile_data/10examples_2fibers_12-10-24_17-12-26.mat,7.0,1.0048075527246758,1.0048075527246758,1.0048075451517773,FISSILE,0.9999999999999993,0.0,0.02035517141369403
335,147,1,2,2,0.5497787143782139,5.7296109482825415,0.7260627685970381,0.5497787096224359,5.729610948539745,0.7057075971833437,0.9999999999999998,/fs5/p_masi/saundam1/outputs/crossing_fibers/fissile_data/10examples_2fibers_12-10-24_17-12-26.mat,7.0,1.0048075527246758,1.0048075527246758,1.0048075451517773,FISSILE,0.9999999999999993,0.0,0.020355171413694362
336,148,0,2,3,0.7230583212566665,1.8579944652468456,0.028620458245053,0.7230583040444206,1.8579944336148109,0.0560574373127506,0.9999999999999838,/fs5/p_masi/saundam1/outputs/crossing_fibers/fissile_data/10examples_2fibers_12-10-24_17-12-26.mat,8.0,1.3771916811321383,1.3771916811321383,1.377191615052392,FISSILE,0.9999999999999847,2.9802322387695312e-08,0.027436979067697598
337,148,1,2,3,0.710653991576535,5.513439630073668,0.9713795417549468,0.7106539453928452,5.513439627298363,0.9139277296097916,0.9999999999999856,/fs5/p_masi/saundam1/outputs/crossing_fibers/fissile_data/10examples_2fibers_12-10-24_17-12-26.mat,8.0,1.3771916811321383,1.3771916811321383,1.377191615052392,FISSILE,0.9999999999999847,4.712160915387243e-08,0.05745181214515516
338,149,0,2,3,1.0172219678978514,3.141592653589793,0.0914607515049617,1.0172164002186164,3.141577038771079,0.1132387484235254,0.9999999983278494,/fs5/p_masi/saundam1/outputs/crossing_fibers/fissile_data/10examples_2fibers_12-10-24_17-12-26.mat,9.0,1.3228804674559436,1.3228804674559436,1.3228868770710402,FISSILE,0.9999999991636862,1.4402440597560754e-05,0.02177799691856369
339,149,1,2,3,0.8461883716725984,4.874962012272327,0.9085392484950384,0.8461883508514503,4.874961858590421,0.856747764839094,0.999999999999523,/fs5/p_masi/saundam1/outputs/crossing_fibers/fissile_data/10examples_2fibers_12-10-24_17-12-26.mat,9.0,1.3228804674559436,1.3228804674559436,1.3228868770710402,FISSILE,0.9999999991636862,1.1733186057227575e-07,0.05179148365594444
340,150,0,2,2,1.0650715240358517,2.9910511554572388,0.9619524125306084,1.0650715242213034,2.9910511405232167,0.920357239929152,0.999999999999999,/fs5/p_masi/saundam1/outputs/crossing_fibers/fissile_data/10examples_2fibers_12-13-24_19-20-40.mat,0.0,1.0059772891866958,1.0059772891866958,1.0059770734416,FISSILE,0.9999999999999437,1.4901161193847656e-08,0.0415951726014564
341,150,1,2,2,0.078539816339745,3.695167012486838,0.0380475874693914,0.0785400081880877,3.695165598622281,0.0796427600708477,0.9999999999998884,/fs5/p_masi/saundam1/outputs/crossing_fibers/fissile_data/10examples_2fibers_12-13-24_19-20-40.mat,0.0,1.0059772891866958,1.0059772891866958,1.0059770734416,FISSILE,0.9999999999999437,2.215216867226144e-07,0.041595172601456294
342,151,0,2,2,0.9854914845953652,1.9928323127480445,0.7153227915173227,0.9854914868724124,1.9928323064657536,0.6959346791217405,0.9999999999999998,/fs5/p_masi/saundam1/outputs/crossing_fibers/fissile_data/10examples_2fibers_12-13-24_19-20-40.mat,1.0,1.491003326159362,1.491003326159362,1.4910033209909648,FISSILE,0.9999999999999999,0.0,0.019388112395582247
343,151,1,2,2,1.4090860572887882,0.4108037759996272,0.2846772084826773,1.4090860561197247,0.4108037755916402,0.3040653208782592,1.0,/fs5/p_masi/saundam1/outputs/crossing_fibers/fissile_data/10examples_2fibers_12-13-24_19-20-40.mat,1.0,1.491003326159362,1.491003326159362,1.4910033209909648,FISSILE,0.9999999999999999,1.4901161193847656e-08,0.019388112395581913
344,152,0,2,2,1.3712474069074247,3.623487029099005,0.0927237875198415,1.3712473023905791,3.623486968540155,0.1293957663057244,0.999999999999912,/fs5/p_masi/saundam1/outputs/crossing_fibers/fissile_data/10examples_2fibers_12-13-24_19-20-40.mat,2.0,2.574964282600611,2.574964282600611,2.574964167571673,FISSILE,0.9999999999999558,1.20137002293744e-07,0.03667197878588291
345,152,1,2,2,1.222353054837238,0.6283066823641149,0.9072762124801584,1.2223530548754624,0.628306677786355,0.870604233694276,0.9999999999999998,/fs5/p_masi/saundam1/outputs/crossing_fibers/fissile_data/10examples_2fibers_12-13-24_19-20-40.mat,2.0,2.574964282600611,2.574964282600611,2.574964167571673,FISSILE,0.9999999999999558,1.4901161193847656e-08,0.036671978785882464
346,153,0,2,6,0.7236604473241012,4.65096972077336,0.8632471535550104,0.9720335111199624,5.230337198978908,0.4672388061701314,-0.0800422254816881,/fs5/p_masi/saundam1/outputs/crossing_fibers/fissile_data/10examples_2fibers_12-13-24_19-20-40.mat,3.0,1.6325598873040896,1.6325598873040896,1.2559692604991908,FISSILE,0.056503118085563006,0.49481310884039914,0.39600834738487894
347,153,1,2,6,1.5295337091412506,2.939685121561025,0.1367528464449896,0.3632229108635216,2.826364743553826,0.0266725701954472,0.1930484616528141,/fs5/p_masi/saundam1/outputs/crossing_fibers/fissile_data/10examples_2fibers_12-13-24_19-20-40.mat,3.0,1.6325598873040896,1.6325598873040896,1.2559692604991908,FISSILE,0.056503118085563006,1.1687861880970223,0.11008027624954242
348,154,0,2,2,1.088050008513315,1.6174408685721484,0.7627296290086115,1.0880500033315452,1.6174408656888255,0.7390728953517824,0.9999999999999998,/fs5/p_masi/saundam1/outputs/crossing_fibers/fissile_data/10examples_2fibers_12-13-24_19-20-40.mat,4.0,0.8967695010735779,0.8967695010735779,0.896769487314127,FISSILE,0.9999999999999984,1.4901161193847656e-08,0.023656733656829076
349,154,1,2,2,1.3722193745040243,2.527975095845096,0.2372703709913885,1.3722193730152852,2.527975077253082,0.2609271046482175,0.9999999999999972,/fs5/p_masi/saundam1/outputs/crossing_fibers/fissile_data/10examples_2fibers_12-13-24_19-20-40.mat,4.0,0.8967695010735779,0.8967695010735779,0.896769487314127,FISSILE,0.9999999999999984,2.1073424255447017e-08,0.023656733656828993
350,155,0,2,2,1.276643219300972,6.144218927850702,0.2279175939180169,1.2766432178410507,6.144218912672487,0.2524164600765397,0.9999999999999988,/fs5/p_masi/saundam1/outputs/crossing_fibers/fissile_data/10examples_2fibers_12-13-24_19-20-40.mat,5.0,1.387206459573726,1.387206459573726,1.387206438531985,FISSILE,0.9999999999999991,0.0,0.024498866158522786
351,155,1,2,2,1.2301036210577148,4.668554300319151,0.772082406081983,1.2301036221827648,4.668554308006526,0.7475835399234606,0.9999999999999996,/fs5/p_masi/saundam1/outputs/crossing_fibers/fissile_data/10examples_2fibers_12-13-24_19-20-40.mat,5.0,1.387206459573726,1.387206459573726,1.387206438531985,FISSILE,0.9999999999999991,0.0,0.02449886615852237
352,156,0,2,2,0.466991609459161,4.8591089924532,0.1998239659694314,0.4669916169361651,4.859108975437104,0.2268524376965532,0.9999999999999992,/fs5/p_masi/saundam1/outputs/crossing_fibers/fissile_data/10examples_2fibers_12-13-24_19-20-40.mat,6.0,0.7098827522881526,0.7098827522881526,0.709882751991573,FISSILE,0.9999999999999996,1.4901161193847656e-08,0.027028471727121806
353,156,1,2,2,0.3621692682173654,2.787652864621553,0.8001760340305685,0.3621692643957296,2.787652865437203,0.7731475623034456,0.9999999999999998,/fs5/p_masi/saundam1/outputs/crossing_fibers/fissile_data/10examples_2fibers_12-13-24_19-20-40.mat,6.0,0.7098827522881526,0.7098827522881526,0.709882751991573,FISSILE,0.9999999999999996,1.4901161193847656e-08,0.02702847172712286
354,157,0,2,2,1.3778208455722298,0.2034900089108196,0.2739372314029618,1.3778208370664022,0.2034900026095278,0.2942924028166558,0.9999999999999988,/fs5/p_masi/saundam1/outputs/crossing_fibers/fissile_data/10examples_2fibers_12-13-24_19-20-40.mat,7.0,1.0048075527246758,1.0048075527246758,1.0048075451517773,FISSILE,0.9999999999999993,0.0,0.02035517141369403
355,157,1,2,2,0.5497787143782139,5.7296109482825415,0.7260627685970381,0.5497787096224359,5.729610948539745,0.7057075971833437,0.9999999999999998,/fs5/p_masi/saundam1/outputs/crossing_fibers/fissile_data/10examples_2fibers_12-13-24_19-20-40.mat,7.0,1.0048075527246758,1.0048075527246758,1.0048075451517773,FISSILE,0.9999999999999993,0.0,0.020355171413694362
356,158,0,2,3,0.7230583212566665,1.8579944652468456,0.028620458245053,0.7230583040444206,1.8579944336148109,0.0560574373127506,0.9999999999999838,/fs5/p_masi/saundam1/outputs/crossing_fibers/fissile_data/10examples_2fibers_12-13-24_19-20-40.mat,8.0,1.3771916811321383,1.3771916811321383,1.377191615052392,FISSILE,0.9999999999999847,2.9802322387695312e-08,0.027436979067697598
357,158,1,2,3,0.710653991576535,5.513439630073668,0.9713795417549468,0.7106539453928452,5.513439627298363,0.9139277296097916,0.9999999999999856,/fs5/p_masi/saundam1/outputs/crossing_fibers/fissile_data/10examples_2fibers_12-13-24_19-20-40.mat,8.0,1.3771916811321383,1.3771916811321383,1.377191615052392,FISSILE,0.9999999999999847,4.712160915387243e-08,0.05745181214515516
358,159,0,2,3,1.0172219678978514,3.141592653589793,0.0914607515049617,1.0172164002186164,3.141577038771079,0.1132387484235254,0.9999999983278494,/fs5/p_masi/saundam1/outputs/crossing_fibers/fissile_data/10examples_2fibers_12-13-24_19-20-40.mat,9.0,1.3228804674559436,1.3228804674559436,1.3228868770710402,FISSILE,0.9999999991636862,1.4402440597560754e-05,0.02177799691856369
359,159,1,2,3,0.8461883716725984,4.874962012272327,0.9085392484950384,0.8461883508514503,4.874961858590421,0.856747764839094,0.999999999999523,/fs5/p_masi/saundam1/outputs/crossing_fibers/fissile_data/10examples_2fibers_12-13-24_19-20-40.mat,9.0,1.3228804674559436,1.3228804674559436,1.3228868770710402,FISSILE,0.9999999991636862,1.1733186057227575e-07,0.05179148365594444
360,160,0,2,2,0.6384575817471045,2.369884010774821,0.4907661521909737,0.6384575777458272,2.3698840068633373,0.4915975863098541,0.9999999999999996,/fs5/p_masi/saundam1/outputs/crossing_fibers/fissile_data/10examples_2fibers_12-14-24_18-45-50.mat,0.0,1.0586048374504369,1.0586048374504369,1.0586048332451576,FISSILE,0.9999999999999998,0.0,0.0008314341188804253
361,160,1,2,2,0.6556542281959249,4.355455877977144,0.5092338478090263,0.6556542275008147,4.3554558725216985,0.5084024136901454,1.0,/fs5/p_masi/saundam1/outputs/crossing_fibers/fissile_data/10examples_2fibers_12-14-24_18-45-50.mat,0.0,1.0586048374504369,1.0586048374504369,1.0586048332451576,FISSILE,0.9999999999999998,0.0,0.0008314341188808694
362,161,0,2,2,0.782760891291302,4.597889853348373,0.9213255425657044,0.7827608831870956,4.597889864560984,0.8833885183581602,0.9999999999999992,/fs5/p_masi/saundam1/outputs/crossing_fibers/fissile_data/10examples_2fibers_12-14-24_18-45-50.mat,1.0,1.0444353381848706,1.0444353381848706,1.0444352600617794,FISSILE,0.999999999999968,0.0,0.03793702420754419
363,161,1,2,2,0.4963124206174743,0.2542182070802538,0.0786744574342956,0.4963124013257654,0.254218056406491,0.1166114816418392,0.9999999999999368,/fs5/p_masi/saundam1/outputs/crossing_fibers/fissile_data/10examples_2fibers_12-14-24_18-45-50.mat,1.0,1.0444353381848706,1.0444353381848706,1.0444352600617794,FISSILE,0.999999999999968,7.45058059692383e-08,0.03793702420754359
364,162,0,2,2,0.7236604473241012,1.6322155864062262,0.0922229411585394,0.7236604216471137,1.6322156202193647,0.1289400423133906,0.9999999999999948,/fs5/p_masi/saundam1/outputs/crossing_fibers/fissile_data/10examples_2fibers_12-14-24_18-45-50.mat,2.0,1.401805084705254,1.401805084705254,1.4018050525174817,FISSILE,0.9999999999999968,3.650024149988857e-08,0.03671710115485119
365,162,1,2,2,0.8677065608031592,3.879812256287724,0.9077770588414604,0.8677065549032374,3.879812273369432,0.8710599576866083,0.9999999999999988,/fs5/p_masi/saundam1/outputs/crossing_fibers/fissile_data/10examples_2fibers_12-14-24_18-45-50.mat,2.0,1.401805084705254,1.401805084705254,1.4018050525174817,FISSILE,0.9999999999999968,0.0,0.03671710115485216
366,163,0,2,2,0.3349322156064453,0.9201609471910708,0.5644852804994217,0.3349322155219041,0.920160947725826,0.558678886527873,1.0,/fs5/p_masi/saundam1/outputs/crossing_fibers/fissile_data/10examples_2fibers_12-14-24_18-45-50.mat,3.0,1.2497448685559756,1.2497448685559756,1.2497448601370122,FISSILE,0.9999999999999998,0.0,0.005806393971548696
367,163,1,2,2,1.222353054837238,2.5132859712256783,0.4355147195005783,1.2223530478186595,2.513285966160086,0.4413211134721267,0.9999999999999994,/fs5/p_masi/saundam1/outputs/crossing_fibers/fissile_data/10examples_2fibers_12-14-24_18-45-50.mat,3.0,1.2497448685559756,1.2497448685559756,1.2497448601370122,FISSILE,0.9999999999999998,0.0,0.005806393971548418
368,164,0,2,2,1.296751937947903,5.937796339804166,0.7472098869703915,1.2967519318096756,5.937796346911115,0.724950575848808,0.9999999999999996,/fs5/p_masi/saundam1/outputs/crossing_fibers/fissile_data/10examples_2fibers_12-14-24_18-45-50.mat,4.0,0.4074253070731526,0.4074253070731526,0.4074253126578138,FISSILE,0.9999999999999991,1.4901161193847656e-08,0.022259311121583525
369,164,1,2,2,1.4493051037398104,5.551984418636808,0.2527901130296086,1.4493050954999889,5.551984418168264,0.2750494241511927,0.9999999999999988,/fs5/p_masi/saundam1/outputs/crossing_fibers/fissile_data/10examples_2fibers_12-14-24_18-45-50.mat,4.0,0.4074253070731526,0.4074253070731526,0.4074253126578138,FISSILE,0.9999999999999991,0.0,0.022259311121584135
370,165,0,2,2,0.9462667588251144,5.291474646929865,0.560486434947862,0.9462667503386918,5.2914746560636425,0.5550401278666827,0.9999999999999992,/fs5/p_masi/saundam1/outputs/crossing_fibers/fissile_data/10examples_2fibers_12-14-24_18-45-50.mat,5.0,0.4834009373110716,0.4834009373110716,0.4834009315728241,FISSILE,0.9999999999999993,0.0,0.005446307081179325
371,165,1,2,2,0.7880401444850957,5.896480180615849,0.439513565052138,0.7880401389994927,5.896480186653714,0.4449598721333172,0.9999999999999996,/fs5/p_masi/saundam1/outputs/crossing_fibers/fissile_data/10examples_2fibers_12-14-24_18-45-50.mat,5.0,0.4834009373110716,0.4834009373110716,0.4834009315728241,FISSILE,0.9999999999999993,0.0,0.005446307081179214
372,166,0,2,2,1.0248132569355142,4.896473128126053,0.3220850451943727,1.0248132566190995,4.896473129771006,0.3381048835788339,1.0,/fs5/p_masi/saundam1/outputs/crossing_fibers/fissile_data/10examples_2fibers_12-14-24_18-45-50.mat,6.0,2.27732137920314,2.2773213792031397,2.277321373213096,FISSILE,1.0,0.0,0.016019838384461194
373,166,1,2,2,1.3703628849767873,1.300628159888106,0.6779149548056274,1.370362880439225,1.3006281578462318,0.661895116421166,1.0,/fs5/p_masi/saundam1/outputs/crossing_fibers/fissile_data/10examples_2fibers_12-14-24_18-45-50.mat,6.0,2.27732137920314,2.2773213792031397,2.277321373213096,FISSILE,1.0,0.0,0.016019838384461305
374,167,0,2,2,1.4090860572887882,2.730788877590166,0.677591580642094,1.409086055703807,2.7307888761122383,0.6616008671317837,1.0,/fs5/p_masi/saundam1/outputs/crossing_fibers/fissile_data/10examples_2fibers_12-14-24_18-45-50.mat,7.0,1.006881210324894,1.006881210324894,1.0068812209122304,FISSILE,0.9999999999999993,1.4901161193847656e-08,0.01599071351031034
375,167,1,2,2,1.3722193745040243,3.7552102113344894,0.322408419357906,1.372219383538179,3.755210220277172,0.3383991328682164,0.9999999999999988,/fs5/p_masi/saundam1/outputs/crossing_fibers/fissile_data/10examples_2fibers_12-14-24_18-45-50.mat,7.0,1.006881210324894,1.006881210324894,1.0068812209122304,FISSILE,0.9999999999999993,1.4901161193847656e-08,0.015990713510310395
376,168,0,2,2,1.292525139547906,0.4805259163768895,0.2030303873091256,1.2925251678635847,0.4805259103352093,0.2297701622061262,0.9999999999999972,/fs5/p_masi/saundam1/outputs/crossing_fibers/fissile_data/10examples_2fibers_12-14-24_18-45-50.mat,8.0,2.004718268278632,2.0047182682786318,2.004718283845818,FISSILE,0.9999999999999987,2.9802322387695312e-08,0.026739774897000607
377,168,1,2,2,0.9200988858418088,4.318702051531199,0.7969696126908743,0.9200988839874004,4.318702057470448,0.7702298377938741,1.0,/fs5/p_masi/saundam1/outputs/crossing_fibers/fissile_data/10examples_2fibers_12-14-24_18-45-50.mat,8.0,2.004718268278632,2.0047182682786318,2.004718283845818,FISSILE,0.9999999999999987,0.0,0.02673977489700019
378,169,0,2,2,0.2060243987782958,2.938553568431012,0.7101288841204227,0.2060243964600897,2.9385535669885425,0.6912084426404762,1.0,/fs5/p_masi/saundam1/outputs/crossing_fibers/fissile_data/10examples_2fibers_12-14-24_18-45-50.mat,9.0,0.8409222099903104,0.8409222099903104,0.8409222078562222,FISSILE,0.9999999999999998,0.0,0.018920441479946537
379,169,1,2,2,0.710653991576535,0.769745677105918,0.2898711158795773,0.710653992989193,0.7697456885657372,0.3087915573595233,0.9999999999999996,/fs5/p_masi/saundam1/outputs/crossing_fibers/fissile_data/10examples_2fibers_12-14-24_18-45-50.mat,9.0,0.8409222099903104,0.8409222099903104,0.8409222078562222,FISSILE,0.9999999999999998,2.1073424255447017e-08,0.018920441479945982
380,170,0,3,3,0.7454330299814531,2.6748570832196337,0.3454516147229172,0.7454330331332242,2.674857078272453,0.3443604636980636,1.0,/fs5/p_masi/saundam1/outputs/crossing_fibers/fissile_data/10examples_3fibers_12-07-24_05-04-54.mat,0.0,,,,FISSILE,0.9999999999999994,0.0,0.001091151024853576
381,170,1,3,3,0.9709534166726016,4.953722409755756,0.1334057158108104,0.9709534023233856,4.953722426132591,0.1514076224306642,0.9999999999999984,/fs5/p_masi/saundam1/outputs/crossing_fibers/fissile_data/10examples_3fibers_12-07-24_05-04-54.mat,0.0,,,,FISSILE,0.9999999999999994,2.1073424255447017e-08,0.01800190661985379
382,170,2,3,3,1.270289255270878,5.457136016963111,0.5211426694662725,1.2702892504342962,5.457136021776653,0.5042319138712713,0.9999999999999998,/fs5/p_masi/saundam1/outputs/crossing_fibers/fissile_data/10examples_3fibers_12-07-24_05-04-54.mat,0.0,,,,FISSILE,0.9999999999999994,1.4901161193847656e-08,0.016910755595001215
383,171,0,3,3,0.9462667588251144,2.149881993340072,0.1721131142419579,0.94626672604957,2.149881963315041,0.1866297078570985,0.9999999999999888,/fs5/p_masi/saundam1/outputs/crossing_fibers/fissile_data/10examples_3fibers_12-07-24_05-04-54.mat,1.0,,,,FISSILE,0.9999999999999957,3.942476676500724e-08,0.0145165936151406
384,171,1,3,3,1.4476853384205146,3.4830667745076807,0.5281079289645774,1.4476853359646358,3.4830667850629493,0.5105700129101468,0.9999999999999992,/fs5/p_masi/saundam1/outputs/crossing_fibers/fissile_data/10examples_3fibers_12-07-24_05-04-54.mat,1.0,,,,FISSILE,0.9999999999999957,2.1073424255447017e-08,0.017537916054430558
385,171,2,3,3,1.530108034446189,5.551593015613682,0.2997789567934646,1.530108032328731,5.551593016732916,0.3028002792327549,0.9999999999999992,/fs5/p_masi/saundam1/outputs/crossing_fibers/fissile_data/10examples_3fibers_12-07-24_05-04-54.mat,1.0,,,,FISSILE,0.9999999999999957,0.0,0.003021322439290264
386,172,0,3,3,0.7306706752622402,1.388259522437021,0.5203405367365086,0.7306706907893759,1.3882596207199838,0.5035021658363632,0.9999999999999678,/fs5/p_masi/saundam1/outputs/crossing_fibers/fissile_data/10examples_3fibers_12-07-24_05-04-54.mat,2.0,,,,FISSILE,0.9999999999992498,6.989264130329237e-08,0.016838370900145394
387,172,1,3,3,0.2599898112942928,1.027967630450874,0.0243128953237375,0.259990133607151,1.0279654551642758,0.0521377534033837,0.9999999999977957,/fs5/p_masi/saundam1/outputs/crossing_fibers/fissile_data/10examples_3fibers_12-07-24_05-04-54.mat,2.0,,,,FISSILE,0.9999999999992498,6.454112478407648e-07,0.027824858079646204
388,172,2,3,3,0.839946846723819,1.6254523947697257,0.4553465679397539,0.8399468812666466,1.6254524299398632,0.4443600807602522,0.9999999999999858,/fs5/p_masi/saundam1/outputs/crossing_fibers/fissile_data/10examples_3fibers_12-07-24_05-04-54.mat,2.0,,,,FISSILE,0.9999999999992498,4.2146848510894035e-08,0.010986487179501736
389,173,0,3,7,1.1770900850324717,4.294197501760929,0.034406912501762,0.4719941190275363,4.730789005161913,0.084685675508838,-0.1572474652884772,/fs5/p_masi/saundam1/outputs/crossing_fibers/fissile_data/10examples_3fibers_12-07-24_05-04-54.mat,3.0,,,,FISSILE,0.33405747355072335,0.7638706788756381,0.050278763007076004
390,173,1,3,7,0.9942771800214104,0.3409306366957782,0.0835423339900421,0.7963139025768883,0.6072204012599967,0.2072396149211985,0.2292764147787536,/fs5/p_masi/saundam1/outputs/crossing_fibers/fissile_data/10examples_3fibers_12-07-24_05-04-54.mat,3.0,,,,FISSILE,0.33405747355072335,0.28611353785470406,0.1236972809311564
391,173,2,3,7,1.4376104465649342,4.4884378248359535,0.882050753508196,1.5294409047873194,4.470920554157447,0.4497635004449737,0.9301434711618936,/fs5/p_masi/saundam1/outputs/crossing_fibers/fissile_data/10examples_3fibers_12-07-24_05-04-54.mat,3.0,,,,FISSILE,0.33405747355072335,0.09347265745285119,0.43228725306322224
392,174,0,3,3,1.0132154513014286,0.2047560389316076,0.224604324070013,1.013215278476628,0.2047557932565378,0.2343942102832542,0.9999999999994792,/fs5/p_masi/saundam1/outputs/crossing_fibers/fissile_data/10examples_3fibers_12-07-24_05-04-54.mat,4.0,,,,FISSILE,0.9999999999997303,2.702825836422609e-07,0.0097898862132412
393,174,1,3,3,1.2566370614359172,0.5535743588970454,0.499555489446325,1.2566369586639057,0.5535742104840244,0.4845887256480733,0.9999999999997902,/fs5/p_masi/saundam1/outputs/crossing_fibers/fissile_data/10examples_3fibers_12-07-24_05-04-54.mat,4.0,,,,FISSILE,0.9999999999997303,1.7504900879369295e-07,0.014966763798251681
394,174,2,3,3,1.5047599827546627,1.1782358907081365,0.2758401864836619,1.5047599275261456,1.1782358031397775,0.2810170640686721,0.9999999999999212,/fs5/p_masi/saundam1/outputs/crossing_fibers/fissile_data/10examples_3fibers_12-07-24_05-04-54.mat,4.0,,,,FISSILE,0.9999999999997303,1.0323827311807143e-07,0.005176877585010231
395,175,0,3,3,0.7393803101831732,3.3224329803100083,0.5059516163417399,0.7393803080107744,3.32243299881139,0.4904087018000995,0.9999999999999982,/fs5/p_masi/saundam1/outputs/crossing_fibers/fissile_data/10examples_3fibers_12-07-24_05-04-54.mat,5.0,,,,FISSILE,0.9999999999999978,0.0,0.015542914541640418
396,175,1,3,3,1.390220648538142,6.215428222193882,0.2480344523499542,1.3902206555143473,6.215428229350082,0.2557149277677245,0.9999999999999992,/fs5/p_masi/saundam1/outputs/crossing_fibers/fissile_data/10examples_3fibers_12-07-24_05-04-54.mat,5.0,,,,FISSILE,0.9999999999999978,0.0,0.007680475417770283
397,175,2,3,3,1.1533429638878017,5.922598235388773,0.2460139313083059,1.1533429727379465,5.9225982572612805,0.2538763704321758,0.999999999999996,/fs5/p_masi/saundam1/outputs/crossing_fibers/fissile_data/10examples_3fibers_12-07-24_05-04-54.mat,5.0,,,,FISSILE,0.9999999999999978,2.5809568279517847e-08,0.007862439123869913
398,176,0,3,3,1.504705815310903,1.247735325612087,0.1087980000646785,1.5047057746262278,1.2477353315597752,0.1290156464996313,0.9999999999999896,/fs5/p_masi/saundam1/outputs/crossing_fibers/fissile_data/10examples_3fibers_12-07-24_05-04-54.mat,6.0,,,,FISSILE,0.999999999999996,4.2146848510894035e-08,0.020217646434952788
399,176,1,3,3,0.7921592486059129,1.9996316789362527,0.1848238132336634,0.7921592516054508,1.999631675536352,0.1981958966874036,0.9999999999999988,/fs5/p_masi/saundam1/outputs/crossing_fibers/fissile_data/10examples_3fibers_12-07-24_05-04-54.mat,6.0,,,,FISSILE,0.999999999999996,0.0,0.013372083453740191
400,176,2,3,3,0.5968506219704491,4.903018969103802,0.7063781867016582,0.5968506136140573,4.9030189759640495,0.6727884568129642,0.9999999999999994,/fs5/p_masi/saundam1/outputs/crossing_fibers/fissile_data/10examples_3fibers_12-07-24_05-04-54.mat,6.0,,,,FISSILE,0.999999999999996,0.0,0.03358972988869402
401,177,0,3,3,0.6136996820059474,3.070904409703098,0.6292426804331694,0.6136996770694784,3.0709043898916577,0.6025983826588845,0.9999999999999988,/fs5/p_masi/saundam1/outputs/crossing_fibers/fissile_data/10examples_3fibers_12-07-24_05-04-54.mat,7.0,,,,FISSILE,0.9999999999999978,0.0,0.026644297774284897
402,177,1,3,3,0.839946846723819,1.5161402588200676,0.1741421234804717,0.8399468311799395,1.5161402840583609,0.1884760198576299,0.9999999999999956,/fs5/p_masi/saundam1/outputs/crossing_fibers/fissile_data/10examples_3fibers_12-07-24_05-04-54.mat,7.0,,,,FISSILE,0.9999999999999978,2.9802322387695312e-08,0.014333896377158206
403,177,2,3,3,1.4884608659363203,6.14926190121149,0.196615196086359,1.4884608697875588,6.1492619099551575,0.2089255974834855,0.9999999999999992,/fs5/p_masi/saundam1/outputs/crossing_fibers/fissile_data/10examples_3fibers_12-07-24_05-04-54.mat,7.0,,,,FISSILE,0.9999999999999978,0.0,0.012310401397126497
404,178,0,3,6,1.371135021845925,1.3738586221832108,0.0044689315046954,1.1829277073680362,1.5664859485198772,0.2570376414399988,0.4606541554708327,/fs5/p_masi/saundam1/outputs/crossing_fibers/fissile_data/10examples_3fibers_12-07-24_05-04-54.mat,8.0,,,,FISSILE,0.17786405033621885,0.2632095202929737,0.2525687099353034
405,178,1,3,6,1.3778208455722298,3.3450826625006127,0.1322422672280406,0.9637892350237184,3.434508468137828,0.0191891476407926,-0.153772366626331,/fs5/p_masi/saundam1/outputs/crossing_fibers/fissile_data/10examples_3fibers_12-07-24_05-04-54.mat,8.0,,,,FISSILE,0.17786405033621885,0.4219666525094318,0.11305311958724801
406,178,2,3,6,1.5040053852693311,4.75374132903587,0.8632888012672639,0.608820376807334,4.420023736284683,0.4878680020180518,0.2267103621641548,/fs5/p_masi/saundam1/outputs/crossing_fibers/fissile_data/10examples_3fibers_12-07-24_05-04-54.mat,8.0,,,,FISSILE,0.17786405033621885,0.9349064013046623,0.3754207992492121
407,179,0,3,3,0.9187362058205464,4.409495127772628,0.4431811911583944,0.9187362009797528,4.409495120435087,0.4332902632614312,0.9999999999999992,/fs5/p_masi/saundam1/outputs/crossing_fibers/fissile_data/10examples_3fibers_12-07-24_05-04-54.mat,9.0,,,,FISSILE,0.9999999999999591,0.0,0.009890927896963164
408,179,1,3,3,1.5047599827546627,1.1782358907081365,0.5353700305641746,1.5047599783879186,1.1782358832978004,0.517178226628944,0.9999999999999992,/fs5/p_masi/saundam1/outputs/crossing_fibers/fissile_data/10examples_3fibers_12-07-24_05-04-54.mat,9.0,,,,FISSILE,0.9999999999999591,0.0,0.018191803935230677
409,179,2,3,3,0.9030911644237832,0.4785392116999826,0.0214487782774309,0.9030912274030752,0.4785393280431069,0.0495315101096241,0.9999999999998788,/fs5/p_masi/saundam1/outputs/crossing_fibers/fissile_data/10examples_3fibers_12-07-24_05-04-54.mat,9.0,,,,FISSILE,0.9999999999999591,1.1151007970493862e-07,0.028082731832193203
410,180,0,3,3,0.7454330299814531,2.6748570832196337,0.3454516147229172,0.7454330273707255,2.6748571011930324,0.3443604624731008,0.9999999999999988,/fs5/p_masi/saundam1/outputs/crossing_fibers/fissile_data/10examples_3fibers_12-06-24_17-27-50.mat,0.0,,,,FISSILE,0.9999999999999994,0.0,0.001091152249816374
411,180,1,3,3,0.9709534166726016,4.953722409755756,0.1334057158108104,0.9709534143302844,4.953722402882925,0.1514076001684858,0.9999999999999994,/fs5/p_masi/saundam1/outputs/crossing_fibers/fissile_data/10examples_3fibers_12-06-24_17-27-50.mat,0.0,,,,FISSILE,0.9999999999999994,0.0,0.018001884357675413
412,180,2,3,3,1.270289255270878,5.457136016963111,0.5211426694662725,1.270289248570904,5.457136016453339,0.5042319373584127,0.9999999999999998,/fs5/p_masi/saundam1/outputs/crossing_fibers/fissile_data/10examples_3fibers_12-06-24_17-27-50.mat,0.0,,,,FISSILE,0.9999999999999994,0.0,0.01691073210785987
413,181,0,3,3,0.9462667588251144,2.149881993340072,0.1721131142419579,0.9462667840594142,2.149882004427357,0.1866297393958929,0.999999999999992,/fs5/p_masi/saundam1/outputs/crossing_fibers/fissile_data/10examples_3fibers_12-06-24_17-27-50.mat,1.0,,,,FISSILE,0.9999999999999959,2.9802322387695312e-08,0.014516625153934981
414,181,1,3,3,1.4476853384205146,3.4830667745076807,0.5281079289645774,1.4476853464621415,3.4830667900975016,0.5105700031135313,0.999999999999998,/fs5/p_masi/saundam1/outputs/crossing_fibers/fissile_data/10examples_3fibers_12-06-24_17-27-50.mat,1.0,,,,FISSILE,0.9999999999999959,2.1073424255447017e-08,0.017537925851046077
415,181,2,3,3,1.530108034446189,5.551593015613682,0.2997789567934646,1.5301080194137684,5.551593010922408,0.3028002574905757,0.9999999999999976,/fs5/p_masi/saundam1/outputs/crossing_fibers/fissile_data/10examples_3fibers_12-06-24_17-27-50.mat,1.0,,,,FISSILE,0.9999999999999959,1.4901161193847656e-08,0.0030213006971110956
416,182,0,3,3,0.7306706752622402,1.388259522437021,0.5203405367365086,0.7306704469510037,1.388258724047175,0.503499441231198,0.9999999999976266,/fs5/p_masi/saundam1/outputs/crossing_fibers/fissile_data/10examples_3fibers_12-06-24_17-27-50.mat,2.0,,,,FISSILE,0.9999999999968082,5.798064606888292e-07,0.016841095505310544
417,182,1,3,3,0.2599898112942928,1.027967630450874,0.0243128953237375,0.2599895261406468,1.0279705559389207,0.0521377370855851,0.9999999999954086,/fs5/p_masi/saundam1/outputs/crossing_fibers/fissile_data/10examples_3fibers_12-06-24_17-27-50.mat,2.0,,,,FISSILE,0.9999999999968082,8.043867097059574e-07,0.0278248417618476
418,182,2,3,3,0.839946846723819,1.6254523947697257,0.4553465679397539,0.8399464446933858,1.625451781234139,0.4443628216832165,0.9999999999973892,/fs5/p_masi/saundam1/outputs/crossing_fibers/fissile_data/10examples_3fibers_12-06-24_17-27-50.mat,2.0,,,,FISSILE,0.9999999999968082,6.085806446272866e-07,0.010983746256537419
419,183,0,3,3,1.1770900850324717,4.294197501760929,0.034406912501762,1.1770897718149058,4.2941972877293,0.061322793108923,0.9999999999991672,/fs5/p_masi/saundam1/outputs/crossing_fibers/fissile_data/10examples_3fibers_12-06-24_17-27-50.mat,3.0,,,,FISSILE,0.9999999999997171,3.704369930820502e-07,0.026915880607161005
420,183,1,3,3,0.9942771800214104,0.3409306366957782,0.0835423339900421,0.99427716407574,0.3409306182003636,0.1060340551376053,0.9999999999999856,/fs5/p_masi/saundam1/outputs/crossing_fibers/fissile_data/10examples_3fibers_12-06-24_17-27-50.mat,3.0,,,,FISSILE,0.9999999999997171,2.1073424255447017e-08,0.022491721147563204
421,183,2,3,3,1.4376104465649342,4.4884378248359535,0.882050753508196,1.437610428997905,4.488437827135433,0.8326431517534709,0.9999999999999988,/fs5/p_masi/saundam1/outputs/crossing_fibers/fissile_data/10examples_3fibers_12-06-24_17-27-50.mat,3.0,,,,FISSILE,0.9999999999997171,1.4901161193847656e-08,0.04940760175472503
422,184,0,3,3,1.10741320071945,5.86163352510412,0.1242639462333522,1.1074132916447414,5.861633516522998,0.143088947673382,0.9999999999999428,/fs5/p_masi/saundam1/outputs/crossing_fibers/fissile_data/10examples_3fibers_12-06-24_17-27-50.mat,4.0,,,,FISSILE,0.9999999999999791,9.064022496787043e-08,0.018825001440029812
423,184,1,3,3,0.6890654591014862,6.029434633503114,0.3297563978990742,0.6890654822741481,6.029434617160956,0.3300785130875996,0.9999999999999952,/fs5/p_masi/saundam1/outputs/crossing_fibers/fissile_data/10examples_3fibers_12-06-24_17-27-50.mat,4.0,,,,FISSILE,0.9999999999999791,2.1073424255447017e-08,0.0003221151885254292
424,184,2,3,3,1.2866695022976236,4.108464616964612,0.5459796558675736,1.286669500416846,4.108464628537984,0.5268325392390183,0.9999999999999992,/fs5/p_masi/saundam1/outputs/crossing_fibers/fissile_data/10examples_3fibers_12-06-24_17-27-50.mat,4.0,,,,FISSILE,0.9999999999999791,2.1073424255447017e-08,0.019147116628555283
425,185,0,3,3,1.4090860572887882,2.730788877590166,0.2352210770991005,1.409086050255758,2.7307888681964294,0.2440553124506028,0.9999999999999988,/fs5/p_masi/saundam1/outputs/crossing_fibers/fissile_data/10examples_3fibers_12-06-24_17-27-50.mat,5.0,,,,FISSILE,0.9999999999999979,1.4901161193847656e-08,0.008834235351502295
426,185,1,3,3,0.591045427522496,2.0105636580769364,0.1598099668089157,0.59104544227883,2.0105636865709067,0.1754343714362176,0.9999999999999956,/fs5/p_masi/saundam1/outputs/crossing_fibers/fissile_data/10examples_3fibers_12-06-24_17-27-50.mat,5.0,,,,FISSILE,0.9999999999999979,1.4901161193847656e-08,0.015624404627301886
427,185,2,3,3,1.3048053164239135,1.7399837255473904,0.6049689560919838,1.3048053117229133,1.739983721159477,0.5805103161131798,0.9999999999999996,/fs5/p_masi/saundam1/outputs/crossing_fibers/fissile_data/10examples_3fibers_12-06-24_17-27-50.mat,5.0,,,,FISSILE,0.9999999999999979,1.4901161193847656e-08,0.02445863997880393
428,186,0,3,3,0.6002842202616814,4.144541982440777,0.459115984438836,0.6002842105234509,4.144541994730695,0.4477902661609563,0.9999999999999992,/fs5/p_masi/saundam1/outputs/crossing_fibers/fissile_data/10examples_3fibers_12-06-24_17-27-50.mat,6.0,,,,FISSILE,0.9999999999999988,2.1073424255447017e-08,0.011325718277879704
429,186,1,3,3,0.6556542281959249,5.069322082792236,0.2473359390004523,0.6556542391207224,5.0693221052753925,0.2550793112819785,0.9999999999999976,/fs5/p_masi/saundam1/outputs/crossing_fibers/fissile_data/10examples_3fibers_12-06-24_17-27-50.mat,6.0,,,,FISSILE,0.9999999999999988,1.4901161193847656e-08,0.007743372281526217
430,186,2,3,3,1.3398487871450329,5.474785264117527,0.2935480765607116,1.3398487930930385,5.474785270823855,0.2971304225570645,0.9999999999999994,/fs5/p_masi/saundam1/outputs/crossing_fibers/fissile_data/10examples_3fibers_12-06-24_17-27-50.mat,6.0,,,,FISSILE,0.9999999999999988,0.0,0.0035823459963529314
431,187,0,3,3,0.1570796326794893,5.7296109482825415,0.3775426751677913,0.1570796277862045,5.729610958062203,0.373561967170221,0.9999999999999996,/fs5/p_masi/saundam1/outputs/crossing_fibers/fissile_data/10examples_3fibers_12-06-24_17-27-50.mat,7.0,,,,FISSILE,0.9999999999999994,0.0,0.003980707997570276
432,187,1,3,3,1.3208770965686027,3.210348050754235,0.3689555685333269,1.3208770876233649,3.2103480574061543,0.3657480745423714,0.9999999999999994,/fs5/p_masi/saundam1/outputs/crossing_fibers/fissile_data/10examples_3fibers_12-06-24_17-27-50.mat,7.0,,,,FISSILE,0.9999999999999994,0.0,0.00320749399095549
433,187,2,3,3,0.8991295884079512,1.5707963267948966,0.2535017562988816,0.8991295789227951,1.5707963188815508,0.260689958287407,0.9999999999999992,/fs5/p_masi/saundam1/outputs/crossing_fibers/fissile_data/10examples_3fibers_12-06-24_17-27-50.mat,7.0,,,,FISSILE,0.9999999999999994,0.0,0.007188201988525378
434,188,0,3,3,0.3977915168199541,1.3996177033508015,0.213581924060545,0.3977915111453694,1.3996177033801445,0.2243645912209633,0.9999999999999996,/fs5/p_masi/saundam1/outputs/crossing_fibers/fissile_data/10examples_3fibers_12-06-24_17-27-50.mat,8.0,,,,FISSILE,0.9999999999999977,0.0,0.010782667160418313
435,188,1,3,3,1.0172219678978514,4.71238898038469,0.679408574047361,1.0172219622258027,4.712388987427927,0.6482472447801507,0.9999999999999998,/fs5/p_masi/saundam1/outputs/crossing_fibers/fissile_data/10examples_3fibers_12-06-24_17-27-50.mat,8.0,,,,FISSILE,0.9999999999999977,0.0,0.03116132926721027
436,188,2,3,3,0.7297539262068373,4.208085926610739,0.107009501892094,0.7297539238807181,4.208085885930797,0.1273881639988846,0.9999999999999936,/fs5/p_masi/saundam1/outputs/crossing_fibers/fissile_data/10examples_3fibers_12-06-24_17-27-50.mat,8.0,,,,FISSILE,0.9999999999999977,2.5809568279517847e-08,0.02037866210679061
437,189,0,3,3,0.6879088400125204,0.8723246803656531,0.7203319743306772,0.687908833187751,0.8723246737095054,0.6854858159546348,0.9999999999999998,/fs5/p_masi/saundam1/outputs/crossing_fibers/fissile_data/10examples_3fibers_12-06-24_17-27-50.mat,9.0,,,,FISSILE,0.9999999999999925,0.0,0.034846158376042435
438,189,1,3,3,1.2247205764024218,2.7889934612189364,0.1080491040467513,1.2247205239453307,2.788993442902896,0.1283341594596339,0.9999999999999808,/fs5/p_masi/saundam1/outputs/crossing_fibers/fissile_data/10examples_3fibers_12-06-24_17-27-50.mat,9.0,,,,FISSILE,0.9999999999999925,5.575503985246929e-08,0.020285055412882586
439,189,2,3,3,0.5497787143782139,5.7296109482825415,0.1716189216225714,0.5497787194383598,5.72961093726915,0.1861800245857303,0.9999999999999968,/fs5/p_masi/saundam1/outputs/crossing_fibers/fissile_data/10examples_3fibers_12-06-24_17-27-50.mat,9.0,,,,FISSILE,0.9999999999999925,0.0,0.014561102963158906
440,190,0,2,2,0.4202609774575368,3.344761599639522,0.6653588865084825,0.420260977036374,3.3447616203213526,0.6504696342796761,0.9999999999999992,/fs5/p_masi/saundam1/outputs/crossing_fibers/fissile_data/10examples_2fibers_12-11-24_00-39-24.mat,0.0,1.1710390392974632,1.1710390392974632,1.171039032898278,FISSILE,0.9999999999999993,0.0,0.014889252228806438
441,190,1,2,2,1.3710846760434117,4.368330001227018,0.3346411134915176,1.3710846751314745,4.3683300064502175,0.3495303657203233,0.9999999999999996,/fs5/p_masi/saundam1/outputs/crossing_fibers/fissile_data/10examples_2fibers_12-11-24_00-39-24.mat,0.0,1.1710390392974632,1.1710390392974632,1.171039032898278,FISSILE,0.9999999999999993,0.0,0.014889252228805716
442,191,0,2,2,1.504037367841464,1.4599379695318893,0.5157888141240583,1.5040373694578817,1.4599379649981783,0.5143671527367893,1.0,/fs5/p_masi/saundam1/outputs/crossing_fibers/fissile_data/10examples_2fibers_12-11-24_00-39-24.mat,1.0,1.8412969944818087,1.8412969944818087,1.841297010400225,FISSILE,0.9999999999999993,0.0,0.0014216613872689576
443,191,1,2,2,1.1621684173839673,3.357295816574457,0.4842111858759416,1.1621684057177952,3.357295831487505,0.4856328472632113,0.9999999999999988,/fs5/p_masi/saundam1/outputs/crossing_fibers/fissile_data/10examples_2fibers_12-11-24_00-39-24.mat,1.0,1.8412969944818087,1.8412969944818087,1.841297010400225,FISSILE,0.9999999999999993,2.1073424255447017e-08,0.0014216613872697348
444,192,0,2,5,1.422843622914202,5.357724337324074,0.0836114867053884,1.422843287635569,5.357724577876651,0.0940913695722591,0.9999999999988236,/fs5/p_masi/saundam1/outputs/crossing_fibers/fissile_data/10examples_2fibers_12-11-24_00-39-24.mat,2.0,1.310033988786116,1.310033988786116,1.3100336621953623,FISSILE,0.9999999999994083,4.1079666471750495e-07,0.010479882866870696
445,192,1,2,5,1.2580641470514884,0.4176111779534488,0.9163885132946116,1.258064133833361,0.4176111750558819,0.8518832868190216,0.9999999999999928,/fs5/p_masi/saundam1/outputs/crossing_fibers/fissile_data/10examples_2fibers_12-11-24_00-39-24.mat,2.0,1.310033988786116,1.310033988786116,1.3100336621953623,FISSILE,0.9999999999994083,0.0,0.06450522647558998
446,193,0,2,2,0.518558571013457,3.553056078539199,0.8225676288862362,0.5185585662918991,3.5530561014480546,0.793522930295717,0.9999999999999992,/fs5/p_masi/saundam1/outputs/crossing_fibers/fissile_data/10examples_2fibers_12-11-24_00-39-24.mat,3.0,0.4718200374678366,0.4718200374678366,0.4718200138533964,FISSILE,0.999999999999985,1.4901161193847656e-08,0.02904469859051928
447,193,1,2,2,0.7554566973856532,2.8466020977710014,0.1774323711137637,0.7554566439914042,2.846602093599931,0.2064770697042826,0.9999999999999708,/fs5/p_masi/saundam1/outputs/crossing_fibers/fissile_data/10examples_2fibers_12-11-24_00-39-24.mat,3.0,0.4718200374678366,0.4718200374678366,0.4718200138533964,FISSILE,0.999999999999985,5.372690074837192e-08,0.02904469859051889
448,194,0,2,2,1.1059790613838336,2.1950765316475818,0.5852598535712447,1.105979068278566,2.1950765233970166,0.5775829041715957,0.9999999999999988,/fs5/p_masi/saundam1/outputs/crossing_fibers/fissile_data/10examples_2fibers_12-11-24_00-39-24.mat,4.0,2.627262175887432,2.627262175887432,2.6272621570032357,FISSILE,0.9999999999999979,1.4901161193847656e-08,0.0076769493996489135
449,194,1,2,2,1.530143024525423,5.435113046780901,0.4147401464287554,1.5301430005557952,5.435113050051618,0.422417095828404,0.999999999999997,/fs5/p_masi/saundam1/outputs/crossing_fibers/fissile_data/10examples_2fibers_12-11-24_00-39-24.mat,4.0,2.627262175887432,2.627262175887432,2.6272621570032357,FISSILE,0.9999999999999979,2.1073424255447017e-08,0.0076769493996485805
450,195,0,2,4,1.3361950835851348,3.4166382900121346,0.9659615458303769,1.3361950760363586,3.4166382937694624,0.901494872373196,0.9999999999999996,/fs5/p_masi/saundam1/outputs/crossing_fibers/fissile_data/10examples_2fibers_12-11-24_00-39-24.mat,5.0,1.750346235473828,1.750346235473828,1.7503461347583815,FISSILE,0.9999999999964475,1.4901161193847656e-08,0.06446667345718082
451,195,1,2,4,0.9712666799191974,5.383453714301523,0.0340384541696231,0.97126541940003,5.383454277382443,0.0534841336176377,0.9999999999928956,/fs5/p_masi/saundam1/outputs/crossing_fibers/fissile_data/10examples_2fibers_12-11-24_00-39-24.mat,5.0,1.750346235473828,1.750346235473828,1.7503461347583815,FISSILE,0.9999999999964475,1.3435857389987347e-06,0.019445679448014598
452,196,0,2,3,0.525786767258131,1.306312878927844,0.9820365064533344,0.5257868129966942,1.3063159505860156,0.9236261193144,0.999999999981124,/fs5/p_masi/saundam1/outputs/crossing_fibers/fissile_data/10examples_2fibers_12-11-24_00-39-24.mat,6.0,0.8628844020811717,0.8628844020811717,0.8629174836182354,FISSILE,0.9999999678806268,1.542396154419239e-06,0.05841038713893443
453,196,1,2,3,1.0132154513014286,0.2047560389316076,0.0179634935466657,1.013207654239704,0.2046803367573112,0.0463620398346541,0.9999999357801296,/fs5/p_masi/saundam1/outputs/crossing_fibers/fissile_data/10examples_2fibers_12-11-24_00-39-24.mat,6.0,0.8628844020811717,0.8628844020811717,0.8629174836182354,FISSILE,0.9999999678806268,6.470746507692757e-05,0.028398546287988397
454,197,0,2,2,0.7554566973856532,3.436583209408585,0.8292813732013697,0.7554566935317094,3.436583201724164,0.7996322058391392,0.9999999999999996,/fs5/p_masi/saundam1/outputs/crossing_fibers/fissile_data/10examples_2fibers_12-11-24_00-39-24.mat,7.0,0.6969468902796548,0.6969468902796548,0.6969469183958305,FISSILE,0.9999999999999966,0.0,0.029649167362230555
455,197,1,2,2,1.0210176124166828,2.588018294692748,0.1707186267986303,1.021017634171403,2.588018265360516,0.2003677941608607,0.9999999999999936,/fs5/p_masi/saundam1/outputs/crossing_fibers/fissile_data/10examples_2fibers_12-11-24_00-39-24.mat,7.0,0.6969468902796548,0.6969468902796548,0.6969469183958305,FISSILE,0.9999999999999966,3.650024149988857e-08,0.02964916736223039
456,198,0,2,4,1.504931796636225,2.033459442129372,0.00451943757079,1.5048747203183337,2.033448988875686,0.0266239169398389,0.999999984164478,/fs5/p_masi/saundam1/outputs/crossing_fibers/fissile_data/10examples_2fibers_12-11-24_00-39-24.mat,8.0,1.0092381038076474,1.0092381038076474,1.0091841436451618,FISSILE,0.9999999920553636,5.8021572326224674e-05,0.0221044793690489
457,198,1,2,4,0.7230583212566665,1.2835981883429477,0.99548056242921,0.7230586559266559,1.2835980056120604,0.928366859546063,0.9999999999462492,/fs5/p_masi/saundam1/outputs/crossing_fibers/fissile_data/10examples_2fibers_12-11-24_00-39-24.mat,8.0,1.0092381038076474,1.0092381038076474,1.0091841436451618,FISSILE,0.9999999920553636,3.5576034743527725e-07,0.067113702883147
458,199,0,2,2,0.7236604473241012,4.65096972077336,0.8173623607541857,0.723660439567308,4.6509697290931165,0.7887863877974595,1.0,/fs5/p_masi/saundam1/outputs/crossing_fibers/fissile_data/10examples_2fibers_12-11-24_00-39-24.mat,9.0,1.5054420608470362,1.5054420608470362,1.5054420585532984,FISSILE,0.9999999999999973,0.0,0.028575972956726203
459,199,1,2,2,1.4186612472793505,3.0063674019779163,0.1826376392458143,1.418661222375901,3.0063673834182985,0.2112136122025404,0.9999999999999948,/fs5/p_masi/saundam1/outputs/crossing_fibers/fissile_data/10examples_2fibers_12-11-24_00-39-24.mat,9.0,1.5054420608470362,1.5054420608470362,1.5054420585532984,FISSILE,0.9999999999999973,2.9802322387695312e-08,0.028575972956726092
460,200,0,2,6,0.7454330299814531,2.6748570832196337,0.9606279043096146,1.0234332831713142,3.72031009106427,0.9032769660599548,-0.014019836274378,/fs5/p_masi/saundam1/outputs/crossing_fibers/fissile_data/10examples_2fibers_12-13-24_02-40-05.mat,0.0,1.5201000836611005,1.5201000836611005,0.5684064907933924,FISSILE,-0.1019179162334562,0.8326946088537591,0.057350938249659866
461,200,1,2,6,0.9709534166726016,4.953722409755756,0.0393720956903853,0.5282629860463974,4.138722909048912,0.3044396379036952,-0.1898159961925344,/fs5/p_masi/saundam1/outputs/crossing_fibers/fissile_data/10examples_2fibers_12-13-24_02-40-05.mat,0.0,1.5201000836611005,1.5201000836611005,0.5684064907933924,FISSILE,-0.1019179162334562,0.6873806211978345,0.2650675422133099
462,201,0,2,2,1.239928899842257,1.203961801891077,0.6619710606510447,1.2399288937165254,1.2039617935016662,0.6473868441080196,0.9999999999999992,/fs5/p_masi/saundam1/outputs/crossing_fibers/fissile_data/10examples_2fibers_12-13-24_02-40-05.mat,1.0,1.4246556804584205,1.4246556804584205,1.4246556810344009,FISSILE,0.9999999999999996,0.0,0.014584216543025108
463,201,1,2,2,1.2580641470514884,2.7239814756363443,0.3380289393489553,1.258064146131595,2.7239814700585883,0.3526131558919804,0.9999999999999998,/fs5/p_masi/saundam1/outputs/crossing_fibers/fissile_data/10examples_2fibers_12-13-24_02-40-05.mat,1.0,1.4246556804584205,1.4246556804584205,1.4246556810344009,FISSILE,0.9999999999999996,0.0,0.014584216543025108
464,202,0,2,2,1.4392165982792575,1.06023652733314,0.8767819432682962,1.4392165908069838,1.0602365260231417,0.8428556935168318,0.9999999999999996,/fs5/p_masi/saundam1/outputs/crossing_fibers/fissile_data/10examples_2fibers_12-13-24_02-40-05.mat,2.0,2.1178290008160108,2.1178290008160108,2.1178290364417336,FISSILE,0.9999999999999933,1.4901161193847656e-08,0.03392624975146441
465,202,1,2,2,0.710653991576535,3.911338330695711,0.1232180567317038,0.7106540258928166,3.911338378043905,0.157144306483169,0.9999999999999872,/fs5/p_masi/saundam1/outputs/crossing_fibers/fissile_data/10examples_2fibers_12-13-24_02-40-05.mat,2.0,2.1178290008160108,2.1178290008160108,2.1178290364417336,FISSILE,0.9999999999999933,4.712160915387243e-08,0.03392624975146519
466,203,0,2,2,1.1092143952034603,6.2096091561357385,0.5691536939578323,1.1092143876046376,6.209609160524991,0.5629269577824393,0.9999999999999998,/fs5/p_masi/saundam1/outputs/crossing_fibers/fissile_data/10examples_2fibers_12-13-24_02-40-05.mat,3.0,0.9120257256972956,0.9120257256972956,0.9120257203423584,FISSILE,0.9999999999999999,0.0,0.006226736175393044
467,203,1,2,2,0.9462667588251144,0.9917106602497208,0.4308463060421676,0.946266755051634,0.991710662783722,0.4370730422175606,1.0,/fs5/p_masi/saundam1/outputs/crossing_fibers/fissile_data/10examples_2fibers_12-13-24_02-40-05.mat,3.0,0.9120257256972956,0.9120257256972956,0.9120257203423584,FISSILE,0.9999999999999999,0.0,0.006226736175392988
468,204,0,2,2,0.9855339610713372,2.5036269748657656,0.5331324960225077,0.9855339609954672,2.503626966845532,0.5301491738948425,0.9999999999999996,/fs5/p_masi/saundam1/outputs/crossing_fibers/fissile_data/10examples_2fibers_12-13-24_02-40-05.mat,4.0,1.4709662108234964,1.4709662108234964,1.470966209538584,FISSILE,0.9999999999999997,0.0,0.0029833221276651667
469,204,1,2,2,0.9827457074079812,4.377181595330073,0.4668675039774923,0.9827457015683334,4.3771815907178695,0.4698508261051571,0.9999999999999998,/fs5/p_masi/saundam1/outputs/crossing_fibers/fissile_data/10examples_2fibers_12-13-24_02-40-05.mat,4.0,1.4709662108234964,1.4709662108234964,1.470966209538584,FISSILE,0.9999999999999997,0.0,0.002983322127664778
470,205,0,2,2,0.5445954995813839,2.242790450362949,0.7338558729891278,0.5445954844254469,2.242790452931968,0.7127990669566221,0.9999999999999984,/fs5/p_masi/saundam1/outputs/crossing_fibers/fissile_data/10examples_2fibers_12-13-24_02-40-05.mat,5.0,0.3316398574588162,0.3316398574588162,0.3316398862083115,FISSILE,0.9999999999999927,2.1073424255447017e-08,0.021056806032505704
471,205,1,2,2,0.2356194490192346,2.588018294692748,0.2661441270108723,0.2356194152315548,2.588018416443598,0.2872009330433772,0.9999999999999868,/fs5/p_masi/saundam1/outputs/crossing_fibers/fissile_data/10examples_2fibers_12-13-24_02-40-05.mat,5.0,0.3316398574588162,0.3316398574588162,0.3316398862083115,FISSILE,0.9999999999999927,4.4703483581542975e-08,0.02105680603250487
472,206,0,2,2,0.2356194490192346,5.7296109482825415,0.5752079139334946,0.2356194438731982,5.729610953640411,0.5684360308264749,1.0,/fs5/p_masi/saundam1/outputs/crossing_fibers/fissile_data/10examples_2fibers_12-13-24_02-40-05.mat,6.0,0.765043944237197,0.765043944237197,0.7650439463757329,FISSILE,1.0,0.0,0.006771883107019705
473,206,1,2,2,0.9942771800214104,5.942254670483808,0.4247920860665054,0.9942771774408562,5.9422546714365225,0.4315639691735245,1.0,/fs5/p_masi/saundam1/outputs/crossing_fibers/fissile_data/10examples_2fibers_12-13-24_02-40-05.mat,6.0,0.765043944237197,0.765043944237197,0.7650439463757329,FISSILE,1.0,0.0,0.006771883107019094
474,207,0,2,2,0.6879088400125204,4.013917333955446,0.6820471079089545,0.687908831050093,4.013917339548886,0.6656552203237039,0.9999999999999996,/fs5/p_masi/saundam1/outputs/crossing_fibers/fissile_data/10examples_2fibers_12-13-24_02-40-05.mat,7.0,0.6444610312955071,0.6444610312955071,0.6444610277874523,FISSILE,0.9999999999999991,0.0,0.016391887585250564
475,207,1,2,2,0.2599898112942928,5.255217676728712,0.3179528920910456,0.2599898056606392,5.255217700556695,0.3343447796762956,0.9999999999999988,/fs5/p_masi/saundam1/outputs/crossing_fibers/fissile_data/10examples_2fibers_12-13-24_02-40-05.mat,7.0,0.6444610312955071,0.6444610312955071,0.6444610277874523,FISSILE,0.9999999999999991,0.0,0.01639188758525001
476,208,0,2,2,0.9827457074079812,4.377181595330073,0.1012489731377441,0.9827456965300904,4.377181617811212,0.1371533572047402,0.9999999999999954,/fs5/p_masi/saundam1/outputs/crossing_fibers/fissile_data/10examples_2fibers_12-13-24_02-40-05.mat,8.0,0.7102795235996127,0.7102795235996127,0.7102795113092261,FISSILE,0.9999999999999978,1.4901161193847656e-08,0.0359043840669961
477,208,1,2,2,0.3915868316834593,5.064583619065562,0.8987510268622558,0.3915868299807492,5.064583631224094,0.8628466427952592,1.0,/fs5/p_masi/saundam1/outputs/crossing_fibers/fissile_data/10examples_2fibers_12-13-24_02-40-05.mat,8.0,0.7102795235996127,0.7102795235996127,0.7102795113092261,FISSILE,0.9999999999999978,0.0,0.035904384066996586
478,209,0,2,2,0.5968506219704491,1.761426315514009,0.3724240493976365,0.5968506161385183,1.7614263252836144,0.3839112549764218,0.9999999999999996,/fs5/p_masi/saundam1/outputs/crossing_fibers/fissile_data/10examples_2fibers_12-13-24_02-40-05.mat,9.0,1.8774328273304903,1.8774328273304903,1.877432813910081,FISSILE,0.9999999999999997,0.0,0.011487205578785298
479,209,1,2,2,1.302054701729482,4.6277525812895455,0.6275759506023635,1.3020546942744018,4.6277525881180255,0.6160887450235781,0.9999999999999998,/fs5/p_masi/saundam1/outputs/crossing_fibers/fissile_data/10examples_2fibers_12-13-24_02-40-05.mat,9.0,1.8774328273304903,1.8774328273304903,1.877432813910081,FISSILE,0.9999999999999997,1.4901161193847656e-08,0.011487205578785353
480,210,0,2,2,1.413716694115407,0.5535743588970454,0.8705129964711064,1.4137165888289986,0.5535740286297679,0.8371532259309858,0.99999999999918,/fs5/p_masi/saundam1/outputs/crossing_fibers/fissile_data/10examples_2fibers_12-10-24_02-42-36.mat,0.0,0.2838838284531551,0.2838838284531551,0.2838858403499203,FISSILE,0.9999999999796867,3.4240261593687874e-07,0.033359770540120515
481,210,1,2,2,1.3361950835851348,0.2750456364223414,0.1294870035288936,1.3361942814991108,0.2750433477251657,0.1628467740690137,0.9999999999601934,/fs5/p_masi/saundam1/outputs/crossing_fibers/fissile_data/10examples_2fibers_12-10-24_02-42-36.mat,0.0,0.2838838284531551,0.2838838284531551,0.2838858403499203,FISSILE,0.9999999999796867,2.36609607243185e-06,0.0333597705401201
482,211,0,2,2,0.6699655757070216,4.58143263184818,0.6503849764980628,0.6699655661607543,4.581432641982204,0.6368439605672408,0.9999999999999992,/fs5/p_masi/saundam1/outputs/crossing_fibers/fissile_data/10examples_2fibers_12-10-24_02-42-36.mat,1.0,0.356996499535268,0.356996499535268,0.3569964868301665,FISSILE,0.999999999999998,1.4901161193847656e-08,0.01354101593082202
483,211,1,2,2,1.0248132569355142,4.528304832643326,0.3496150235019372,1.0248132346303571,4.528304842341976,0.3631560394327583,0.9999999999999968,/fs5/p_masi/saundam1/outputs/crossing_fibers/fissile_data/10examples_2fibers_12-10-24_02-42-36.mat,1.0,0.356996499535268,0.356996499535268,0.3569964868301665,FISSILE,0.999999999999998,2.1073424255447017e-08,0.013541015930821132
484,212,0,2,2,0.4712388980384689,2.588018294692748,0.2065427257857237,0.4712388032654616,2.588018400108651,0.2329659954811796,0.999999999999915,/fs5/p_masi/saundam1/outputs/crossing_fibers/fissile_data/10examples_2fibers_12-10-24_02-42-36.mat,2.0,0.1570796326794893,0.1570796326794893,0.157079701271071,FISSILE,0.9999999999999535,1.0641557616804323e-07,0.026423269695455914
485,212,1,2,2,0.6283185307179586,2.588018294692748,0.7934572742142763,0.6283185045365172,2.5880182639692286,0.7670340045188196,0.999999999999992,/fs5/p_masi/saundam1/outputs/crossing_fibers/fissile_data/10examples_2fibers_12-10-24_02-42-36.mat,2.0,0.1570796326794893,0.1570796326794893,0.157079701271071,FISSILE,0.9999999999999535,2.9802322387695312e-08,0.026423269695456608
486,213,0,2,8,0.9617865104301077,3.1911614366799816,0.103418696472529,0.6464012549247987,2.445804698587878,0.2475629961353974,-0.2070698770463203,/fs5/p_masi/saundam1/outputs/crossing_fibers/fissile_data/10examples_2fibers_12-10-24_02-42-36.mat,3.0,0.7695478304255557,0.7695478304255557,0.406722626393073,FISSILE,0.028931927596758666,0.609939000727452,0.1441442996628684
487,213,1,2,8,0.8118036380647888,2.197190713337616,0.896581303527471,1.0530995232775036,2.451872713557712,0.5902426177099702,0.2649337322398376,/fs5/p_masi/saundam1/outputs/crossing_fibers/fissile_data/10examples_2fibers_12-10-24_02-42-36.mat,3.0,0.7695478304255557,0.7695478304255557,0.406722626393073,FISSILE,0.028931927596758666,0.31533428558508714,0.3063386858175008
488,214,0,2,2,1.504931796636225,2.033459442129372,0.8780030153398435,1.5049317938118143,2.03345942780534,0.8439668377427524,0.9999999999999984,/fs5/p_masi/saundam1/outputs/crossing_fibers/fissile_data/10examples_2fibers_12-10-24_02-42-36.mat,4.0,0.9260852561641112,0.9260852561641112,0.9260852892481448,FISSILE,0.9999999999999885,1.4901161193847656e-08,0.0340361775970911
489,214,1,2,2,0.7068583470577035,2.588018294692748,0.1219969846601565,0.706858291595717,2.588018265947244,0.156033162257248,0.9999999999999784,/fs5/p_masi/saundam1/outputs/crossing_fibers/fissile_data/10examples_2fibers_12-10-24_02-42-36.mat,4.0,0.9260852561641112,0.9260852561641112,0.9260852892481448,FISSILE,0.9999999999999885,5.960464477539064e-08,0.0340361775970915
490,215,0,2,3,0.4696163886401666,0.951565984027162,0.0765726596886753,0.469594623009527,0.951601814971396,0.0996918963478438,0.9999999975430144,/fs5/p_masi/saundam1/outputs/crossing_fibers/fissile_data/10examples_2fibers_12-10-24_02-42-36.mat,5.0,1.5683988744959825,1.5683988744959825,1.5683994206860088,FISSILE,0.9999999987601992,2.714149057098789e-05,0.0231192366591685
491,215,1,2,3,1.3050177802976164,5.104270990328613,0.9234273403113248,1.3050169925583726,5.104269514707671,0.8702897890332693,0.999999999977384,/fs5/p_masi/saundam1/outputs/crossing_fibers/fissile_data/10examples_2fibers_12-10-24_02-42-36.mat,5.0,1.5683988744959825,1.5683988744959825,1.5683994206860088,FISSILE,0.9999999987601992,1.6270949033543595e-06,0.05313755127805553
492,216,0,2,2,1.0636185638526607,4.25924607792861,0.6862595562236257,1.063618553039506,4.259246088141553,0.6694883645804393,0.9999999999999994,/fs5/p_masi/saundam1/outputs/crossing_fibers/fissile_data/10examples_2fibers_12-10-24_02-42-36.mat,6.0,0.9851164509197712,0.9851164509197712,0.985116443996675,FISSILE,0.9999999999999998,0.0,0.01677119164318641
493,216,1,2,2,0.3433919988888566,3.0186096618102978,0.3137404437763743,0.3433920017154444,3.0186096617877127,0.3305116354195607,1.0,/fs5/p_masi/saundam1/outputs/crossing_fibers/fissile_data/10examples_2fibers_12-10-24_02-42-36.mat,6.0,0.9851164509197712,0.9851164509197712,0.985116443996675,FISSILE,0.9999999999999998,0.0,0.01677119164318641
494,217,0,2,3,1.4884608659363203,3.0076692476216977,0.1607823952226225,1.4884595608958433,3.0076665658430843,0.1763197663520445,0.9999999999555276,/fs5/p_masi/saundam1/outputs/crossing_fibers/fissile_data/10examples_2fibers_12-10-24_02-42-36.mat,7.0,1.332892207185101,1.332892207185101,1.332889371048831,FISSILE,0.9999999999775528,2.9743404562069923e-06,0.015537371129421995
495,217,1,2,3,1.159708182378312,1.6607230766911358,0.8392176047773774,1.1597082249051995,1.6607229295292496,0.7936658439361607,0.999999999999578,/fs5/p_masi/saundam1/outputs/crossing_fibers/fissile_data/10examples_2fibers_12-10-24_02-42-36.mat,7.0,1.332892207185101,1.332892207185101,1.332889371048831,FISSILE,0.9999999999775528,1.4136482746161737e-07,0.045551760841216704
496,218,0,2,2,1.530143024525423,3.9896649139884777,0.3981933033358494,1.5301430004839116,3.98966492585536,0.4073601720618542,0.9999999999999968,/fs5/p_masi/saundam1/outputs/crossing_fibers/fissile_data/10examples_2fibers_12-10-24_02-42-36.mat,8.0,0.7815236319909065,0.7815236319909065,0.7815236263249379,FISSILE,0.9999999999999973,2.5809568279517847e-08,0.009166868726004807
497,218,1,2,2,1.4601859254518283,3.2087627079800765,0.6018066966641507,1.4601859159394537,3.2087627232659086,0.5926398279381462,0.999999999999998,/fs5/p_masi/saundam1/outputs/crossing_fibers/fissile_data/10examples_2fibers_12-10-24_02-42-36.mat,8.0,0.7815236319909065,0.7815236319909065,0.7815236263249379,FISSILE,0.9999999999999973,2.1073424255447017e-08,0.009166868726004473
498,219,0,2,2,1.4076132158915924,0.2696609980286251,0.4621847438764461,1.4076132148966665,0.2696609990701061,0.4655897077376508,1.0,/fs5/p_masi/saundam1/outputs/crossing_fibers/fissile_data/10examples_2fibers_12-10-24_02-42-36.mat,9.0,1.458367618688151,1.458367618688151,1.4583676154378595,FISSILE,1.0,0.0,0.0034049638612047017
499,219,1,2,2,0.6597098339801856,4.9552935292086495,0.5378152561235539,0.6597098331747259,4.955293534144738,0.534410292262349,1.0,/fs5/p_masi/saundam1/outputs/crossing_fibers/fissile_data/10examples_2fibers_12-10-24_02-42-36.mat,9.0,1.458367618688151,1.458367618688151,1.4583676154378595,FISSILE,1.0,0.0,0.0034049638612048128
500,220,0,3,3,0.7454330299814531,2.6748570832196337,0.3454516147229172,0.7454330331332242,2.674857078272453,0.3443604636980636,1.0,/fs5/p_masi/saundam1/outputs/crossing_fibers/fissile_data/10examples_3fibers_12-13-24_06-00-46.mat,0.0,,,,FISSILE,0.9999999999999994,0.0,0.001091151024853576
501,220,1,3,3,0.9709534166726016,4.953722409755756,0.1334057158108104,0.9709534023233856,4.953722426132591,0.1514076224306642,0.9999999999999984,/fs5/p_masi/saundam1/outputs/crossing_fibers/fissile_data/10examples_3fibers_12-13-24_06-00-46.mat,0.0,,,,FISSILE,0.9999999999999994,2.1073424255447017e-08,0.01800190661985379
502,220,2,3,3,1.270289255270878,5.457136016963111,0.5211426694662725,1.2702892504342962,5.457136021776653,0.5042319138712713,0.9999999999999998,/fs5/p_masi/saundam1/outputs/crossing_fibers/fissile_data/10examples_3fibers_12-13-24_06-00-46.mat,0.0,,,,FISSILE,0.9999999999999994,1.4901161193847656e-08,0.016910755595001215
503,221,0,3,3,0.9462667588251144,2.149881993340072,0.1721131142419579,0.94626672604957,2.149881963315041,0.1866297078570985,0.9999999999999888,/fs5/p_masi/saundam1/outputs/crossing_fibers/fissile_data/10examples_3fibers_12-13-24_06-00-46.mat,1.0,,,,FISSILE,0.9999999999999957,3.942476676500724e-08,0.0145165936151406
504,221,1,3,3,1.4476853384205146,3.4830667745076807,0.5281079289645774,1.4476853359646358,3.4830667850629493,0.5105700129101468,0.9999999999999992,/fs5/p_masi/saundam1/outputs/crossing_fibers/fissile_data/10examples_3fibers_12-13-24_06-00-46.mat,1.0,,,,FISSILE,0.9999999999999957,2.1073424255447017e-08,0.017537916054430558
505,221,2,3,3,1.530108034446189,5.551593015613682,0.2997789567934646,1.530108032328731,5.551593016732916,0.3028002792327549,0.9999999999999992,/fs5/p_masi/saundam1/outputs/crossing_fibers/fissile_data/10examples_3fibers_12-13-24_06-00-46.mat,1.0,,,,FISSILE,0.9999999999999957,0.0,0.003021322439290264
506,222,0,3,3,0.7306706752622402,1.388259522437021,0.5203405367365086,0.7306706907893759,1.3882596207199838,0.5035021658363632,0.9999999999999678,/fs5/p_masi/saundam1/outputs/crossing_fibers/fissile_data/10examples_3fibers_12-13-24_06-00-46.mat,2.0,,,,FISSILE,0.9999999999992498,6.989264130329237e-08,0.016838370900145394
507,222,1,3,3,0.2599898112942928,1.027967630450874,0.0243128953237375,0.259990133607151,1.0279654551642758,0.0521377534033837,0.9999999999977957,/fs5/p_masi/saundam1/outputs/crossing_fibers/fissile_data/10examples_3fibers_12-13-24_06-00-46.mat,2.0,,,,FISSILE,0.9999999999992498,6.454112478407648e-07,0.027824858079646204
508,222,2,3,3,0.839946846723819,1.6254523947697257,0.4553465679397539,0.8399468812666466,1.6254524299398632,0.4443600807602522,0.9999999999999858,/fs5/p_masi/saundam1/outputs/crossing_fibers/fissile_data/10examples_3fibers_12-13-24_06-00-46.mat,2.0,,,,FISSILE,0.9999999999992498,4.2146848510894035e-08,0.010986487179501736
509,223,0,3,7,1.1770900850324717,4.294197501760929,0.034406912501762,0.4719941190275363,4.730789005161913,0.084685675508838,-0.1572474652884772,/fs5/p_masi/saundam1/outputs/crossing_fibers/fissile_data/10examples_3fibers_12-13-24_06-00-46.mat,3.0,,,,FISSILE,0.33405747355072335,0.7638706788756381,0.050278763007076004
510,223,1,3,7,0.9942771800214104,0.3409306366957782,0.0835423339900421,0.7963139025768883,0.6072204012599967,0.2072396149211985,0.2292764147787536,/fs5/p_masi/saundam1/outputs/crossing_fibers/fissile_data/10examples_3fibers_12-13-24_06-00-46.mat,3.0,,,,FISSILE,0.33405747355072335,0.28611353785470406,0.1236972809311564
511,223,2,3,7,1.4376104465649342,4.4884378248359535,0.882050753508196,1.5294409047873194,4.470920554157447,0.4497635004449737,0.9301434711618936,/fs5/p_masi/saundam1/outputs/crossing_fibers/fissile_data/10examples_3fibers_12-13-24_06-00-46.mat,3.0,,,,FISSILE,0.33405747355072335,0.09347265745285119,0.43228725306322224
512,224,0,3,3,1.0132154513014286,0.2047560389316076,0.224604324070013,1.013215278476628,0.2047557932565378,0.2343942102832542,0.9999999999994792,/fs5/p_masi/saundam1/outputs/crossing_fibers/fissile_data/10examples_3fibers_12-13-24_06-00-46.mat,4.0,,,,FISSILE,0.9999999999997303,2.702825836422609e-07,0.0097898862132412
513,224,1,3,3,1.2566370614359172,0.5535743588970454,0.499555489446325,1.2566369586639057,0.5535742104840244,0.4845887256480733,0.9999999999997902,/fs5/p_masi/saundam1/outputs/crossing_fibers/fissile_data/10examples_3fibers_12-13-24_06-00-46.mat,4.0,,,,FISSILE,0.9999999999997303,1.7504900879369295e-07,0.014966763798251681
514,224,2,3,3,1.5047599827546627,1.1782358907081365,0.2758401864836619,1.5047599275261456,1.1782358031397775,0.2810170640686721,0.9999999999999212,/fs5/p_masi/saundam1/outputs/crossing_fibers/fissile_data/10examples_3fibers_12-13-24_06-00-46.mat,4.0,,,,FISSILE,0.9999999999997303,1.0323827311807143e-07,0.005176877585010231
515,225,0,3,3,0.7393803101831732,3.3224329803100083,0.5059516163417399,0.7393803080107744,3.32243299881139,0.4904087018000995,0.9999999999999982,/fs5/p_masi/saundam1/outputs/crossing_fibers/fissile_data/10examples_3fibers_12-13-24_06-00-46.mat,5.0,,,,FISSILE,0.9999999999999978,0.0,0.015542914541640418
516,225,1,3,3,1.390220648538142,6.215428222193882,0.2480344523499542,1.3902206555143473,6.215428229350082,0.2557149277677245,0.9999999999999992,/fs5/p_masi/saundam1/outputs/crossing_fibers/fissile_data/10examples_3fibers_12-13-24_06-00-46.mat,5.0,,,,FISSILE,0.9999999999999978,0.0,0.007680475417770283
517,225,2,3,3,1.1533429638878017,5.922598235388773,0.2460139313083059,1.1533429727379465,5.9225982572612805,0.2538763704321758,0.999999999999996,/fs5/p_masi/saundam1/outputs/crossing_fibers/fissile_data/10examples_3fibers_12-13-24_06-00-46.mat,5.0,,,,FISSILE,0.9999999999999978,2.5809568279517847e-08,0.007862439123869913
518,226,0,3,3,1.504705815310903,1.247735325612087,0.1087980000646785,1.5047057746262278,1.2477353315597752,0.1290156464996313,0.9999999999999896,/fs5/p_masi/saundam1/outputs/crossing_fibers/fissile_data/10examples_3fibers_12-13-24_06-00-46.mat,6.0,,,,FISSILE,0.999999999999996,4.2146848510894035e-08,0.020217646434952788
519,226,1,3,3,0.7921592486059129,1.9996316789362527,0.1848238132336634,0.7921592516054508,1.999631675536352,0.1981958966874036,0.9999999999999988,/fs5/p_masi/saundam1/outputs/crossing_fibers/fissile_data/10examples_3fibers_12-13-24_06-00-46.mat,6.0,,,,FISSILE,0.999999999999996,0.0,0.013372083453740191
520,226,2,3,3,0.5968506219704491,4.903018969103802,0.7063781867016582,0.5968506136140573,4.9030189759640495,0.6727884568129642,0.9999999999999994,/fs5/p_masi/saundam1/outputs/crossing_fibers/fissile_data/10examples_3fibers_12-13-24_06-00-46.mat,6.0,,,,FISSILE,0.999999999999996,0.0,0.03358972988869402
521,227,0,3,3,0.6136996820059474,3.070904409703098,0.6292426804331694,0.6136996770694784,3.0709043898916577,0.6025983826588845,0.9999999999999988,/fs5/p_masi/saundam1/outputs/crossing_fibers/fissile_data/10examples_3fibers_12-13-24_06-00-46.mat,7.0,,,,FISSILE,0.9999999999999978,0.0,0.026644297774284897
522,227,1,3,3,0.839946846723819,1.5161402588200676,0.1741421234804717,0.8399468311799395,1.5161402840583609,0.1884760198576299,0.9999999999999956,/fs5/p_masi/saundam1/outputs/crossing_fibers/fissile_data/10examples_3fibers_12-13-24_06-00-46.mat,7.0,,,,FISSILE,0.9999999999999978,2.9802322387695312e-08,0.014333896377158206
523,227,2,3,3,1.4884608659363203,6.14926190121149,0.196615196086359,1.4884608697875588,6.1492619099551575,0.2089255974834855,0.9999999999999992,/fs5/p_masi/saundam1/outputs/crossing_fibers/fissile_data/10examples_3fibers_12-13-24_06-00-46.mat,7.0,,,,FISSILE,0.9999999999999978,0.0,0.012310401397126497
524,228,0,3,6,1.371135021845925,1.3738586221832108,0.0044689315046954,1.1829277073680362,1.5664859485198772,0.2570376414399988,0.4606541554708327,/fs5/p_masi/saundam1/outputs/crossing_fibers/fissile_data/10examples_3fibers_12-13-24_06-00-46.mat,8.0,,,,FISSILE,0.17786405033621885,0.2632095202929737,0.2525687099353034
525,228,1,3,6,1.3778208455722298,3.3450826625006127,0.1322422672280406,0.9637892350237184,3.434508468137828,0.0191891476407926,-0.153772366626331,/fs5/p_masi/saundam1/outputs/crossing_fibers/fissile_data/10examples_3fibers_12-13-24_06-00-46.mat,8.0,,,,FISSILE,0.17786405033621885,0.4219666525094318,0.11305311958724801
526,228,2,3,6,1.5040053852693311,4.75374132903587,0.8632888012672639,0.608820376807334,4.420023736284683,0.4878680020180518,0.2267103621641548,/fs5/p_masi/saundam1/outputs/crossing_fibers/fissile_data/10examples_3fibers_12-13-24_06-00-46.mat,8.0,,,,FISSILE,0.17786405033621885,0.9349064013046623,0.3754207992492121
527,229,0,3,3,0.9187362058205464,4.409495127772628,0.4431811911583944,0.9187362009797528,4.409495120435087,0.4332902632614312,0.9999999999999992,/fs5/p_masi/saundam1/outputs/crossing_fibers/fissile_data/10examples_3fibers_12-13-24_06-00-46.mat,9.0,,,,FISSILE,0.9999999999999591,0.0,0.009890927896963164
528,229,1,3,3,1.5047599827546627,1.1782358907081365,0.5353700305641746,1.5047599783879186,1.1782358832978004,0.517178226628944,0.9999999999999992,/fs5/p_masi/saundam1/outputs/crossing_fibers/fissile_data/10examples_3fibers_12-13-24_06-00-46.mat,9.0,,,,FISSILE,0.9999999999999591,0.0,0.018191803935230677
529,229,2,3,3,0.9030911644237832,0.4785392116999826,0.0214487782774309,0.9030912274030752,0.4785393280431069,0.0495315101096241,0.9999999999998788,/fs5/p_masi/saundam1/outputs/crossing_fibers/fissile_data/10examples_3fibers_12-13-24_06-00-46.mat,9.0,,,,FISSILE,0.9999999999999591,1.1151007970493862e-07,0.028082731832193203
530,230,0,2,6,1.4186612472793505,3.0063674019779163,0.2059415704882314,0.3773119156908548,1.5835919073303275,0.2828127051370835,-0.1614553178134448,/fs5/p_masi/saundam1/outputs/crossing_fibers/fissile_data/10examples_2fibers_12-14-24_18-20-17.mat,0.0,0.1174732292232687,0.1174732292232687,1.3441617341266467,FISSILE,0.4124464208354242,1.3749503239491858,0.07687113464885212
531,230,1,2,6,1.3208770965686027,3.0728372564253514,0.7940584295117686,1.3619996855590093,3.0654938004424004,0.7373992230965123,0.9863481594842932,/fs5/p_masi/saundam1/outputs/crossing_fibers/fissile_data/10examples_2fibers_12-14-24_18-20-17.mat,0.0,0.1174732292232687,0.1174732292232687,1.3441617341266467,FISSILE,0.4124464208354242,0.041739643873501785,0.05665920641525635
532,231,0,2,2,1.0630141400564377,3.62775905486363,0.2818146135760584,1.0630141469013084,3.627759068645267,0.3014604865098941,0.9999999999999988,/fs5/p_masi/saundam1/outputs/crossing_fibers/fissile_data/10examples_2fibers_12-14-24_18-20-17.mat,1.0,2.2780627145253507,2.2780627145253507,2.278062716241952,FISSILE,0.9999999999999993,2.1073424255447017e-08,0.019645872933835684
533,231,1,2,2,1.2247205764024218,0.3525991923708566,0.7181853864239416,1.2247205734969726,0.3525991911294865,0.6985395134901067,1.0,/fs5/p_masi/saundam1/outputs/crossing_fibers/fissile_data/10examples_2fibers_12-14-24_18-20-17.mat,1.0,2.2780627145253507,2.2780627145253507,2.278062716241952,FISSILE,0.9999999999999993,0.0,0.019645872933834907
534,232,0,2,2,1.0918079828299752,1.435441808791062,0.2064421022088658,1.0918079746037357,1.43544181240148,0.2328746722349589,0.9999999999999996,/fs5/p_masi/saundam1/outputs/crossing_fibers/fissile_data/10examples_2fibers_12-14-24_18-20-17.mat,2.0,0.7376490960686355,0.7376490960686355,0.7376490881023869,FISSILE,0.9999999999999996,0.0,0.02643257002609309
535,232,1,2,2,0.7593276473355612,2.2798676633035018,0.7935578977911342,0.7593276394737556,2.279867661084233,0.767125327765041,0.9999999999999996,/fs5/p_masi/saundam1/outputs/crossing_fibers/fissile_data/10examples_2fibers_12-14-24_18-20-17.mat,2.0,0.7376490960686355,0.7376490960686355,0.7376490881023869,FISSILE,0.9999999999999996,1.4901161193847656e-08,0.026432570026093116
536,233,0,2,2,0.1927396519676657,1.92592979489706,0.471338276680903,0.1927396513364247,1.925929831033172,0.4739190293126073,0.9999999999999998,/fs5/p_masi/saundam1/outputs/crossing_fibers/fissile_data/10examples_2fibers_12-14-24_18-20-17.mat,3.0,0.6899942824800108,0.6899942824800108,0.6899942842211673,FISSILE,0.9999999999999998,0.0,0.0025807526317043195
537,233,1,2,2,0.7995394949547917,1.0422397883218832,0.528661723319097,0.7995394903522972,1.0422397890461783,0.5260809706873918,0.9999999999999998,/fs5/p_masi/saundam1/outputs/crossing_fibers/fissile_data/10examples_2fibers_12-14-24_18-20-17.mat,3.0,0.6899942824800108,0.6899942824800108,0.6899942842211673,FISSILE,0.9999999999999998,0.0,0.0025807526317052076
538,234,0,2,2,0.4125733477558472,0.0,0.6790345004080484,0.4125733445096139,6.283185305540329,0.6629138512533257,1.0,/fs5/p_masi/saundam1/outputs/crossing_fibers/fissile_data/10examples_2fibers_12-14-24_18-20-17.mat,4.0,0.5352054154125399,0.5352054154125399,0.5352054103069204,FISSILE,0.9999999999999996,0.0,0.016120649154722666
539,234,1,2,2,0.9135667424702482,0.3281829670379066,0.3209654995919517,0.9135667353299912,0.3281829603686323,0.3370861487466738,0.9999999999999992,/fs5/p_masi/saundam1/outputs/crossing_fibers/fissile_data/10examples_2fibers_12-14-24_18-20-17.mat,4.0,0.5352054154125399,0.5352054154125399,0.5352054103069204,FISSILE,0.9999999999999996,0.0,0.01612064915472211
540,235,0,2,2,0.5968506219704491,1.3801663380757845,0.609587875031849,0.5968506172002066,1.3801663401643245,0.5997203481224329,0.9999999999999998,/fs5/p_masi/saundam1/outputs/crossing_fibers/fissile_data/10examples_2fibers_12-14-24_18-20-17.mat,5.0,1.901524132471444,1.901524132471444,1.9015241312120923,FISSILE,0.9999999999999996,0.0,0.009867526909416058
541,235,1,2,2,1.3048053164239135,4.543201581632196,0.390412124968151,1.3048053200020255,4.543201589258112,0.400279651877567,0.9999999999999994,/fs5/p_masi/saundam1/outputs/crossing_fibers/fissile_data/10examples_2fibers_12-14-24_18-20-17.mat,5.0,1.901524132471444,1.901524132471444,1.9015241312120923,FISSILE,0.9999999999999996,0.0,0.009867526909416002
542,236,0,2,2,1.4076132158915924,0.2696609980286251,0.3391367630380899,1.4076132084207436,0.2696609888983434,0.3536212226768046,0.9999999999999988,/fs5/p_masi/saundam1/outputs/crossing_fibers/fissile_data/10examples_2fibers_12-14-24_18-20-17.mat,6.0,1.9102823629539183,1.9102823629539183,1.9102823480584032,FISSILE,0.9999999999999993,1.4901161193847656e-08,0.014484459638714753
543,236,1,2,2,0.8544683112894418,4.349996319781492,0.6608632369619101,0.8544683079388276,4.349996322261319,0.6463787773231956,0.9999999999999998,/fs5/p_masi/saundam1/outputs/crossing_fibers/fissile_data/10examples_2fibers_12-14-24_18-20-17.mat,6.0,1.9102823629539183,1.9102823629539183,1.9102823480584032,FISSILE,0.9999999999999993,0.0,0.014484459638714475
544,237,0,2,2,1.4922565104551515,2.588018294692748,0.3204750054819872,1.492256502633379,2.5880182772189286,0.3366398169717815,0.9999999999999964,/fs5/p_masi/saundam1/outputs/crossing_fibers/fissile_data/10examples_2fibers_12-14-24_18-20-17.mat,7.0,1.2664588772824157,1.2664588772824157,1.2664588583877987,FISSILE,0.9999999999999981,1.4901161193847656e-08,0.016164811489794317
545,237,1,2,2,0.7306706752622402,1.388259522437021,0.6795249945180128,0.7306706704220909,1.3882595266024913,0.6633601830282185,0.9999999999999998,/fs5/p_masi/saundam1/outputs/crossing_fibers/fissile_data/10examples_2fibers_12-14-24_18-20-17.mat,7.0,1.2664588772824157,1.2664588772824157,1.2664588583877987,FISSILE,0.9999999999999981,0.0,0.016164811489794317
546,238,0,2,3,1.307886058848288,2.036809894838335,0.9361122161484084,1.30788606192005,2.036809883136772,0.8818367558592004,0.999999999999999,/fs5/p_masi/saundam1/outputs/crossing_fibers/fissile_data/10examples_2fibers_12-14-24_18-20-17.mat,8.0,2.1667676794713784,2.1667676794713784,2.166767705582088,FISSILE,0.9999999999999467,1.4901161193847656e-08,0.054275460289208044
547,238,1,2,3,1.019126041237968,4.620132211399477,0.0638877838515917,1.0191259722270292,4.620132347474261,0.088149214777385,0.9999999999998944,/fs5/p_masi/saundam1/outputs/crossing_fibers/fissile_data/10examples_2fibers_12-14-24_18-20-17.mat,8.0,2.1667676794713784,2.1667676794713784,2.166767705582088,FISSILE,0.9999999999999467,1.34110450744629e-07,0.02426143092579329
548,239,0,2,2,0.129336987602799,1.027196301115134,0.9395473473291404,0.1293369869195281,1.0271962867483957,0.8999695869605446,1.0,/fs5/p_masi/saundam1/outputs/crossing_fibers/fissile_data/10examples_2fibers_12-14-24_18-20-17.mat,9.0,0.5863474598098202,0.5863474598098202,0.5863474649142285,FISSILE,0.999999999999999,0.0,0.03957776036859573
549,239,1,2,2,0.710653991576535,0.769745677105918,0.0604526526708595,0.7106539955501617,0.7697456501854552,0.1000304130394538,0.999999999999998,/fs5/p_masi/saundam1/outputs/crossing_fibers/fissile_data/10examples_2fibers_12-14-24_18-20-17.mat,9.0,0.5863474598098202,0.5863474598098202,0.5863474649142285,FISSILE,0.999999999999999,2.1073424255447017e-08,0.0395777603685943
550,240,0,2,2,0.8245151100806168,5.809861410555303,0.2148592122653881,0.8245151386807039,5.809861417839935,0.2405338784280927,0.9999999999999958,/fs5/p_masi/saundam1/outputs/crossing_fibers/fissile_data/10examples_2fibers_12-11-24_18-07-13.mat,0.0,1.2110552861548545,1.2110552861548545,1.211055293953907,FISSILE,0.9999999999999979,3.332000937312528e-08,0.025674666162704612
551,240,1,2,2,1.1746064754378742,4.372383334289422,0.7851407877346118,1.1746064722014975,4.37238333638668,0.7594661215719073,1.0,/fs5/p_masi/saundam1/outputs/crossing_fibers/fissile_data/10examples_2fibers_12-11-24_18-07-13.mat,0.0,1.2110552861548545,1.2110552861548545,1.211055293953907,FISSILE,0.9999999999999979,1.4901161193847656e-08,0.02567466616270453
552,241,0,2,2,0.5358248173746077,4.841545141163077,0.7463352474817554,0.5358248155995355,4.841545151796239,0.7241547034351362,0.9999999999999998,/fs5/p_masi/saundam1/outputs/crossing_fibers/fissile_data/10examples_2fibers_12-11-24_18-07-13.mat,1.0,1.0769185964532966,1.0769185964532966,1.07691860635178,FISSILE,0.9999999999999993,0.0,0.022180544046619177
553,241,1,2,2,1.464099989678202,4.124007696645194,0.2536647525182446,1.464099996979407,4.124007702108722,0.2758452965648632,0.999999999999999,/fs5/p_masi/saundam1/outputs/crossing_fibers/fissile_data/10examples_2fibers_12-11-24_18-07-13.mat,1.0,1.0769185964532966,1.0769185964532966,1.07691860635178,FISSILE,0.9999999999999993,0.0,0.022180544046618567
554,242,0,2,2,0.7454330299814531,2.6748570832196337,0.0483173659439775,0.745432976851829,2.6748571248991766,0.0889878133213505,0.99999999999999,/fs5/p_masi/saundam1/outputs/crossing_fibers/fissile_data/10examples_2fibers_12-11-24_18-07-13.mat,2.0,1.4949915923749242,1.4949915923749242,1.4949915682821622,FISSILE,0.999999999999995,5.960464477539064e-08,0.040670447377373
555,242,1,2,2,0.9475287768595078,0.407959775254621,0.9516826340560224,0.9475287755246684,0.4079597732241899,0.9110121866786496,1.0,/fs5/p_masi/saundam1/outputs/crossing_fibers/fissile_data/10examples_2fibers_12-11-24_18-07-13.mat,2.0,1.4949915923749242,1.4949915923749242,1.4949915682821622,FISSILE,0.999999999999995,0.0,0.0406704473773728
556,243,0,2,2,0.6283185307179586,2.588018294692748,0.9847242512751182,0.6283185241816376,2.588018300335927,0.9410786644262592,0.9999999999999996,/fs5/p_masi/saundam1/outputs/crossing_fibers/fissile_data/10examples_2fibers_12-11-24_18-07-13.mat,3.0,1.2173288263658213,1.2173288263658213,1.2173283632951777,FISSILE,0.999999999999589,0.0,0.043645586848859
557,243,1,2,2,0.6758038572447861,0.130084635413543,0.0152757487248818,0.6758033890943017,0.1300847509720435,0.0589213355737402,0.9999999999991784,/fs5/p_masi/saundam1/outputs/crossing_fibers/fissile_data/10examples_2fibers_12-11-24_18-07-13.mat,3.0,1.2173288263658213,1.2173288263658213,1.2173283632951777,FISSILE,0.999999999999589,4.735663110634939e-07,0.0436455868488584
558,244,0,2,2,0.9629020468755256,1.7163765281316647,0.8873196153276528,0.9629020405221462,1.716376520266717,0.8524445448803544,0.9999999999999992,/fs5/p_masi/saundam1/outputs/crossing_fibers/fissile_data/10examples_2fibers_12-11-24_18-07-13.mat,4.0,1.9305373674349389,1.9305373674349389,1.930537330436021,FISSILE,0.999999999999997,0.0,0.03487507044729843
559,244,1,2,2,0.9709534166726016,4.953722409755756,0.1126803846723472,0.970953387663736,4.953722427341954,0.1475554551196451,0.9999999999999948,/fs5/p_masi/saundam1/outputs/crossing_fibers/fissile_data/10examples_2fibers_12-11-24_18-07-13.mat,4.0,1.9305373674349389,1.9305373674349389,1.930537330436021,FISSILE,0.999999999999997,3.650024149988857e-08,0.0348750704472979
560,245,0,2,2,1.1621684173839673,3.357295816574457,0.258730289585576,1.1621672259855595,3.3572963060855563,0.2804516567900423,0.9999999999885504,/fs5/p_masi/saundam1/outputs/crossing_fibers/fissile_data/10examples_2fibers_12-11-24_18-07-13.mat,5.0,0.2012324422479608,0.2012324422479608,0.2012332605310924,FISSILE,0.99999999999355,1.2733301634543955e-06,0.021721367204466324
561,245,1,2,2,1.3488618880027574,3.278147962348693,0.741269710414424,1.348861474211847,3.2781481561243964,0.7195483432099582,0.9999999999985496,/fs5/p_masi/saundam1/outputs/crossing_fibers/fissile_data/10examples_2fibers_12-11-24_18-07-13.mat,5.0,0.2012324422479608,0.2012324422479608,0.2012332605310924,FISSILE,0.99999999999355,4.549127078793609e-07,0.021721367204465825
562,246,0,2,2,0.9017482310657784,4.608760763307627,0.0871489149558745,0.9017482125682011,4.6087607265268025,0.1243228982922203,0.9999999999999828,/fs5/p_masi/saundam1/outputs/crossing_fibers/fissile_data/10examples_2fibers_12-11-24_18-07-13.mat,6.0,2.272393278515783,2.272393278515783,2.2723932514035248,FISSILE,0.999999999999991,3.650024149988857e-08,0.037173983336345806
563,246,1,2,2,1.370886976257764,1.44524336035616,0.9128510850441254,1.370886967016177,1.445243351548108,0.8756771017077798,0.9999999999999992,/fs5/p_masi/saundam1/outputs/crossing_fibers/fissile_data/10examples_2fibers_12-11-24_18-07-13.mat,6.0,2.272393278515783,2.272393278515783,2.2723932514035248,FISSILE,0.999999999999991,0.0,0.037173983336345584
564,247,0,2,2,1.1656685123536272,4.5362928030684655,0.514756951398813,1.1656685047033195,4.536292810216426,0.5134281998736778,0.9999999999999994,/fs5/p_masi/saundam1/outputs/crossing_fibers/fissile_data/10examples_2fibers_12-11-24_18-07-13.mat,7.0,0.5474986923505251,0.5474986923505251,0.5474986956508853,FISSILE,0.9999999999999998,0.0,0.001328751525135119
565,247,1,2,2,1.080466314169548,3.934261908152653,0.485243048601187,1.080466317728221,3.934261909052643,0.4865718001263222,1.0,/fs5/p_masi/saundam1/outputs/crossing_fibers/fissile_data/10examples_2fibers_12-11-24_18-07-13.mat,7.0,0.5474986923505251,0.5474986923505251,0.5474986956508853,FISSILE,0.9999999999999998,0.0,0.0013287515251351745
566,248,0,2,5,1.5041425884076032,4.531406993796184,0.987302483367757,1.001869900553566,5.1545497942093,1.3696245928155997,0.0309460558133422,/fs5/p_masi/saundam1/outputs/crossing_fibers/fissile_data/10examples_2fibers_12-11-24_18-07-13.mat,8.0,1.9830126383763944,1.9830126383763944,0.5293369559776134,FISSILE,-0.016559618476695154,0.7691575678049848,0.38232210944784273
567,248,1,2,5,0.8245151100806168,0.4733238966242831,0.0126975166322429,0.5087196726742015,5.449366341110833,0.0358811927184106,-0.0640652927667325,/fs5/p_masi/saundam1/outputs/crossing_fibers/fissile_data/10examples_2fibers_12-11-24_18-07-13.mat,8.0,1.9830126383763944,1.9830126383763944,0.5293369559776134,FISSILE,-0.016559618476695154,0.8146300392917234,0.0231836760861677
568,249,0,2,2,0.7411210830481648,0.9608346178416918,0.906591603742596,0.7411210778165314,0.9608346110643,0.8699812561086874,0.9999999999999996,/fs5/p_masi/saundam1/outputs/crossing_fibers/fissile_data/10examples_2fibers_12-11-24_18-07-13.mat,9.0,1.2274811175105331,1.2274811175105331,1.2274811228948503,FISSILE,0.999999999999996,0.0,0.03661034763390858
569,249,1,2,2,0.5535743588970451,4.71238898038469,0.0934083962574038,0.5535743789538714,4.712389010408949,0.1300187438913118,0.9999999999999925,/fs5/p_masi/saundam1/outputs/crossing_fibers/fissile_data/10examples_2fibers_12-11-24_18-07-13.mat,9.0,1.2274811175105331,1.2274811175105331,1.2274811228948503,FISSILE,0.999999999999996,2.1073424255447017e-08,0.036610347633908
570,250,0,2,3,0.7454330299814531,2.6748570832196337,0.9606279043096146,0.7454330276367035,2.6748570565651466,0.9041450029877882,0.999999999999997,/fs5/p_masi/saundam1/outputs/crossing_fibers/fissile_data/10examples_2fibers_12-09-24_14-31-29.mat,0.0,1.5201000836611005,1.5201000836611005,1.5201001226815951,FISSILE,0.9999999999995699,2.1073424255447017e-08,0.05648290132182643
571,250,1,2,3,0.9709534166726016,4.953722409755756,0.0393720956903853,0.9709532556788226,4.9537228028834885,0.0658409898556988,0.9999999999991428,/fs5/p_masi/saundam1/outputs/crossing_fibers/fissile_data/10examples_2fibers_12-09-24_14-31-29.mat,0.0,1.5201000836611005,1.5201000836611005,1.5201001226815951,FISSILE,0.9999999999995699,3.622545534713055e-07,0.026468894165313506
572,251,0,2,2,0.1570796326794893,5.7296109482825415,0.4726933842140114,0.1570796277564079,5.729610963264191,0.4751521285460797,1.0,/fs5/p_masi/saundam1/outputs/crossing_fibers/fissile_data/10examples_2fibers_12-09-24_14-31-29.mat,1.0,1.6440033670343446,1.6440033670343446,1.6440033575455393,FISSILE,0.9999999999999998,0.0,0.0024587443320682745
573,251,1,2,2,1.504991287800689,2.102956779739819,0.5273066157859886,1.5049912841952993,2.102956773639408,0.52484787145392,0.9999999999999994,/fs5/p_masi/saundam1/outputs/crossing_fibers/fissile_data/10examples_2fibers_12-09-24_14-31-29.mat,1.0,1.6440033670343446,1.6440033670343446,1.6440033575455393,FISSILE,0.9999999999999998,0.0,0.0024587443320686075
574,252,0,2,2,0.8549160872820865,2.980335988474032,0.4943261749354224,0.8549160844936083,2.980335982288915,0.4948370554037117,1.0,/fs5/p_masi/saundam1/outputs/crossing_fibers/fissile_data/10examples_2fibers_12-09-24_14-31-29.mat,2.0,1.3615851747161316,1.3615851747161316,1.361585165772223,FISSILE,0.9999999999999998,0.0,0.0005108804682892876
575,252,1,2,2,0.518558571013457,5.87172188223018,0.5056738250645776,0.5185585648812403,5.871721874374613,0.5051629445962879,0.9999999999999996,/fs5/p_masi/saundam1/outputs/crossing_fibers/fissile_data/10examples_2fibers_12-09-24_14-31-29.mat,2.0,1.3615851747161316,1.3615851747161316,1.361585165772223,FISSILE,0.9999999999999998,1.4901161193847656e-08,0.0005108804682897317
576,253,0,2,2,0.3958166923894166,4.171918730963663,0.0092991439501659,0.3958156616822505,4.171922554198827,0.0534829865599439,0.9999999999769282,/fs5/p_masi/saundam1/outputs/crossing_fibers/fissile_data/10examples_2fibers_12-09-24_14-31-29.mat,3.0,0.2821262477993754,0.2821262477993754,0.2821245173746796,FISSILE,0.9999999999884628,1.7987868086486594e-06,0.044183842609778
577,253,1,2,2,0.2590136317919308,4.975305173405337,0.990700856049834,0.2590136232644212,4.975305241299766,0.9465170134400556,0.9999999999999972,/fs5/p_masi/saundam1/outputs/crossing_fibers/fissile_data/10examples_2fibers_12-09-24_14-31-29.mat,3.0,0.2821262477993754,0.2821262477993754,0.2821245173746796,FISSILE,0.9999999999884628,2.1073424255447017e-08,0.04418384260977848
578,254,0,2,3,1.3208770965686027,3.0728372564253514,0.8801843116736975,1.320877078281288,3.07283721739634,0.8309447714118301,0.999999999999989,/fs5/p_masi/saundam1/outputs/crossing_fibers/fissile_data/10examples_2fibers_12-09-24_14-31-29.mat,4.0,0.6964326802717385,0.6964326802717385,0.6964326800744811,FISSILE,0.9999999999999551,4.2146848510894035e-08,0.04923954026186739
579,254,1,2,3,0.949669411794262,2.414334956635789,0.1198156883263025,0.9496693082599644,2.414334955089528,0.1390411950710848,0.9999999999999212,/fs5/p_masi/saundam1/outputs/crossing_fibers/fissile_data/10examples_2fibers_12-09-24_14-31-29.mat,4.0,0.6964326802717385,0.6964326802717385,0.6964326800744811,FISSILE,0.9999999999999551,1.0323827311807143e-07,0.01922550674478231
580,255,0,2,2,1.1621684173839673,6.067482144194922,0.597257343403214,1.1621684125055665,6.067482149846626,0.5885000929450325,0.9999999999999996,/fs5/p_masi/saundam1/outputs/crossing_fibers/fissile_data/10examples_2fibers_12-09-24_14-31-29.mat,5.0,1.687290935132128,1.687290935132128,1.6872909286196944,FISSILE,0.9999999999999993,0.0,0.008757250458181542
581,255,1,2,2,1.307886058848288,4.246375412341251,0.402742656596786,1.3078860565186208,4.246375422430428,0.4114999070549678,0.9999999999999992,/fs5/p_masi/saundam1/outputs/crossing_fibers/fissile_data/10examples_2fibers_12-09-24_14-31-29.mat,5.0,1.687290935132128,1.687290935132128,1.6872909286196944,FISSILE,0.9999999999999993,0.0,0.00875725045818182
582,256,0,2,2,1.370120940878604,0.7334545797595999,0.2417905155174576,1.3701209357572246,0.7334545808676493,0.2650402342622394,0.9999999999999998,/fs5/p_masi/saundam1/outputs/crossing_fibers/fissile_data/10examples_2fibers_12-09-24_14-31-29.mat,6.0,2.1995305890301395,2.1995305890301395,2.199530584911971,FISSILE,0.9999999999999999,0.0,0.023249718744781794
583,256,1,2,2,0.8673628544653307,4.160612566917404,0.7582094844825424,0.8673628553359171,4.1606125680219055,0.7349597657377607,1.0,/fs5/p_masi/saundam1/outputs/crossing_fibers/fissile_data/10examples_2fibers_12-09-24_14-31-29.mat,6.0,2.1995305890301395,2.1995305890301395,2.199530584911971,FISSILE,0.9999999999999999,0.0,0.023249718744781767
584,257,0,2,6,1.530143024525423,2.293520393191109,0.0538345567327643,0.6713684884959,0.6717739652904734,0.1804805957082032,-0.3183006863479544,/fs5/p_masi/saundam1/outputs/crossing_fibers/fissile_data/10examples_2fibers_12-09-24_14-31-29.mat,7.0,2.150620725713732,2.150620725713732,0.7699478827287118,FISSILE,0.12988606794739416,1.5706287670831454,0.1266460389754389
585,257,1,2,6,0.7095543350050756,5.910722163587275,0.9461654432672356,0.5852593265052094,5.575313359707015,0.3409255308283359,0.5780728222427427,/fs5/p_masi/saundam1/outputs/crossing_fibers/fissile_data/10examples_2fibers_12-09-24_14-31-29.mat,7.0,2.150620725713732,2.150620725713732,0.7699478827287118,FISSILE,0.12988606794739416,0.2362164179947847,0.6052399124388997
586,258,0,2,2,1.0630141400564377,2.6554262523159564,0.2548973960000877,1.062989077840756,2.6553877004977307,0.2772388709556905,0.999999987645206,/fs5/p_masi/saundam1/outputs/crossing_fibers/fissile_data/10examples_2fibers_12-09-24_14-31-29.mat,8.0,0.0717620897396632,0.0717620897396632,0.0717344575926953,FISSILE,0.9999999931004173,4.198749295170255e-05,0.02234147495560279
587,258,1,2,2,1.0210176124166828,2.588018294692748,0.7451026039999122,1.0210093890273877,2.5880044946176315,0.7227611290443096,0.9999999985556286,/fs5/p_masi/saundam1/outputs/crossing_fibers/fissile_data/10examples_2fibers_12-09-24_14-31-29.mat,8.0,0.0717620897396632,0.0717620897396632,0.0717344575926953,FISSILE,0.9999999931004173,1.4355279402343142e-05,0.02234147495560268
588,259,0,2,2,1.2295184239357524,5.516859920474963,0.8603130013474805,1.2295184196070936,5.516859922494064,0.8278696821979602,1.0,/fs5/p_masi/saundam1/outputs/crossing_fibers/fissile_data/10examples_2fibers_12-09-24_14-31-29.mat,9.0,0.5681968398646816,0.5681968398646816,0.5681968675849548,FISSILE,0.9999999999999959,1.4901161193847656e-08,0.032443319149520256
589,259,1,2,2,0.6666478906653913,5.615877797911415,0.1396869986525196,0.6666478569269447,5.615877788644283,0.1721303178020395,0.9999999999999918,/fs5/p_masi/saundam1/outputs/crossing_fibers/fissile_data/10examples_2fibers_12-09-24_14-31-29.mat,9.0,0.5681968398646816,0.5681968398646816,0.5681968675849548,FISSILE,0.9999999999999959,3.650024149988857e-08,0.032443319149519895
590,260,0,2,2,1.112002812330588,1.9631804593921465,0.134997261391336,1.1120028141468914,1.9631804288045789,0.1678628870370859,0.9999999999999944,/fs5/p_masi/saundam1/outputs/crossing_fibers/fissile_data/10examples_2fibers_12-14-24_20-47-36.mat,0.0,0.4328879507650782,0.4328879507650782,0.4328879302345902,FISSILE,0.9999999999999971,2.5809568279517847e-08,0.03286562564574991
591,260,1,2,2,1.019126041237968,1.4785395578096845,0.8650027386086641,1.0191260402359044,1.478539552235777,0.8321371129629139,0.9999999999999998,/fs5/p_masi/saundam1/outputs/crossing_fibers/fissile_data/10examples_2fibers_12-14-24_20-47-36.mat,0.0,0.4328879507650782,0.4328879507650782,0.4328879302345902,FISSILE,0.9999999999999971,0.0,0.03286562564575013
592,261,0,2,2,0.640990849795129,5.9469919528580215,0.8769518860187953,0.6409908427503493,5.946991962980747,0.8430103337617776,0.9999999999999996,/fs5/p_masi/saundam1/outputs/crossing_fibers/fissile_data/10examples_2fibers_12-14-24_20-47-36.mat,1.0,0.7952311278758102,0.7952311278758102,0.7952311119245379,FISSILE,0.9999999999999939,1.4901161193847656e-08,0.03394155225701767
593,261,1,2,2,1.370120940878604,5.549730727419986,0.1230481139812048,1.3701209115663682,5.549730719244812,0.1569896662382218,0.9999999999999882,/fs5/p_masi/saundam1/outputs/crossing_fibers/fissile_data/10examples_2fibers_12-14-24_20-47-36.mat,1.0,0.7952311278758102,0.7952311278758102,0.7952311119245379,FISSILE,0.9999999999999939,2.9802322387695312e-08,0.033941552257017005
594,262,0,2,2,0.9712666799191974,2.24186106071173,0.6720987308906134,0.9712666751324468,2.2418610600245947,0.6566025974869677,1.0,/fs5/p_masi/saundam1/outputs/crossing_fibers/fissile_data/10examples_2fibers_12-14-24_20-47-36.mat,2.0,0.7725556167265762,0.7725556167265762,0.7725556055065285,FISSILE,0.9999999999999998,0.0,0.015496133403645751
595,262,1,2,2,1.099252898042265,1.3464079141574048,0.3279012691093865,1.0992528932585492,1.3464079243703186,0.3433974025130322,0.9999999999999994,/fs5/p_masi/saundam1/outputs/crossing_fibers/fissile_data/10examples_2fibers_12-14-24_20-47-36.mat,2.0,0.7725556167265762,0.7725556167265762,0.7725556055065285,FISSILE,0.9999999999999998,0.0,0.015496133403645695
596,263,0,2,2,0.7913200083331536,0.0,0.8572100936470854,0.7913200054825958,6.283185306842043,0.8250461520875895,1.0000000000000002,/fs5/p_masi/saundam1/outputs/crossing_fibers/fissile_data/10examples_2fibers_12-14-24_20-47-36.mat,3.0,0.9858935451453912,0.9858935451453912,0.985893542827847,FISSILE,0.9999999999999999,0.0,0.03216394155949598
597,263,1,2,2,0.8461883716725984,1.4082232949072588,0.1427899063529145,0.8461883637533731,1.4082232997688855,0.1749538479124108,0.9999999999999996,/fs5/p_masi/saundam1/outputs/crossing_fibers/fissile_data/10examples_2fibers_12-14-24_20-47-36.mat,3.0,0.9858935451453912,0.9858935451453912,0.985893542827847,FISSILE,0.9999999999999999,0.0,0.03216394155949631
598,264,0,2,2,0.7945279363160269,3.2547552032811464,0.6702686651352537,0.794527935923625,3.2547552092083447,0.6549373066434402,0.9999999999999996,/fs5/p_masi/saundam1/outputs/crossing_fibers/fissile_data/10examples_2fibers_12-14-24_20-47-36.mat,4.0,0.8869485608356159,0.8869485608356159,0.886948539954446,FISSILE,0.999999999999998,0.0,0.015331358491813551
599,264,1,2,2,0.3459839743106534,1.5707963267948966,0.3297313348647463,0.3459839681042314,1.570796390814466,0.3450626933565595,0.9999999999999966,/fs5/p_masi/saundam1/outputs/crossing_fibers/fissile_data/10examples_2fibers_12-14-24_20-47-36.mat,4.0,0.8869485608356159,0.8869485608356159,0.886948539954446,FISSILE,0.999999999999998,2.1073424255447017e-08,0.015331358491813163
600,265,0,2,4,0.7230583212566665,4.999587118836638,0.9745803209968756,0.7230583426063053,4.99958706623204,0.9093097207526428,0.9999999999883852,/fs5/p_masi/saundam1/outputs/crossing_fibers/fissile_data/10examples_2fibers_12-14-24_20-47-36.mat,5.0,1.291572528780162,1.291572528780162,1.2915701457411504,FISSILE,0.9999999999813058,3.942476676500724e-08,0.06527060024423281
601,265,1,2,4,0.8549160872820865,2.980335988474032,0.0254196790031244,0.8549146039285407,2.9803385738864705,0.0456423380149287,0.9999999999742266,/fs5/p_masi/saundam1/outputs/crossing_fibers/fissile_data/10examples_2fibers_12-14-24_20-47-36.mat,5.0,1.291572528780162,1.291572528780162,1.2915701457411504,FISSILE,0.9999999999813058,2.4506861231123118e-06,0.0202226590118043
602,266,0,2,2,0.415180769172784,1.5707963267948966,0.8723736134334988,0.4151807634253837,1.570796318517678,0.838844314016754,0.9999999999999998,/fs5/p_masi/saundam1/outputs/crossing_fibers/fissile_data/10examples_2fibers_12-14-24_20-47-36.mat,6.0,1.475164048750728,1.475164048750728,1.4751640480976551,FISSILE,0.9999999999999996,0.0,0.03352929941674487
603,266,1,2,2,1.3778208455722298,3.3450826625006127,0.1276263865665012,1.37782083927874,3.345082671215612,0.1611556859832454,0.9999999999999992,/fs5/p_masi/saundam1/outputs/crossing_fibers/fissile_data/10examples_2fibers_12-14-24_20-47-36.mat,6.0,1.475164048750728,1.475164048750728,1.4751640480976551,FISSILE,0.9999999999999996,1.4901161193847656e-08,0.03352929941674421
604,267,0,2,2,1.121992020446222,5.99056826758017,0.4370376316982646,1.1219920162307688,5.990568266747663,0.442706893803455,0.9999999999999998,/fs5/p_masi/saundam1/outputs/crossing_fibers/fissile_data/10examples_2fibers_12-14-24_20-47-36.mat,7.0,1.350319779601997,1.350319779601997,1.350319770800552,FISSILE,0.9999999999999998,1.4901161193847656e-08,0.00566926210519042
605,267,1,2,2,0.2356194490192346,2.588018294692748,0.5629623683017353,0.2356194440869603,2.5880182973891706,0.5572931061965445,0.9999999999999998,/fs5/p_masi/saundam1/outputs/crossing_fibers/fissile_data/10examples_2fibers_12-14-24_20-47-36.mat,7.0,1.350319779601997,1.350319779601997,1.350319770800552,FISSILE,0.9999999999999998,0.0,0.005669262105190809
606,268,0,2,2,0.9629020468755256,1.4252161254581286,0.4966615248122323,0.9629020427066276,1.4252161191985102,0.4969621290124528,0.9999999999999996,/fs5/p_masi/saundam1/outputs/crossing_fibers/fissile_data/10examples_2fibers_12-14-24_20-47-36.mat,8.0,2.1311695042805416,2.1311695042805416,2.131169495738772,FISSILE,0.9999999999999993,0.0,0.00030060420022048895
607,268,1,2,2,1.174301600577341,4.450660326752962,0.5033384751877678,1.1743015943423163,4.450660337767024,0.5030378709875472,0.9999999999999992,/fs5/p_masi/saundam1/outputs/crossing_fibers/fissile_data/10examples_2fibers_12-14-24_20-47-36.mat,8.0,2.1311695042805416,2.1311695042805416,2.131169495738772,FISSILE,0.9999999999999993,2.1073424255447017e-08,0.00030060420022059997
608,269,0,2,2,0.5302740822049261,5.252060417068959,0.6214109336033774,0.5302740822912252,5.252060424296261,0.6104788413892235,0.9999999999999998,/fs5/p_masi/saundam1/outputs/crossing_fibers/fissile_data/10examples_2fibers_12-14-24_20-47-36.mat,9.0,1.857420277144225,1.857420277144225,1.8574202752394,FISSILE,0.9999999999999996,0.0,0.010932092214153921
609,269,1,2,2,1.3398487871450329,2.333192610527734,0.3785890663966225,1.339848783471864,2.333192603120399,0.3895211586107764,0.9999999999999992,/fs5/p_masi/saundam1/outputs/crossing_fibers/fissile_data/10examples_2fibers_12-14-24_20-47-36.mat,9.0,1.857420277144225,1.857420277144225,1.8574202752394,FISSILE,0.9999999999999996,0.0,0.010932092214153921
610,270,0,2,2,0.6384575817471045,2.369884010774821,0.4907661521909737,0.6384575777458272,2.3698840068633373,0.4915975863098541,0.9999999999999996,/fs5/p_masi/saundam1/outputs/crossing_fibers/fissile_data/10examples_2fibers_12-11-24_17-15-28.mat,0.0,1.0586048374504369,1.0586048374504369,1.0586048332451576,FISSILE,0.9999999999999998,0.0,0.0008314341188804253
611,270,1,2,2,0.6556542281959249,4.355455877977144,0.5092338478090263,0.6556542275008147,4.3554558725216985,0.5084024136901454,1.0,/fs5/p_masi/saundam1/outputs/crossing_fibers/fissile_data/10examples_2fibers_12-11-24_17-15-28.mat,0.0,1.0586048374504369,1.0586048374504369,1.0586048332451576,FISSILE,0.9999999999999998,0.0,0.0008314341188808694
612,271,0,2,2,0.782760891291302,4.597889853348373,0.9213255425657044,0.7827608831870956,4.597889864560984,0.8833885183581602,0.9999999999999992,/fs5/p_masi/saundam1/outputs/crossing_fibers/fissile_data/10examples_2fibers_12-11-24_17-15-28.mat,1.0,1.0444353381848706,1.0444353381848706,1.0444352600617794,FISSILE,0.999999999999968,0.0,0.03793702420754419
613,271,1,2,2,0.4963124206174743,0.2542182070802538,0.0786744574342956,0.4963124013257654,0.254218056406491,0.1166114816418392,0.9999999999999368,/fs5/p_masi/saundam1/outputs/crossing_fibers/fissile_data/10examples_2fibers_12-11-24_17-15-28.mat,1.0,1.0444353381848706,1.0444353381848706,1.0444352600617794,FISSILE,0.999999999999968,7.45058059692383e-08,0.03793702420754359
614,272,0,2,2,0.7236604473241012,1.6322155864062262,0.0922229411585394,0.7236604216471137,1.6322156202193647,0.1289400423133906,0.9999999999999948,/fs5/p_masi/saundam1/outputs/crossing_fibers/fissile_data/10examples_2fibers_12-11-24_17-15-28.mat,2.0,1.401805084705254,1.401805084705254,1.4018050525174817,FISSILE,0.9999999999999968,3.650024149988857e-08,0.03671710115485119
615,272,1,2,2,0.8677065608031592,3.879812256287724,0.9077770588414604,0.8677065549032374,3.879812273369432,0.8710599576866083,0.9999999999999988,/fs5/p_masi/saundam1/outputs/crossing_fibers/fissile_data/10examples_2fibers_12-11-24_17-15-28.mat,2.0,1.401805084705254,1.401805084705254,1.4018050525174817,FISSILE,0.9999999999999968,0.0,0.03671710115485216
616,273,0,2,2,0.3349322156064453,0.9201609471910708,0.5644852804994217,0.3349322155219041,0.920160947725826,0.558678886527873,1.0,/fs5/p_masi/saundam1/outputs/crossing_fibers/fissile_data/10examples_2fibers_12-11-24_17-15-28.mat,3.0,1.2497448685559756,1.2497448685559756,1.2497448601370122,FISSILE,0.9999999999999998,0.0,0.005806393971548696
617,273,1,2,2,1.222353054837238,2.5132859712256783,0.4355147195005783,1.2223530478186595,2.513285966160086,0.4413211134721267,0.9999999999999994,/fs5/p_masi/saundam1/outputs/crossing_fibers/fissile_data/10examples_2fibers_12-11-24_17-15-28.mat,3.0,1.2497448685559756,1.2497448685559756,1.2497448601370122,FISSILE,0.9999999999999998,0.0,0.005806393971548418
618,274,0,2,2,1.296751937947903,5.937796339804166,0.7472098869703915,1.2967519318096756,5.937796346911115,0.724950575848808,0.9999999999999996,/fs5/p_masi/saundam1/outputs/crossing_fibers/fissile_data/10examples_2fibers_12-11-24_17-15-28.mat,4.0,0.4074253070731526,0.4074253070731526,0.4074253126578138,FISSILE,0.9999999999999991,1.4901161193847656e-08,0.022259311121583525
619,274,1,2,2,1.4493051037398104,5.551984418636808,0.2527901130296086,1.4493050954999889,5.551984418168264,0.2750494241511927,0.9999999999999988,/fs5/p_masi/saundam1/outputs/crossing_fibers/fissile_data/10examples_2fibers_12-11-24_17-15-28.mat,4.0,0.4074253070731526,0.4074253070731526,0.4074253126578138,FISSILE,0.9999999999999991,0.0,0.022259311121584135
620,275,0,2,2,0.9462667588251144,5.291474646929865,0.560486434947862,0.9462667503386918,5.2914746560636425,0.5550401278666827,0.9999999999999992,/fs5/p_masi/saundam1/outputs/crossing_fibers/fissile_data/10examples_2fibers_12-11-24_17-15-28.mat,5.0,0.4834009373110716,0.4834009373110716,0.4834009315728241,FISSILE,0.9999999999999993,0.0,0.005446307081179325
621,275,1,2,2,0.7880401444850957,5.896480180615849,0.439513565052138,0.7880401389994927,5.896480186653714,0.4449598721333172,0.9999999999999996,/fs5/p_masi/saundam1/outputs/crossing_fibers/fissile_data/10examples_2fibers_12-11-24_17-15-28.mat,5.0,0.4834009373110716,0.4834009373110716,0.4834009315728241,FISSILE,0.9999999999999993,0.0,0.005446307081179214
622,276,0,2,2,1.0248132569355142,4.896473128126053,0.3220850451943727,1.0248132566190995,4.896473129771006,0.3381048835788339,1.0,/fs5/p_masi/saundam1/outputs/crossing_fibers/fissile_data/10examples_2fibers_12-11-24_17-15-28.mat,6.0,2.27732137920314,2.2773213792031397,2.277321373213096,FISSILE,1.0,0.0,0.016019838384461194
623,276,1,2,2,1.3703628849767873,1.300628159888106,0.6779149548056274,1.370362880439225,1.3006281578462318,0.661895116421166,1.0,/fs5/p_masi/saundam1/outputs/crossing_fibers/fissile_data/10examples_2fibers_12-11-24_17-15-28.mat,6.0,2.27732137920314,2.2773213792031397,2.277321373213096,FISSILE,1.0,0.0,0.016019838384461305
624,277,0,2,2,1.4090860572887882,2.730788877590166,0.677591580642094,1.409086055703807,2.7307888761122383,0.6616008671317837,1.0,/fs5/p_masi/saundam1/outputs/crossing_fibers/fissile_data/10examples_2fibers_12-11-24_17-15-28.mat,7.0,1.006881210324894,1.006881210324894,1.0068812209122304,FISSILE,0.9999999999999993,1.4901161193847656e-08,0.01599071351031034
625,277,1,2,2,1.3722193745040243,3.7552102113344894,0.322408419357906,1.372219383538179,3.755210220277172,0.3383991328682164,0.9999999999999988,/fs5/p_masi/saundam1/outputs/crossing_fibers/fissile_data/10examples_2fibers_12-11-24_17-15-28.mat,7.0,1.006881210324894,1.006881210324894,1.0068812209122304,FISSILE,0.9999999999999993,1.4901161193847656e-08,0.015990713510310395
626,278,0,2,2,1.292525139547906,0.4805259163768895,0.2030303873091256,1.2925251678635847,0.4805259103352093,0.2297701622061262,0.9999999999999972,/fs5/p_masi/saundam1/outputs/crossing_fibers/fissile_data/10examples_2fibers_12-11-24_17-15-28.mat,8.0,2.004718268278632,2.0047182682786318,2.004718283845818,FISSILE,0.9999999999999987,2.9802322387695312e-08,0.026739774897000607
627,278,1,2,2,0.9200988858418088,4.318702051531199,0.7969696126908743,0.9200988839874004,4.318702057470448,0.7702298377938741,1.0,/fs5/p_masi/saundam1/outputs/crossing_fibers/fissile_data/10examples_2fibers_12-11-24_17-15-28.mat,8.0,2.004718268278632,2.0047182682786318,2.004718283845818,FISSILE,0.9999999999999987,0.0,0.02673977489700019
628,279,0,2,2,0.2060243987782958,2.938553568431012,0.7101288841204227,0.2060243964600897,2.9385535669885425,0.6912084426404762,1.0,/fs5/p_masi/saundam1/outputs/crossing_fibers/fissile_data/10examples_2fibers_12-11-24_17-15-28.mat,9.0,0.8409222099903104,0.8409222099903104,0.8409222078562222,FISSILE,0.9999999999999998,0.0,0.018920441479946537
629,279,1,2,2,0.710653991576535,0.769745677105918,0.2898711158795773,0.710653992989193,0.7697456885657372,0.3087915573595233,0.9999999999999996,/fs5/p_masi/saundam1/outputs/crossing_fibers/fissile_data/10examples_2fibers_12-11-24_17-15-28.mat,9.0,0.8409222099903104,0.8409222099903104,0.8409222078562222,FISSILE,0.9999999999999998,2.1073424255447017e-08,0.018920441479945982
630,280,0,3,3,0.7454330299814531,2.6748570832196337,0.3454516147229172,0.7454330209662895,2.6748570752408543,0.344360462786807,0.9999999999999988,/fs5/p_masi/saundam1/outputs/crossing_fibers/fissile_data/10examples_3fibers_12-21-24_12-14-28.mat,0.0,,,,FISSILE,0.9999999999999986,0.0,0.0010911519361102018
631,280,1,3,3,0.9709534166726016,4.953722409755756,0.1334057158108104,0.9709534184657338,4.95372243149905,0.1514076109211232,0.9999999999999972,/fs5/p_masi/saundam1/outputs/crossing_fibers/fissile_data/10examples_3fibers_12-21-24_12-14-28.mat,0.0,,,,FISSILE,0.9999999999999986,1.4901161193847656e-08,0.018001895110312804
632,280,2,3,3,1.270289255270878,5.457136016963111,0.5211426694662725,1.2702892488195427,5.457136021258566,0.5042319262920688,0.9999999999999998,/fs5/p_masi/saundam1/outputs/crossing_fibers/fissile_data/10examples_3fibers_12-21-24_12-14-28.mat,0.0,,,,FISSILE,0.9999999999999986,1.4901161193847656e-08,0.016910743174203713
633,281,0,3,3,0.9462667588251144,2.149881993340072,0.1721131142419579,0.9462667727310902,2.1498820040858395,0.1866297330633079,0.999999999999997,/fs5/p_masi/saundam1/outputs/crossing_fibers/fissile_data/10examples_3fibers_12-21-24_12-14-28.mat,1.0,,,,FISSILE,0.9999999999999981,2.1073424255447017e-08,0.014516618821349997
634,281,1,3,3,1.4476853384205146,3.4830667745076807,0.5281079289645774,1.4476853313976972,3.483066787487772,0.5105700021906269,0.999999999999999,/fs5/p_masi/saundam1/outputs/crossing_fibers/fissile_data/10examples_3fibers_12-21-24_12-14-28.mat,1.0,,,,FISSILE,0.9999999999999981,1.4901161193847656e-08,0.017537926773950496
635,281,2,3,3,1.530108034446189,5.551593015613682,0.2997789567934646,1.5301080168537509,5.551593023825914,0.3028002647460648,0.9999999999999982,/fs5/p_masi/saundam1/outputs/crossing_fibers/fissile_data/10examples_3fibers_12-21-24_12-14-28.mat,1.0,,,,FISSILE,0.9999999999999981,1.4901161193847656e-08,0.003021307952600194
636,282,0,3,3,0.7306706752622402,1.388259522437021,0.5203405367365086,0.730670701968952,1.38825950664258,0.5035019262037355,0.9999999999999936,/fs5/p_masi/saundam1/outputs/crossing_fibers/fissile_data/10examples_3fibers_12-21-24_12-14-28.mat,2.0,,,,FISSILE,0.9999999999994075,2.9802322387695312e-08,0.016838610532773135
637,282,1,3,3,0.2599898112942928,1.027967630450874,0.0243128953237375,0.2599903015161852,1.027968465387785,0.0521377887680437,0.9999999999982304,/fs5/p_masi/saundam1/outputs/crossing_fibers/fissile_data/10examples_3fibers_12-21-24_12-14-28.mat,2.0,,,,FISSILE,0.9999999999994075,5.351985989829356e-07,0.027824893444306203
638,282,2,3,3,0.839946846723819,1.6254523947697257,0.4553465679397539,0.839946831581352,1.6254524011184044,0.44436028502822,0.9999999999999982,/fs5/p_masi/saundam1/outputs/crossing_fibers/fissile_data/10examples_3fibers_12-21-24_12-14-28.mat,2.0,,,,FISSILE,0.9999999999994075,2.1073424255447017e-08,0.010986282911533918
639,283,0,3,4,1.1770900850324717,4.294197501760929,0.034406912501762,0.1925134399024433,5.353927991515517,0.1896125498376458,0.2181918499679866,/fs5/p_masi/saundam1/outputs/crossing_fibers/fissile_data/10examples_3fibers_12-21-24_12-14-28.mat,3.0,,,,FISSILE,0.5255939458026228,1.089479505144998,0.1552056373358838
640,283,1,3,4,0.9942771800214104,0.3409306366957782,0.0835423339900421,0.7420982730435723,0.2985659982862671,0.1043116674522939,0.3600039363484246,/fs5/p_masi/saundam1/outputs/crossing_fibers/fissile_data/10examples_3fibers_12-21-24_12-14-28.mat,3.0,,,,FISSILE,0.5255939458026228,0.2542083834176426,0.020769333462251793
641,283,2,3,4,1.4376104465649342,4.4884378248359535,0.882050753508196,1.423754548731429,4.486562228634508,0.7934573637171545,0.9985860510914571,/fs5/p_masi/saundam1/outputs/crossing_fibers/fissile_data/10examples_3fibers_12-21-24_12-14-28.mat,3.0,,,,FISSILE,0.5255939458026228,0.013979810295591769,0.08859338979104148
642,284,0,3,4,0.640990849795129,3.477786007911358,0.6991726435096354,0.6409902352485951,3.477785769058091,0.6587390671078068,0.9999999999880996,/fs5/p_masi/saundam1/outputs/crossing_fibers/fissile_data/10examples_3fibers_12-21-24_12-14-28.mat,4.0,,,,FISSILE,0.9999999997728902,6.307962682401263e-07,0.04043357640182854
643,284,1,3,4,1.4901359072535174,5.491865298846433,0.1652345524295671,1.4901371029675905,5.491866047889188,0.1728644785417177,0.9999999999347802,/fs5/p_masi/saundam1/outputs/crossing_fibers/fissile_data/10examples_3fibers_12-21-24_12-14-28.mat,4.0,,,,FISSILE,0.9999999997728902,1.4097160047610153e-06,0.007629926112150576
644,284,2,3,4,0.6598044006159223,2.0457745995794183,0.1355928040607975,0.6598155171219402,2.045772055827748,0.1458924487065045,0.9999999993957908,/fs5/p_masi/saundam1/outputs/crossing_fibers/fissile_data/10examples_3fibers_12-21-24_12-14-28.mat,4.0,,,,FISSILE,0.9999999997728902,1.1225322748394554e-05,0.010299644645707012
645,285,0,3,5,0.949669411794262,0.7272576969540039,0.0030726578091857,0.7408972118447478,1.2770727075844466,0.2454600500247921,0.3489392555775742,/fs5/p_masi/saundam1/outputs/crossing_fibers/fissile_data/10examples_3fibers_12-21-24_12-14-28.mat,5.0,,,,FISSILE,0.4118866452641703,0.45697329531886055,0.2423873922156064
646,285,1,3,5,1.303543538644372,1.2531334784983166,0.6629855055013314,1.145206892533111,1.2163791342558958,0.4221246114148488,0.6629847946305161,/fs5/p_masi/saundam1/outputs/crossing_fibers/fissile_data/10examples_3fibers_12-21-24_12-14-28.mat,5.0,,,,FISSILE,0.4118866452641703,0.16205600800244346,0.2408608940864826
647,285,2,3,5,1.489620912525912,5.378173094390929,0.3339418366894829,0.8372864378384373,4.428210202437361,0.5053017968785266,0.2237358855844207,/fs5/p_masi/saundam1/outputs/crossing_fibers/fissile_data/10examples_3fibers_12-21-24_12-14-28.mat,5.0,,,,FISSILE,0.4118866452641703,1.064460130873577,0.1713599601890437
648,286,0,3,3,0.2599898112942928,4.169560284040667,0.0112494860232339,0.2599458528336519,4.169451428911077,0.0402356098641933,0.9999999810328564,/fs5/p_masi/saundam1/outputs/crossing_fibers/fissile_data/10examples_3fibers_12-21-24_12-14-28.mat,6.0,,,,FISSILE,0.9999999936674574,5.2108457334021744e-05,0.0289861238409594
649,286,1,3,3,0.3244638227554858,4.283523447223405,0.2963271895555633,0.3244618778693175,4.283521048117146,0.2996742533463074,0.9999999999695168,/fs5/p_masi/saundam1/outputs/crossing_fibers/fissile_data/10examples_3fibers_12-21-24_12-14-28.mat,6.0,,,,FISSILE,0.9999999936674574,2.0898845372117945e-06,0.003347063790744065
650,286,2,3,3,1.2392241521600331,4.497971533627111,0.6924233244212028,1.2392241388482932,4.497971536296234,0.6600901367894988,0.999999999999999,/fs5/p_masi/saundam1/outputs/crossing_fibers/fissile_data/10examples_3fibers_12-21-24_12-14-28.mat,6.0,,,,FISSILE,0.9999999936674574,1.4901161193847656e-08,0.03233318763170401
651,287,0,3,3,1.0041757434998693,4.199143195447601,0.240992146804727,1.0041757455289937,4.199143200784375,0.2493067443958038,0.9999999999999998,/fs5/p_masi/saundam1/outputs/crossing_fibers/fissile_data/10examples_3fibers_12-21-24_12-14-28.mat,7.0,,,,FISSILE,0.9999999999999997,0.0,0.008314597591076806
652,287,1,3,3,0.839946846723819,4.657732912409861,0.1374509514913135,0.8399468436183907,4.657732921210799,0.155088602991793,0.9999999999999994,/fs5/p_masi/saundam1/outputs/crossing_fibers/fissile_data/10examples_3fibers_12-21-24_12-14-28.mat,7.0,,,,FISSILE,0.9999999999999997,0.0,0.017637651500479495
653,287,2,3,3,0.3295197961153179,1.7763341389640528,0.6215569017039595,0.3295197943757902,1.7763341382734532,0.5956046526124018,1.0000000000000002,/fs5/p_masi/saundam1/outputs/crossing_fibers/fissile_data/10examples_3fibers_12-21-24_12-14-28.mat,7.0,,,,FISSILE,0.9999999999999997,0.0,0.02595224909155769
654,288,0,3,3,1.2580641470514884,0.4176111779534488,0.4887910588147736,1.2580641425589714,0.4176111777831019,0.4747933181018767,0.9999999999999998,/fs5/p_masi/saundam1/outputs/crossing_fibers/fissile_data/10examples_3fibers_12-21-24_12-14-28.mat,8.0,,,,FISSILE,0.9999999999999973,0.0,0.013997740712896889
655,288,1,3,3,0.8461883716725984,1.4082232949072588,0.456495730798338,0.8461883659204898,1.40822328228525,0.4454059302252494,0.9999999999999992,/fs5/p_masi/saundam1/outputs/crossing_fibers/fissile_data/10examples_3fibers_12-21-24_12-14-28.mat,8.0,,,,FISSILE,0.9999999999999973,1.4901161193847656e-08,0.011089800573088615
656,288,2,3,3,0.7853981633974484,3.6951670124868383,0.0547132103868883,0.7853981324537319,3.695167051865477,0.0798007516728736,0.9999999999999928,/fs5/p_masi/saundam1/outputs/crossing_fibers/fissile_data/10examples_3fibers_12-21-24_12-14-28.mat,8.0,,,,FISSILE,0.9999999999999973,4.2146848510894035e-08,0.025087541285985296
657,289,0,3,3,0.3295197961153179,1.7763341389640528,0.5678774621018354,0.3295197861152268,1.776334136716775,0.546758635924146,0.9999999999999996,/fs5/p_masi/saundam1/outputs/crossing_fibers/fissile_data/10examples_3fibers_12-21-24_12-14-28.mat,9.0,,,,FISSILE,0.999999999999999,0.0,0.021118826177689454
658,289,1,3,3,0.2031981432944603,5.4336471038045335,0.3376308678660026,0.2031981507760298,5.433647091398329,0.3372438923480813,0.9999999999999992,/fs5/p_masi/saundam1/outputs/crossing_fibers/fissile_data/10examples_3fibers_12-21-24_12-14-28.mat,9.0,,,,FISSILE,0.999999999999999,0.0,0.00038697551792132856
659,289,2,3,3,0.8245151100806168,3.614916550214076,0.0944916700321619,0.8245150960225114,3.614916553439048,0.1159974717277714,0.9999999999999982,/fs5/p_masi/saundam1/outputs/crossing_fibers/fissile_data/10examples_3fibers_12-21-24_12-14-28.mat,9.0,,,,FISSILE,0.999999999999999,0.0,0.021505801695609505
660,290,0,2,6,1.4186612472793505,3.0063674019779163,0.2059415704882314,0.3773119156908548,1.5835919073303275,0.2828127051370835,-0.1614553178134448,/fs5/p_masi/saundam1/outputs/crossing_fibers/fissile_data/10examples_2fibers_12-11-24_16-49-24.mat,0.0,0.1174732292232687,0.1174732292232687,1.3441617341266467,FISSILE,0.4124464208354242,1.3749503239491858,0.07687113464885212
661,290,1,2,6,1.3208770965686027,3.0728372564253514,0.7940584295117686,1.3619996855590093,3.0654938004424004,0.7373992230965123,0.9863481594842932,/fs5/p_masi/saundam1/outputs/crossing_fibers/fissile_data/10examples_2fibers_12-11-24_16-49-24.mat,0.0,0.1174732292232687,0.1174732292232687,1.3441617341266467,FISSILE,0.4124464208354242,0.041739643873501785,0.05665920641525635
662,291,0,2,2,1.0630141400564377,3.62775905486363,0.2818146135760584,1.0630141469013084,3.627759068645267,0.3014604865098941,0.9999999999999988,/fs5/p_masi/saundam1/outputs/crossing_fibers/fissile_data/10examples_2fibers_12-11-24_16-49-24.mat,1.0,2.2780627145253507,2.2780627145253507,2.278062716241952,FISSILE,0.9999999999999993,2.1073424255447017e-08,0.019645872933835684
663,291,1,2,2,1.2247205764024218,0.3525991923708566,0.7181853864239416,1.2247205734969726,0.3525991911294865,0.6985395134901067,1.0,/fs5/p_masi/saundam1/outputs/crossing_fibers/fissile_data/10examples_2fibers_12-11-24_16-49-24.mat,1.0,2.2780627145253507,2.2780627145253507,2.278062716241952,FISSILE,0.9999999999999993,0.0,0.019645872933834907
664,292,0,2,2,1.0918079828299752,1.435441808791062,0.2064421022088658,1.0918079746037357,1.43544181240148,0.2328746722349589,0.9999999999999996,/fs5/p_masi/saundam1/outputs/crossing_fibers/fissile_data/10examples_2fibers_12-11-24_16-49-24.mat,2.0,0.7376490960686355,0.7376490960686355,0.7376490881023869,FISSILE,0.9999999999999996,0.0,0.02643257002609309
665,292,1,2,2,0.7593276473355612,2.2798676633035018,0.7935578977911342,0.7593276394737556,2.279867661084233,0.767125327765041,0.9999999999999996,/fs5/p_masi/saundam1/outputs/crossing_fibers/fissile_data/10examples_2fibers_12-11-24_16-49-24.mat,2.0,0.7376490960686355,0.7376490960686355,0.7376490881023869,FISSILE,0.9999999999999996,1.4901161193847656e-08,0.026432570026093116
666,293,0,2,2,0.1927396519676657,1.92592979489706,0.471338276680903,0.1927396513364247,1.925929831033172,0.4739190293126073,0.9999999999999998,/fs5/p_masi/saundam1/outputs/crossing_fibers/fissile_data/10examples_2fibers_12-11-24_16-49-24.mat,3.0,0.6899942824800108,0.6899942824800108,0.6899942842211673,FISSILE,0.9999999999999998,0.0,0.0025807526317043195
667,293,1,2,2,0.7995394949547917,1.0422397883218832,0.528661723319097,0.7995394903522972,1.0422397890461783,0.5260809706873918,0.9999999999999998,/fs5/p_masi/saundam1/outputs/crossing_fibers/fissile_data/10examples_2fibers_12-11-24_16-49-24.mat,3.0,0.6899942824800108,0.6899942824800108,0.6899942842211673,FISSILE,0.9999999999999998,0.0,0.0025807526317052076
668,294,0,2,2,0.4125733477558472,0.0,0.6790345004080484,0.4125733445096139,6.283185305540329,0.6629138512533257,1.0,/fs5/p_masi/saundam1/outputs/crossing_fibers/fissile_data/10examples_2fibers_12-11-24_16-49-24.mat,4.0,0.5352054154125399,0.5352054154125399,0.5352054103069204,FISSILE,0.9999999999999996,0.0,0.016120649154722666
669,294,1,2,2,0.9135667424702482,0.3281829670379066,0.3209654995919517,0.9135667353299912,0.3281829603686323,0.3370861487466738,0.9999999999999992,/fs5/p_masi/saundam1/outputs/crossing_fibers/fissile_data/10examples_2fibers_12-11-24_16-49-24.mat,4.0,0.5352054154125399,0.5352054154125399,0.5352054103069204,FISSILE,0.9999999999999996,0.0,0.01612064915472211
670,295,0,2,2,0.5968506219704491,1.3801663380757845,0.609587875031849,0.5968506172002066,1.3801663401643245,0.5997203481224329,0.9999999999999998,/fs5/p_masi/saundam1/outputs/crossing_fibers/fissile_data/10examples_2fibers_12-11-24_16-49-24.mat,5.0,1.901524132471444,1.901524132471444,1.9015241312120923,FISSILE,0.9999999999999996,0.0,0.009867526909416058
671,295,1,2,2,1.3048053164239135,4.543201581632196,0.390412124968151,1.3048053200020255,4.543201589258112,0.400279651877567,0.9999999999999994,/fs5/p_masi/saundam1/outputs/crossing_fibers/fissile_data/10examples_2fibers_12-11-24_16-49-24.mat,5.0,1.901524132471444,1.901524132471444,1.9015241312120923,FISSILE,0.9999999999999996,0.0,0.009867526909416002
672,296,0,2,2,1.4076132158915924,0.2696609980286251,0.3391367630380899,1.4076132084207436,0.2696609888983434,0.3536212226768046,0.9999999999999988,/fs5/p_masi/saundam1/outputs/crossing_fibers/fissile_data/10examples_2fibers_12-11-24_16-49-24.mat,6.0,1.9102823629539183,1.9102823629539183,1.9102823480584032,FISSILE,0.9999999999999993,1.4901161193847656e-08,0.014484459638714753
673,296,1,2,2,0.8544683112894418,4.349996319781492,0.6608632369619101,0.8544683079388276,4.349996322261319,0.6463787773231956,0.9999999999999998,/fs5/p_masi/saundam1/outputs/crossing_fibers/fissile_data/10examples_2fibers_12-11-24_16-49-24.mat,6.0,1.9102823629539183,1.9102823629539183,1.9102823480584032,FISSILE,0.9999999999999993,0.0,0.014484459638714475
674,297,0,2,2,1.4922565104551515,2.588018294692748,0.3204750054819872,1.492256502633379,2.5880182772189286,0.3366398169717815,0.9999999999999964,/fs5/p_masi/saundam1/outputs/crossing_fibers/fissile_data/10examples_2fibers_12-11-24_16-49-24.mat,7.0,1.2664588772824157,1.2664588772824157,1.2664588583877987,FISSILE,0.9999999999999981,1.4901161193847656e-08,0.016164811489794317
675,297,1,2,2,0.7306706752622402,1.388259522437021,0.6795249945180128,0.7306706704220909,1.3882595266024913,0.6633601830282185,0.9999999999999998,/fs5/p_masi/saundam1/outputs/crossing_fibers/fissile_data/10examples_2fibers_12-11-24_16-49-24.mat,7.0,1.2664588772824157,1.2664588772824157,1.2664588583877987,FISSILE,0.9999999999999981,0.0,0.016164811489794317
676,298,0,2,3,1.307886058848288,2.036809894838335,0.9361122161484084,1.30788606192005,2.036809883136772,0.8818367558592004,0.999999999999999,/fs5/p_masi/saundam1/outputs/crossing_fibers/fissile_data/10examples_2fibers_12-11-24_16-49-24.mat,8.0,2.1667676794713784,2.1667676794713784,2.166767705582088,FISSILE,0.9999999999999467,1.4901161193847656e-08,0.054275460289208044
677,298,1,2,3,1.019126041237968,4.620132211399477,0.0638877838515917,1.0191259722270292,4.620132347474261,0.088149214777385,0.9999999999998944,/fs5/p_masi/saundam1/outputs/crossing_fibers/fissile_data/10examples_2fibers_12-11-24_16-49-24.mat,8.0,2.1667676794713784,2.1667676794713784,2.166767705582088,FISSILE,0.9999999999999467,1.34110450744629e-07,0.02426143092579329
678,299,0,2,2,0.129336987602799,1.027196301115134,0.9395473473291404,0.1293369869195281,1.0271962867483957,0.8999695869605446,1.0,/fs5/p_masi/saundam1/outputs/crossing_fibers/fissile_data/10examples_2fibers_12-11-24_16-49-24.mat,9.0,0.5863474598098202,0.5863474598098202,0.5863474649142285,FISSILE,0.999999999999999,0.0,0.03957776036859573
679,299,1,2,2,0.710653991576535,0.769745677105918,0.0604526526708595,0.7106539955501617,0.7697456501854552,0.1000304130394538,0.999999999999998,/fs5/p_masi/saundam1/outputs/crossing_fibers/fissile_data/10examples_2fibers_12-11-24_16-49-24.mat,9.0,0.5863474598098202,0.5863474598098202,0.5863474649142285,FISSILE,0.999999999999999,2.1073424255447017e-08,0.0395777603685943
680,300,0,2,3,1.3361950835851348,3.4166382900121346,0.9659615458303769,1.3361950895134873,3.416638302107846,0.9089986730313316,0.9999999999999878,/fs5/p_masi/saundam1/outputs/crossing_fibers/fissile_data/10examples_2fibers_12-10-24_18-54-49.mat,0.0,1.750346235473828,1.750346235473828,1.7503426141934408,FISSILE,0.999999999897734,1.4901161193847656e-08,0.05696287279904522
681,300,1,2,3,0.9712666799191974,5.383453714301523,0.0340384541696231,0.971260336499022,5.383452367838531,0.0609878229009483,0.9999999997954804,/fs5/p_masi/saundam1/outputs/crossing_fibers/fissile_data/10examples_2fibers_12-10-24_18-54-49.mat,0.0,1.750346235473828,1.750346235473828,1.7503426141934408,FISSILE,0.999999999897734,6.440094997410383e-06,0.026949368731325196
682,301,0,2,2,1.0342099358918782,4.987463906500104,0.7188127699385285,1.0342099309818031,4.987463910826508,0.6991104102727728,0.9999999999999996,/fs5/p_masi/saundam1/outputs/crossing_fibers/fissile_data/10examples_2fibers_12-10-24_18-54-49.mat,1.0,2.318688957698204,2.318688957698204,2.3186889501997814,FISSILE,0.9999999999999991,1.4901161193847656e-08,0.01970235966575573
683,301,1,2,2,1.356128526106386,2.195271403394209,0.2811872300614715,1.3561285177650184,2.195271396216333,0.300889589727227,0.9999999999999988,/fs5/p_masi/saundam1/outputs/crossing_fibers/fissile_data/10examples_2fibers_12-10-24_18-54-49.mat,1.0,2.318688957698204,2.318688957698204,2.3186889501997814,FISSILE,0.9999999999999991,1.4901161193847656e-08,0.01970235966575551
684,302,0,2,2,0.804071152655924,2.9166726530500378,0.4262534941113217,0.8040711451193481,2.9166726447329414,0.4328937844304354,0.9999999999999996,/fs5/p_masi/saundam1/outputs/crossing_fibers/fissile_data/10examples_2fibers_12-10-24_18-54-49.mat,2.0,1.157221687093578,1.157221687093578,1.157221682183783,FISSILE,0.9999999999999998,0.0,0.006640290319113729
685,302,1,2,2,1.4376104465649342,1.794747482343633,0.5737465058886783,1.437610445147142,1.7947474819692095,0.5671062155695645,1.0,/fs5/p_masi/saundam1/outputs/crossing_fibers/fissile_data/10examples_2fibers_12-10-24_18-54-49.mat,2.0,1.157221687093578,1.157221687093578,1.157221682183783,FISSILE,0.9999999999999998,0.0,0.006640290319113729
686,303,0,2,6,1.4104977906860925,5.610039519851506,0.2427772557831467,0.7539474649875039,5.523783135088968,0.2010376704865781,-0.2607313917617758,/fs5/p_masi/saundam1/outputs/crossing_fibers/fissile_data/10examples_2fibers_12-10-24_18-54-49.mat,3.0,1.8451779424492591,1.8451779424492591,1.5550709589137623,FISSILE,0.20951065617086315,0.6606552647881424,0.0417395852965686
687,303,1,2,6,1.530109921940538,3.7541155774491592,0.7572227442168533,1.327605057503361,3.710052665131304,0.4353003110828567,0.6797527041035021,/fs5/p_masi/saundam1/outputs/crossing_fibers/fissile_data/10examples_2fibers_12-10-24_18-54-49.mat,3.0,1.8451779424492591,1.8451779424492591,1.5550709589137623,FISSILE,0.20951065617086315,0.20713279348912508,0.3219224331339966
688,304,0,2,3,1.2248123524842434,3.141592653589793,0.3024480136980346,0.4921759183104259,4.095936936041408,0.3117408578608392,0.1848042535800061,/fs5/p_masi/saundam1/outputs/crossing_fibers/fissile_data/10examples_2fibers_12-10-24_18-54-49.mat,4.0,1.975647014242928,1.975647014242928,1.0152141517514564,FISSILE,0.19791526397265355,0.9813743762889263,0.009292844162804625
689,304,1,2,3,1.331284220793013,5.258099605616755,0.6975519863019655,0.7299178214151103,6.089701806323242,0.9817246717782862,0.211026274365301,/fs5/p_masi/saundam1/outputs/crossing_fibers/fissile_data/10examples_2fibers_12-10-24_18-54-49.mat,4.0,1.975647014242928,1.975647014242928,1.0152141517514564,FISSILE,0.19791526397265355,0.9107037366797821,0.2841726854763207
690,305,0,2,2,1.1656685123536272,1.746892504111121,0.6987039436360596,1.1656685064520027,1.746892499604874,0.6808122121527824,0.9999999999999996,/fs5/p_masi/saundam1/outputs/crossing_fibers/fissile_data/10examples_2fibers_12-10-24_18-54-49.mat,5.0,2.378281275823479,2.378281275823479,2.378281282879363,FISSILE,0.9999999999999984,0.0,0.017891731483277162
691,305,1,2,2,1.4901359072535174,5.491865298846433,0.3012960563639404,1.4901359091945614,5.49186528213732,0.3191877878472174,0.9999999999999972,/fs5/p_masi/saundam1/outputs/crossing_fibers/fissile_data/10examples_2fibers_12-10-24_18-54-49.mat,5.0,2.378281275823479,2.378281275823479,2.378281282879363,FISSILE,0.9999999999999984,1.4901161193847656e-08,0.017891731483276996
692,306,0,2,2,1.504931796636225,1.1081332114604217,0.3343324663494128,1.5049317777341706,1.108133204709251,0.3492495148646941,0.9999999999999968,/fs5/p_masi/saundam1/outputs/crossing_fibers/fissile_data/10examples_2fibers_12-10-24_18-54-49.mat,6.0,2.026114992142655,2.026114992142655,2.026114974821861,FISSILE,0.9999999999999982,1.4901161193847656e-08,0.01491704851528125
693,306,1,2,2,0.6669452292080335,3.599943277743309,0.6656675336505873,0.666945222739977,3.59994328217717,0.6507504851353059,0.9999999999999998,/fs5/p_masi/saundam1/outputs/crossing_fibers/fissile_data/10examples_2fibers_12-10-24_18-54-49.mat,6.0,2.026114992142655,2.026114992142655,2.026114974821861,FISSILE,0.9999999999999982,0.0,0.014917048515281417
694,307,0,2,2,1.307886058848288,4.246375412341251,0.7469370041145651,1.30788605009571,4.246375423039618,0.7247022789174655,0.9999999999999992,/fs5/p_masi/saundam1/outputs/crossing_fibers/fissile_data/10examples_2fibers_12-10-24_18-54-49.mat,7.0,0.9537767995110058,0.9537767995110058,0.9537767806866566,FISSILE,0.9999999999999969,2.1073424255447017e-08,0.02223472519709957
695,307,1,2,2,0.5731851741674984,3.434209693189209,0.253062995885435,0.573185164957329,3.4342097379419863,0.2752977210825348,0.9999999999999944,/fs5/p_masi/saundam1/outputs/crossing_fibers/fissile_data/10examples_2fibers_12-10-24_18-54-49.mat,7.0,0.9537767995110058,0.9537767995110058,0.9537767806866566,FISSILE,0.9999999999999969,2.5809568279517847e-08,0.02223472519709979
696,308,0,2,2,0.9475287768595078,2.733632878335172,0.3614408334804591,0.9475287815865612,2.7336328805321783,0.3739169941413672,0.9999999999999998,/fs5/p_masi/saundam1/outputs/crossing_fibers/fissile_data/10examples_2fibers_12-10-24_18-54-49.mat,8.0,1.2229839515310084,1.2229839515310084,1.222983953194774,FISSILE,0.9999999999999997,0.0,0.01247616066090812
697,308,1,2,2,1.382249325118874,4.010019132250414,0.6385591665195409,1.3822493198996766,4.010019140203061,0.6260830058586331,0.9999999999999996,/fs5/p_masi/saundam1/outputs/crossing_fibers/fissile_data/10examples_2fibers_12-10-24_18-54-49.mat,8.0,1.2229839515310084,1.2229839515310084,1.222983953194774,FISSILE,0.9999999999999997,0.0,0.012476160660907842
698,309,0,2,2,1.1107859897790626,3.852536953184168,0.5152820252072314,1.1107859809609435,3.852536967835948,0.5139060180137773,0.9999999999999988,/fs5/p_masi/saundam1/outputs/crossing_fibers/fissile_data/10examples_2fibers_12-10-24_18-54-49.mat,9.0,0.4374824481012898,0.4374824481012898,0.4374824528635728,FISSILE,0.9999999999999989,1.4901161193847656e-08,0.0013760071934540985
699,309,1,2,2,1.3735036607521016,4.223809542376287,0.4847179747927687,1.3735036658621755,4.223809552638738,0.4860939819862229,0.999999999999999,/fs5/p_masi/saundam1/outputs/crossing_fibers/fissile_data/10examples_2fibers_12-10-24_18-54-49.mat,9.0,0.4374824481012898,0.4374824481012898,0.4374824528635728,FISSILE,0.9999999999999989,1.4901161193847656e-08,0.0013760071934542095
700,310,0,2,3,1.504931796636225,1.1081332114604217,0.0193650099867691,1.504925469444669,1.1081351719832584,0.0476351361796056,0.999999999858646,/fs5/p_masi/saundam1/outputs/crossing_fibers/fissile_data/10examples_2fibers_12-14-24_22-28-56.mat,0.0,2.009515857636943,2.009515857636943,2.009510014633095,FISSILE,0.9999999999283031,6.622707057268713e-06,0.028270126192836503
701,310,1,2,3,0.5358248173746077,4.583232819606303,0.9806349900132308,0.5358248320236498,4.583232816318079,0.9223568944486664,0.9999999999979602,/fs5/p_masi/saundam1/outputs/crossing_fibers/fissile_data/10examples_2fibers_12-14-24_22-28-56.mat,0.0,2.009515857636943,2.009515857636943,2.009510014633095,FISSILE,0.9999999999283031,1.4901161193847656e-08,0.058278095564564425
702,311,0,2,2,1.0650715240358517,0.1505414981325543,0.120612979382507,1.0650715147985943,0.1505414794222483,0.1547737806106427,0.9999999999999946,/fs5/p_masi/saundam1/outputs/crossing_fibers/fissile_data/10examples_2fibers_12-14-24_22-28-56.mat,1.0,1.896141265001092,1.896141265001092,1.8961412625144485,FISSILE,0.9999999999999973,2.5809568279517847e-08,0.03416080122813571
703,311,1,2,2,0.9475287768595078,2.733632878335172,0.8793870206174929,0.9475287755807904,2.733632876889525,0.8452262193893567,1.0,/fs5/p_masi/saundam1/outputs/crossing_fibers/fissile_data/10examples_2fibers_12-14-24_22-28-56.mat,1.0,1.896141265001092,1.896141265001092,1.8961412625144485,FISSILE,0.9999999999999973,0.0,0.03416080122813614
704,312,0,2,2,0.4712388980384689,3.6951670124868383,0.9793266994095332,0.4712388914937385,3.695167001677625,0.9361671060907027,0.9999999999999994,/fs5/p_masi/saundam1/outputs/crossing_fibers/fissile_data/10examples_2fibers_12-14-24_22-28-56.mat,2.0,0.6479225736092334,0.6479225736092334,0.6479224417753047,FISSILE,0.9999999999997276,0.0,0.04315959331883046
705,312,1,2,2,1.1107859897790626,3.852536953184168,0.0206733005904669,1.1107858670335145,3.852536787980143,0.0638328939092964,0.9999999999994555,/fs5/p_masi/saundam1/outputs/crossing_fibers/fissile_data/10examples_2fibers_12-14-24_22-28-56.mat,2.0,0.6479225736092334,0.6479225736092334,0.6479224417753047,FISSILE,0.9999999999997276,1.92565440883042e-07,0.0431595933188295
706,313,0,2,2,1.179138191092768,6.211729975188109,0.3040107584350331,1.1791382072197505,6.211729975572516,0.3216580488951194,0.9999999999999992,/fs5/p_masi/saundam1/outputs/crossing_fibers/fissile_data/10examples_2fibers_12-14-24_22-28-56.mat,3.0,2.097194086790488,2.097194086790488,2.097194097626768,FISSILE,0.9999999999999993,1.4901161193847656e-08,0.017647290460086285
707,313,1,2,2,1.0284796779533267,3.5576322586616564,0.6959892415649669,1.028479678409022,3.557632268008451,0.6783419511048807,0.9999999999999996,/fs5/p_masi/saundam1/outputs/crossing_fibers/fissile_data/10examples_2fibers_12-14-24_22-28-56.mat,3.0,2.097194086790488,2.097194086790488,2.097194097626768,FISSILE,0.9999999999999993,0.0,0.017647290460086174
708,314,0,2,2,0.6384575817471045,0.7717086428149722,0.736483463422085,0.6384575777018223,0.7717086339427511,0.7151899971142279,0.9999999999999998,/fs5/p_masi/saundam1/outputs/crossing_fibers/fissile_data/10examples_2fibers_12-14-24_22-28-56.mat,4.0,1.6074261301086523,1.6074261301086523,1.607426122555505,FISSILE,0.9999999999999997,0.0,0.021293466307857112
709,314,1,2,2,1.2392241521600331,4.926806427142268,0.2635165365779149,1.2392241520703338,4.926806428853764,0.2848100028857717,0.9999999999999996,/fs5/p_masi/saundam1/outputs/crossing_fibers/fissile_data/10examples_2fibers_12-14-24_22-28-56.mat,4.0,1.6074261301086523,1.6074261301086523,1.607426122555505,FISSILE,0.9999999999999997,0.0,0.02129346630785678
710,315,0,2,2,1.5047599827546627,1.963356762881657,0.6999070360112634,1.5047599701161485,1.963356752405069,0.681906982082726,0.9999999999999982,/fs5/p_masi/saundam1/outputs/crossing_fibers/fissile_data/10examples_2fibers_12-14-24_22-28-56.mat,5.0,1.6989837691299692,1.6989837691299692,1.6989837559751098,FISSILE,0.9999999999999989,1.4901161193847656e-08,0.01800005392853732
711,315,1,2,2,0.6136996820059474,0.0706882438866952,0.3000929639887367,0.6136996781419689,0.0706882360540219,0.318093017917274,0.9999999999999994,/fs5/p_masi/saundam1/outputs/crossing_fibers/fissile_data/10examples_2fibers_12-14-24_22-28-56.mat,5.0,1.6989837691299692,1.6989837691299692,1.6989837559751098,FISSILE,0.9999999999999989,0.0,0.01800005392853732
712,316,0,2,2,1.3011353287662717,4.71238898038469,0.6276925055613184,1.3011353239971395,4.71238898266251,0.616194799661438,1.0,/fs5/p_masi/saundam1/outputs/crossing_fibers/fissile_data/10examples_2fibers_12-14-24_22-28-56.mat,6.0,2.362024354861295,2.362024354861295,2.36202435801396,FISSILE,0.9999999999999996,0.0,0.011497705899880417
713,316,1,2,2,1.1770900850324717,1.9889878054186567,0.3723074944386817,1.1770900933327275,1.988987807128744,0.3838052003385619,0.9999999999999992,/fs5/p_masi/saundam1/outputs/crossing_fibers/fissile_data/10examples_2fibers_12-14-24_22-28-56.mat,6.0,2.362024354861295,2.362024354861295,2.36202435801396,FISSILE,0.9999999999999996,0.0,0.011497705899880195
714,317,0,2,2,1.159531427847779,3.924978844723114,0.0612384298278063,1.159525439439529,3.924982537539812,0.100749122494759,0.9999999996678024,/fs5/p_masi/saundam1/outputs/crossing_fibers/fissile_data/10examples_2fibers_12-14-24_22-28-56.mat,7.0,0.2138815187562044,0.2138815187562044,0.2138751052074587,FISSILE,0.9999999998331649,6.878851175024101e-06,0.039510692666952694
715,317,1,2,2,0.9712666799191974,4.041324246467856,0.9387615701721936,0.9712662811929584,4.04132451953323,0.899250877505241,0.9999999999985274,/fs5/p_masi/saundam1/outputs/crossing_fibers/fissile_data/10examples_2fibers_12-14-24_22-28-56.mat,7.0,0.2138815187562044,0.2138815187562044,0.2138751052074587,FISSILE,0.9999999998331649,4.5831669864743453e-07,0.03951069266695262
716,318,0,2,2,1.2173288263658213,0.988274229393358,0.4611091860773942,1.2173288242326636,0.9882742301328348,0.4646109969650655,1.0,/fs5/p_masi/saundam1/outputs/crossing_fibers/fissile_data/10examples_2fibers_12-14-24_22-28-56.mat,8.0,1.979986597399674,1.979986597399674,1.979986593345367,FISSILE,1.0,0.0,0.0035018108876713194
717,318,1,2,2,0.8991295884079512,4.71238898038469,0.5388908139226057,0.8991295887560511,4.712388986707081,0.5353890030349343,1.0,/fs5/p_masi/saundam1/outputs/crossing_fibers/fissile_data/10examples_2fibers_12-14-24_22-28-56.mat,8.0,1.979986597399674,1.979986597399674,1.979986593345367,FISSILE,1.0,0.0,0.0035018108876714305
718,319,0,2,2,0.7593276473355612,4.003317643876084,0.9838101455633632,0.7593276356635571,4.003317657288312,0.9402468270601598,0.9999999999999988,/fs5/p_masi/saundam1/outputs/crossing_fibers/fissile_data/10examples_2fibers_12-14-24_22-28-56.mat,9.0,0.6314062482343471,0.6314062482343471,0.6314056092301654,FISSILE,0.999999999998282,2.1073424255447017e-08,0.043563318503203385
719,319,1,2,2,1.335176877775662,3.6951670124868383,0.0161898544366368,1.3351762890156256,3.695167312039162,0.0597531729398403,0.9999999999965652,/fs5/p_masi/saundam1/outputs/crossing_fibers/fissile_data/10examples_2fibers_12-14-24_22-28-56.mat,9.0,0.6314062482343471,0.6314062482343471,0.6314056092301654,FISSILE,0.999999999998282,6.570043469980061e-07,0.0435633185032035
720,320,0,2,2,0.4202609774575368,3.344761599639522,0.6653588865084825,0.420260977036374,3.3447616203213526,0.6504696342796761,0.9999999999999992,/fs5/p_masi/saundam1/outputs/crossing_fibers/fissile_data/10examples_2fibers_12-14-24_02-33-22.mat,0.0,1.1710390392974632,1.1710390392974632,1.171039032898278,FISSILE,0.9999999999999993,0.0,0.014889252228806438
721,320,1,2,2,1.3710846760434117,4.368330001227018,0.3346411134915176,1.3710846751314745,4.3683300064502175,0.3495303657203233,0.9999999999999996,/fs5/p_masi/saundam1/outputs/crossing_fibers/fissile_data/10examples_2fibers_12-14-24_02-33-22.mat,0.0,1.1710390392974632,1.1710390392974632,1.171039032898278,FISSILE,0.9999999999999993,0.0,0.014889252228805716
722,321,0,2,2,1.504037367841464,1.4599379695318893,0.5157888141240583,1.5040373694578817,1.4599379649981783,0.5143671527367893,1.0,/fs5/p_masi/saundam1/outputs/crossing_fibers/fissile_data/10examples_2fibers_12-14-24_02-33-22.mat,1.0,1.8412969944818087,1.8412969944818087,1.841297010400225,FISSILE,0.9999999999999993,0.0,0.0014216613872689576
723,321,1,2,2,1.1621684173839673,3.357295816574457,0.4842111858759416,1.1621684057177952,3.357295831487505,0.4856328472632113,0.9999999999999988,/fs5/p_masi/saundam1/outputs/crossing_fibers/fissile_data/10examples_2fibers_12-14-24_02-33-22.mat,1.0,1.8412969944818087,1.8412969944818087,1.841297010400225,FISSILE,0.9999999999999993,2.1073424255447017e-08,0.0014216613872697348
724,322,0,2,5,1.422843622914202,5.357724337324074,0.0836114867053884,1.422843287635569,5.357724577876651,0.0940913695722591,0.9999999999988236,/fs5/p_masi/saundam1/outputs/crossing_fibers/fissile_data/10examples_2fibers_12-14-24_02-33-22.mat,2.0,1.310033988786116,1.310033988786116,1.3100336621953623,FISSILE,0.9999999999994083,4.1079666471750495e-07,0.010479882866870696
725,322,1,2,5,1.2580641470514884,0.4176111779534488,0.9163885132946116,1.258064133833361,0.4176111750558819,0.8518832868190216,0.9999999999999928,/fs5/p_masi/saundam1/outputs/crossing_fibers/fissile_data/10examples_2fibers_12-14-24_02-33-22.mat,2.0,1.310033988786116,1.310033988786116,1.3100336621953623,FISSILE,0.9999999999994083,0.0,0.06450522647558998
726,323,0,2,2,0.518558571013457,3.553056078539199,0.8225676288862362,0.5185585662918991,3.5530561014480546,0.793522930295717,0.9999999999999992,/fs5/p_masi/saundam1/outputs/crossing_fibers/fissile_data/10examples_2fibers_12-14-24_02-33-22.mat,3.0,0.4718200374678366,0.4718200374678366,0.4718200138533964,FISSILE,0.999999999999985,1.4901161193847656e-08,0.02904469859051928
727,323,1,2,2,0.7554566973856532,2.8466020977710014,0.1774323711137637,0.7554566439914042,2.846602093599931,0.2064770697042826,0.9999999999999708,/fs5/p_masi/saundam1/outputs/crossing_fibers/fissile_data/10examples_2fibers_12-14-24_02-33-22.mat,3.0,0.4718200374678366,0.4718200374678366,0.4718200138533964,FISSILE,0.999999999999985,5.372690074837192e-08,0.02904469859051889
728,324,0,2,2,1.1059790613838336,2.1950765316475818,0.5852598535712447,1.105979068278566,2.1950765233970166,0.5775829041715957,0.9999999999999988,/fs5/p_masi/saundam1/outputs/crossing_fibers/fissile_data/10examples_2fibers_12-14-24_02-33-22.mat,4.0,2.627262175887432,2.627262175887432,2.6272621570032357,FISSILE,0.9999999999999979,1.4901161193847656e-08,0.0076769493996489135
729,324,1,2,2,1.530143024525423,5.435113046780901,0.4147401464287554,1.5301430005557952,5.435113050051618,0.422417095828404,0.999999999999997,/fs5/p_masi/saundam1/outputs/crossing_fibers/fissile_data/10examples_2fibers_12-14-24_02-33-22.mat,4.0,2.627262175887432,2.627262175887432,2.6272621570032357,FISSILE,0.9999999999999979,2.1073424255447017e-08,0.0076769493996485805
730,325,0,2,4,1.3361950835851348,3.4166382900121346,0.9659615458303769,1.3361950760363586,3.4166382937694624,0.901494872373196,0.9999999999999996,/fs5/p_masi/saundam1/outputs/crossing_fibers/fissile_data/10examples_2fibers_12-14-24_02-33-22.mat,5.0,1.750346235473828,1.750346235473828,1.7503461347583815,FISSILE,0.9999999999964475,1.4901161193847656e-08,0.06446667345718082
731,325,1,2,4,0.9712666799191974,5.383453714301523,0.0340384541696231,0.97126541940003,5.383454277382443,0.0534841336176377,0.9999999999928956,/fs5/p_masi/saundam1/outputs/crossing_fibers/fissile_data/10examples_2fibers_12-14-24_02-33-22.mat,5.0,1.750346235473828,1.750346235473828,1.7503461347583815,FISSILE,0.9999999999964475,1.3435857389987347e-06,0.019445679448014598
732,326,0,2,3,0.525786767258131,1.306312878927844,0.9820365064533344,0.5257868129966942,1.3063159505860156,0.9236261193144,0.999999999981124,/fs5/p_masi/saundam1/outputs/crossing_fibers/fissile_data/10examples_2fibers_12-14-24_02-33-22.mat,6.0,0.8628844020811717,0.8628844020811717,0.8629174836182354,FISSILE,0.9999999678806268,1.542396154419239e-06,0.05841038713893443
733,326,1,2,3,1.0132154513014286,0.2047560389316076,0.0179634935466657,1.013207654239704,0.2046803367573112,0.0463620398346541,0.9999999357801296,/fs5/p_masi/saundam1/outputs/crossing_fibers/fissile_data/10examples_2fibers_12-14-24_02-33-22.mat,6.0,0.8628844020811717,0.8628844020811717,0.8629174836182354,FISSILE,0.9999999678806268,6.470746507692757e-05,0.028398546287988397
734,327,0,2,2,0.7554566973856532,3.436583209408585,0.8292813732013697,0.7554566935317094,3.436583201724164,0.7996322058391392,0.9999999999999996,/fs5/p_masi/saundam1/outputs/crossing_fibers/fissile_data/10examples_2fibers_12-14-24_02-33-22.mat,7.0,0.6969468902796548,0.6969468902796548,0.6969469183958305,FISSILE,0.9999999999999966,0.0,0.029649167362230555
735,327,1,2,2,1.0210176124166828,2.588018294692748,0.1707186267986303,1.021017634171403,2.588018265360516,0.2003677941608607,0.9999999999999936,/fs5/p_masi/saundam1/outputs/crossing_fibers/fissile_data/10examples_2fibers_12-14-24_02-33-22.mat,7.0,0.6969468902796548,0.6969468902796548,0.6969469183958305,FISSILE,0.9999999999999966,3.650024149988857e-08,0.02964916736223039
736,328,0,2,4,1.504931796636225,2.033459442129372,0.00451943757079,1.5048747203183337,2.033448988875686,0.0266239169398389,0.999999984164478,/fs5/p_masi/saundam1/outputs/crossing_fibers/fissile_data/10examples_2fibers_12-14-24_02-33-22.mat,8.0,1.0092381038076474,1.0092381038076474,1.0091841436451618,FISSILE,0.9999999920553636,5.8021572326224674e-05,0.0221044793690489
737,328,1,2,4,0.7230583212566665,1.2835981883429477,0.99548056242921,0.7230586559266559,1.2835980056120604,0.928366859546063,0.9999999999462492,/fs5/p_masi/saundam1/outputs/crossing_fibers/fissile_data/10examples_2fibers_12-14-24_02-33-22.mat,8.0,1.0092381038076474,1.0092381038076474,1.0091841436451618,FISSILE,0.9999999920553636,3.5576034743527725e-07,0.067113702883147
738,329,0,2,2,0.7236604473241012,4.65096972077336,0.8173623607541857,0.723660439567308,4.6509697290931165,0.7887863877974595,1.0,/fs5/p_masi/saundam1/outputs/crossing_fibers/fissile_data/10examples_2fibers_12-14-24_02-33-22.mat,9.0,1.5054420608470362,1.5054420608470362,1.5054420585532984,FISSILE,0.9999999999999973,0.0,0.028575972956726203
739,329,1,2,2,1.4186612472793505,3.0063674019779163,0.1826376392458143,1.418661222375901,3.0063673834182985,0.2112136122025404,0.9999999999999948,/fs5/p_masi/saundam1/outputs/crossing_fibers/fissile_data/10examples_2fibers_12-14-24_02-33-22.mat,9.0,1.5054420608470362,1.5054420608470362,1.5054420585532984,FISSILE,0.9999999999999973,2.9802322387695312e-08,0.028575972956726092
0,0,0,2,2,0.74543303,2.6748571,0.9606279,0.7451831742622169,2.674883303578851,0.9496204941822128,0.9999995607920033,,,,,,fod2fixel,0.563310599231906,0.00025048693801190704,0.011007405817787141
1,0,1,2,2,0.9709534,4.9537225,0.039372094,0.5376105676241809,4.954104441553165,0.0503795058177871,0.1266216376718086,,,,,,fod2fixel,0.563310599231906,0.4333429057984697,0.011007411817787097
2,1,0,2,2,1.5049913,2.1029568,0.5273066,1.515600011130218,2.1038501321132186,0.5253763351838505,0.999206814326976,,,,,,fod2fixel,0.9990521566590012,0.010646119905044634,0.0019302648161494407
3,1,1,2,2,0.15707964,5.729611,0.47269338,0.1683162397309937,5.6950540108479775,0.4746236648161495,0.9988974989910264,,,,,,fod2fixel,0.9990521566590012,0.012552051555124474,0.0019302848161494857
4,2,0,2,2,0.51855856,5.8717217,0.5056738,0.4954567889392892,5.861623187551157,0.5054532567969509,0.9961006433877936,,,,,,fod2fixel,0.9959155365869827,0.023616185412226556,0.00022054320304909503
5,2,1,2,2,0.8549161,2.980336,0.49432617,2.311184803466669,6.126185055638479,0.4945467432030492,0.995730429786172,,,,,,fod2fixel,0.9959155365869827,3.1168793726664448,0.00022057320304919026
6,3,0,2,2,0.25901362,4.975305,0.99070084,0.2592252877824423,4.968014301767732,0.9726150715542023,0.9999752577682268,,,,,,fod2fixel,0.46053991409183187,0.001880041450881595,0.01808576844579768
7,3,1,2,2,0.39581668,4.171919,0.009299144,1.904131166750051,0.5814656534158049,0.0273849284457976,-0.0788954295845631,,,,,,fod2fixel,0.46053991409183187,2.2525381309387207,0.0180857844457976
8,4,0,2,2,1.3208771,3.0728374,0.8801843,1.8264170110417848,6.20732695091262,0.89602507463764,0.9994414683348816,,,,,,fod2fixel,0.6470212227853169,3.132659292077506,0.01584077463764
9,4,1,2,2,0.9496694,2.414335,0.119815685,0.8763032280212969,1.9571519631860976,0.10397492536236,0.2946009772357523,,,,,,fod2fixel,0.6470212227853169,0.3677567649149154,0.015840759637640006
10,5,0,2,2,1.1621684,6.067482,0.5972573,1.1660151567917594,6.079663646276709,0.590953901137491,0.999020519377136,,,,,,fod2fixel,0.9975914085156323,0.011830807613798972,0.006303398862508969
11,5,1,2,2,1.307886,4.2463756,0.40274265,1.8229772447087944,1.0832451246156725,0.4090460988625089,0.9961622976541288,,,,,,fod2fixel,0.9975914085156323,3.118164096626628,0.006303448862508942
12,6,0,2,2,0.86736286,4.1606126,0.75820947,2.283844285690142,1.023738203137658,0.750888924740721,0.9992632080714609,,,,,,fod2fixel,0.9645047004974894,3.131332050738102,0.007320545259279054
13,6,1,2,2,1.3701209,0.7334546,0.24179052,1.2726873748986325,0.7048302044349222,0.249111075259279,0.9297461929235178,,,,,,fod2fixel,0.9645047004974894,0.10130154994725245,0.0073205552592789935
14,7,0,2,2,0.7095543,5.9107223,0.94616544,2.433564008010721,2.770534290443055,0.8684306917844018,0.999977854433718,,,,,,fod2fixel,0.959979842961395,3.139814008969436,0.07773474821559823
15,7,1,2,2,1.530143,2.2935205,0.053834558,1.4340865340685296,2.2433175764378555,0.1315693082155981,0.919981831489072,,,,,,fod2fixel,0.959979842961395,0.1082840537452775,0.07773475021559809
16,8,0,2,2,1.0210177,2.5880182,0.7451026,1.0312804563636122,2.60546008951498,0.9578447426081368,0.9977065181245331,,,,,,fod2fixel,0.5266834923519544,0.01810723530487182,0.21274214260813684
17,8,1,2,2,1.0630141,2.6554263,0.2548974,2.1415562828233234,2.339725989925346,0.0421552573918632,0.0556604665793758,,,,,,fod2fixel,0.5266834923519544,1.1193430246634937,0.21274214260813679
18,9,0,2,2,1.2295184,5.51686,0.860313,1.9380187232640196,2.3784822820691143,0.8920013824238341,0.99523160088622,,,,,,fod2fixel,0.5257695817463521,3.1154735632129418,0.031688382423834094
19,9,1,2,2,0.6666479,5.6158776,0.139687,1.4587150224940983,0.3410371716135462,0.1079986175761658,0.0563075626064843,,,,,,fod2fixel,0.5257695817463521,1.1422200417123451,0.031688382423834205
20,10,0,2,2,0.74543303,2.6748571,0.9606279,0.7451831742622169,2.674883303578851,0.9496204941822128,0.9999995607920033,,,,,,fod2fixel,0.563310599231906,0.00025048693801190704,0.011007405817787141
21,10,1,2,2,0.9709534,4.9537225,0.039372094,0.5376105676241809,4.954104441553165,0.0503795058177871,0.1266216376718086,,,,,,fod2fixel,0.563310599231906,0.4333429057984697,0.011007411817787097
22,11,0,2,2,1.2399288,1.2039618,0.66197103,1.23703729863885,1.2149809197521289,0.6494041062913448,0.9991821980661016,,,,,,fod2fixel,0.9959110067997314,0.010810141484521113,0.012566923708655198
23,11,1,2,2,1.2580642,2.7239814,0.33802894,1.248522640169307,2.691319258576682,0.3505958937086551,0.9926398155333612,,,,,,fod2fixel,0.9959110067997314,0.03246322112182949,0.012566953708655126
24,12,0,2,2,1.4392166,1.0602366,0.87678194,1.4352637363596203,1.0609340058682628,0.825517619346857,0.9998872827460732,,,,,,fod2fixel,0.981094091362749,0.004012839533122396,0.051264320653143014
25,12,1,2,2,0.710654,3.9113383,0.12321806,2.4969027798884067,0.7168304803883911,0.1744823806531429,0.9623008999794248,,,,,,fod2fixel,0.981094091362749,3.0677715017622824,0.05126432065314289
26,13,0,2,2,1.1092144,6.209609,0.56915367,1.1187236423430134,6.189322441050131,0.579026762621414,0.9970494736399848,,,,,,fod2fixel,0.9868347872950347,0.02053992892115177,0.009873092621414004
27,13,1,2,2,0.9462668,0.99171066,0.4308463,0.9545593453648604,1.0622715473640976,0.420973237378586,0.9766201009500848,,,,,,fod2fixel,0.9868347872950347,0.05800366203647128,0.00987306262141402
28,14,0,2,2,0.98553395,2.503627,0.5331325,0.9772943920179666,2.5168687159616296,0.5309828672632294,0.998677156993088,,,,,,fod2fixel,0.9983334444886036,0.013749766708717462,0.0021496327367706014
29,14,1,2,2,0.9827457,4.3771815,0.4668675,2.1688837208902045,1.219114310372155,0.4690171327367706,0.9979897319841192,,,,,,fod2fixel,0.9983334444886036,3.124640981579456,0.0021496327367706014
30,15,0,2,2,0.5445955,2.2427905,0.73385584,0.4728739393455773,2.2825994069335804,0.9088949127549854,0.961831842432463,,,,,,fod2fixel,0.4978212645603656,0.0742845447380704,0.17503907275498531
31,15,1,2,2,0.23561946,2.5880182,0.26614413,1.238087161191149,1.0714499976865712,0.0911050872450147,0.0338106866882681,,,,,,fod2fixel,0.4978212645603656,1.2349800917557185,0.17503904275498527
32,16,0,2,2,0.23561946,5.729611,0.5752079,0.2486552771283982,5.743132842245608,0.6316975419221257,0.9987374326987648,,,,,,fod2fixel,0.9685274665526697,0.013432685733844872,0.05648964192212569
33,16,1,2,2,0.9942772,5.9422545,0.42479208,1.0888467405620723,5.949738672414936,0.3683024580778743,0.9383175004065748,,,,,,fod2fixel,0.9685274665526697,0.09478961054406174,0.0564896219221257
34,17,0,2,2,0.6879088,4.0139174,0.6820471,2.625086338165602,1.0299933461137305,0.9251405589883812,0.7597874366877225,,,,,,fod2fixel,0.40750205474686974,2.948717679759476,0.2430934589883812
35,17,1,2,2,0.2599898,5.2552176,0.3179529,1.7284830482588205,1.9242688978593017,0.0748594410116187,0.0552166728060169,,,,,,fod2fixel,0.40750205474686974,1.9835135206456864,0.24309345898838128
36,18,0,2,2,0.39158684,5.064584,0.898751,0.3948122919639539,5.053040369820568,0.8973621360621807,0.9997902637017632,,,,,,fod2fixel,0.6514786853231096,0.005474031939763033,0.0013888639378192291
37,18,1,2,2,0.9827457,4.3771815,0.10124897,1.8162106648540943,1.0982109579492492,0.1026378639378192,0.3031671069444559,,,,,,fod2fixel,0.6514786853231096,2.7769974657071947,0.0013888939378191995
38,19,0,2,2,1.3020546,4.627753,0.62757593,1.8287071100550167,1.4877868558065297,0.6200449364242535,0.999161790326346,,,,,,fod2fixel,0.9957822695245742,3.1306484496834353,0.007530993575746492
39,19,1,2,2,0.59685063,1.7614263,0.37242404,0.6286225557007492,1.7460228910049078,0.3799550635757465,0.9924027487228024,,,,,,fod2fixel,0.9957822695245742,0.03298306926962239,0.007531023575746476
40,20,0,2,2,1.4137167,0.5535744,0.870513,1.404761007806602,0.5249506550985464,0.9022581072788736,0.9938634834529848,,,,,,fod2fixel,0.5048470952910141,0.029636405718257108,0.031745107278873586
41,20,1,2,2,1.3361951,0.27504563,0.12948701,0.3353558253496931,0.0634819301679605,0.0977418927211263,0.0158307071290434,,,,,,fod2fixel,0.5048470952910141,1.009293254992762,0.03174511727887372
42,21,0,2,2,0.66996557,4.581433,0.65038496,0.7803362032374823,4.560875031404366,0.8605218316562552,0.9157230911949203,,,,,,fod2fixel,0.4786321887339358,0.11120556153468562,0.21013687165625516
43,21,1,2,2,1.0248133,4.528305,0.34961504,2.0738106177668,0.1400383299419804,0.1394781683437448,0.0415412862729513,,,,,,fod2fixel,0.4786321887339358,2.0814877945752155,0.2101368716562552
44,22,0,2,2,0.62831855,2.5880182,0.79345727,0.5974655904877326,2.587866290481732,0.9446306612343452,0.993350341046577,,,,,,fod2fixel,0.5240735404797604,0.03085308318962291,0.15117339123434526
45,22,1,2,2,0.4712389,2.5880182,0.20654273,2.06437321309782,0.96376066916737,0.0553693387656547,0.0547967399129437,,,,,,fod2fixel,0.5240735404797604,2.030300636924129,0.1511733912343453
46,23,0,2,2,0.81180364,2.1971908,0.8965813,0.8116441429840061,2.1992501551125008,0.8792893131188095,0.9999841969615234,,,,,,fod2fixel,0.7414513089949872,0.0015024995823909614,0.01729198688119049
47,23,1,2,2,0.9617865,3.1911614,0.10341869,2.01710553379684,0.3417205337860204,0.1207106868811904,0.4829184210284512,,,,,,fod2fixel,0.7414513089949872,2.8419511020793595,0.017291996881190402
48,24,0,2,2,1.5049318,2.0334594,0.878003,1.5092341518107262,2.0311233379393228,0.8419564678119689,0.9998323913357688,,,,,,fod2fixel,0.9233285629370871,0.004893392040915087,0.03604653218803111
49,24,1,2,2,0.70685834,2.5880182,0.121996984,0.6088126536152473,2.7779058333151934,0.1580435321880311,0.8468247345384053,,,,,,fod2fixel,0.9233285629370871,0.15166199291855473,0.0360465481880311
50,25,0,2,2,1.3050178,5.104271,0.92342734,1.8366216992951228,1.9627819818211565,0.9250651898801814,0.9999999145372832,,,,,,fod2fixel,0.6257922722413269,3.1414822284484964,0.0016378498801813413
51,25,1,2,2,0.46961638,0.951566,0.07657266,0.3829288279201953,0.0141698321570914,0.0749348101198186,0.2515846299453706,,,,,,fod2fixel,0.6257922722413269,0.3838272134214184,0.0016378498801813968
52,26,0,2,2,1.0636185,4.259246,0.68625957,2.06425378973024,1.124158435716616,0.6810405034639169,0.9984549567542934,,,,,,fod2fixel,0.9852248394653529,3.1267324404079697,0.005219066536083172
53,26,1,2,2,0.34339198,3.0186098,0.31374043,0.3415174593335508,2.829254458902206,0.3189594965360832,0.9719947221764124,,,,,,fod2fixel,0.9852248394653529,0.06352872579907282,0.005219066536083172
54,27,0,2,2,1.1597081,1.6607231,0.8392176,1.1596827239034386,1.665175205249055,0.8104508517833323,0.9998834080037684,,,,,,fod2fixel,0.9456463037684014,0.004081240569328623,0.028766748216667692
55,27,1,2,2,1.4884609,3.0076692,0.1607824,1.703289738423315,6.032182555194951,0.1895491482166677,0.8914091995330344,,,,,,fod2fixel,0.9456463037684014,3.014853874557893,0.02876674821666772
56,28,0,2,2,1.4601859,3.2087626,0.6018067,1.6783556375597473,0.0804926124904258,0.6574983740906458,0.9987076331514846,,,,,,fod2fixel,0.9622754928883301,3.1280022581392792,0.05569167409064579
57,28,1,2,2,1.530143,3.989665,0.3981933,1.6037569987833844,0.9520018135429232,0.3425016259093542,0.9258433526251756,,,,,,fod2fixel,0.9622754928883301,3.0374493967844307,0.05569167409064579
58,29,0,2,2,0.6597098,4.9552937,0.5378153,0.6581447407284426,4.978844779687325,0.5354766449658461,0.9985280897515268,,,,,,fod2fixel,0.997960504271471,0.014504066044376316,0.002338655034153869
59,29,1,2,2,1.4076132,0.269661,0.46218476,1.392364645523284,0.2576443955039259,0.4645233550341539,0.9973929187914152,,,,,,fod2fixel,0.997960504271471,0.019306531048651192,0.002338595034153901
60,30,0,2,2,1.4090861,2.730789,0.61990565,1.84025717538502,5.868699134407155,0.9166325187791788,0.9206624387890658,,,,,,fod2fixel,0.4697418650502838,3.033782067147764,0.29672686877917887
61,30,1,2,2,1.1074132,2.7200408,0.38009435,0.984658689527327,1.5359223329622047,0.0833674812208212,0.0188212913115018,,,,,,fod2fixel,0.4697418650502838,1.0142216572756106,0.2967268687791788
62,31,0,2,2,0.9854915,1.9928323,0.515769,0.9897555314522116,1.9791269798611453,0.515069141480389,0.9989569398944028,,,,,,fod2fixel,0.998800393291839,0.012208881175149677,0.000699858519611074
63,31,1,2,2,1.4896209,4.0466046,0.484231,1.6433164654240189,0.9159486017999974,0.4849308585196111,0.9986438466892752,,,,,,fod2fixel,0.998800393291839,3.127670775049612,0.000699858519611074
64,32,0,2,2,0.74543303,0.46673557,0.6201109,0.7011052641144214,0.5136888584356839,0.7368330060338572,0.9796213830627856,,,,,,fod2fixel,0.9051738500956035,0.05412736671148739,0.11672210603385713
65,32,1,2,2,0.3977915,1.741975,0.3798891,0.4507398637806215,2.110848270708684,0.2631669939661428,0.8307263171284213,,,,,,fod2fixel,0.9051738500956035,0.15987601441194474,0.11672210603385719
66,33,0,2,2,1.5047058,1.8938574,0.6764204,1.5879933579865442,1.7146976500069704,0.9256753089720894,0.7491684063846158,,,,,,fod2fixel,0.40209973435183965,0.19747712059212233,0.24925490897208935
67,33,1,2,2,1.3703629,4.4422207,0.3235796,0.637130219425601,1.0165100149150583,0.0743246910279106,0.0550310623190635,,,,,,fod2fixel,0.40209973435183965,1.9818510269925715,0.2492549089720894
68,34,0,2,2,1.369063,1.6129135,0.9706473,1.3687555469061836,1.6120407638940066,0.93669542159976,0.9999942210544964,,,,,,fod2fixel,0.7893136996363345,0.0009086092814417508,0.03395187840023994
69,34,1,2,2,1.2935516,5.668422,0.029352745,1.6547449487644654,2.711062241257405,0.06330457840024,0.5786331782181725,,,,,,fod2fixel,0.7893136996363345,2.8768391199460313,0.033951833400239995
70,35,0,2,2,1.4641,2.1591775,0.9512515,1.4562211514168153,2.1634351616685312,0.9350528684512164,0.9994402191124871,,,,,,fod2fixel,0.5011833954750055,0.008943313570070248,0.01619863154878365
71,35,1,2,2,1.0316828,2.4240792,0.04874849,1.2907342422225367,1.012153772788894,0.0649471315487837,0.0029265718375238,,,,,,fod2fixel,0.5011833954750055,1.2949309224772403,0.016198641548783706
72,36,0,2,2,0.53582484,4.841545,0.86637753,0.5373010522661481,4.846083208524876,0.8542937476600813,0.9999470758246544,,,,,,fod2fixel,0.8555048213585412,0.0027497191648057115,0.012083782339918692
73,36,1,2,2,1.4090861,2.730789,0.13362245,1.5439239850611814,5.7719813996808265,0.1457062523399188,0.7110625668924282,,,,,,fod2fixel,0.8555048213585412,2.9281268707915338,0.012083802339918792
74,37,0,2,2,0.83994687,4.657733,0.53507304,0.8261238195700413,4.660619100984601,0.5578941476409304,0.9986311181387408,,,,,,fod2fixel,0.9866510901153687,0.013987046013498176,0.02282110764093037
75,37,1,2,2,1.5040374,1.4599379,0.464927,1.4438181775522834,1.4553574594675782,0.4421058523590697,0.9746710620919966,,,,,,fod2fixel,0.9866510901153687,0.060391493381805966,0.022821147640930295
76,38,0,2,2,0.51855856,3.553056,0.82256764,2.612205978487447,0.3216456466780761,0.8765979448395472,0.985120854200986,,,,,,fod2fixel,0.5199613438899869,3.0953817180701453,0.05403030483954718
77,38,1,2,2,0.7554567,2.8466022,0.17743237,1.5558153571851474,0.5512645259814045,0.1234020551604527,0.0548018335789879,,,,,,fod2fixel,0.5199613438899869,2.030260803495854,0.0540303148395473
78,39,0,2,2,1.1059791,2.1950765,0.58525985,1.3029105907896663,2.2363386431887005,0.9116463935102918,0.7417604806324171,,,,,,fod2fixel,0.3990345356357878,0.20064685271535093,0.3263865435102917
79,39,1,2,2,1.530143,5.435113,0.41474015,1.8704746008716648,0.258283102573169,0.0883536064897082,0.0563085906391585,,,,,,fod2fixel,0.3990345356357878,1.1421850612192208,0.3263865435102918
80,40,0,2,2,1.0650716,2.9910512,0.9619524,2.075565906305893,6.132706207004536,0.8797376886656654,0.999993592796736,,,,,,fod2fixel,0.9679261446766338,3.1406359491331455,0.08221471133433467
81,40,1,2,2,0.07853982,3.695167,0.038047586,0.0489557068919443,5.3689239396188855,0.1202623113343346,0.9358586965565316,,,,,,fod2fixel,0.9679261446766338,0.09669875210490156,0.0822147253343346
82,41,0,2,2,0.9854915,1.9928323,0.7153228,0.984817003005885,1.9863482696764525,0.6920223253971589,0.9997924428460144,,,,,,fod2fixel,0.9986770082640178,0.005445445821831242,0.023300474602841126
83,41,1,2,2,1.4090861,0.41080377,0.2846772,1.3990550733537233,0.4267729189295953,0.3079776746028411,0.9975615736820213,,,,,,fod2fixel,0.9986770082640178,0.01867108767846044,0.02330047460284107
84,42,0,2,2,1.2223531,0.6283067,0.9072762,1.2364460271211417,0.6242013122573774,0.9414144600668009,0.9985056659918576,,,,,,fod2fixel,0.4927671011144601,0.014614212720632033,0.034138260066800874
85,42,1,2,2,1.3712474,3.623487,0.09272379,2.0180008102292626,1.4765806296650903,0.0585855399331993,-0.0129714637629375,,,,,,fod2fixel,0.4927671011144601,2.173860697629827,0.0341382500668007
86,43,0,2,2,0.72366047,4.6509695,0.86324716,0.724092850583787,4.653552844752501,0.8678486486211612,0.9999782004904996,,,,,,fod2fixel,0.7932004150444953,0.0017647231727489342,0.004601488621161165
87,43,1,2,2,1.5295337,2.939685,0.13675284,1.4213484900728774,5.901293910501013,0.1321513513788388,0.5864226295984911,,,,,,fod2fixel,0.7932004150444953,2.8797323721263792,0.004601488621161193
88,44,0,2,2,1.08805,1.6174408,0.76272964,1.0872619671471866,1.6102834746153996,0.7650825571527127,0.9997144762586856,,,,,,fod2fixel,0.9453447528691838,0.006386898864064516,0.0023529171527126858
89,44,1,2,2,1.3722193,2.527975,0.23727037,1.711375235204948,5.784215718426301,0.2349174428472873,0.890975029479682,,,,,,fod2fixel,0.9453447528691838,3.0145915030808577,0.0023529271527127082
90,45,0,2,2,1.2301036,4.6685543,0.7720824,1.9133741681789025,1.5339719779227237,0.7398310527127696,0.9996697588135668,,,,,,fod2fixel,0.9944077963657199,3.134723726069629,0.032251347287230336
91,45,1,2,2,1.2766433,6.144219,0.2279176,1.263216901130152,6.1053853666224125,0.2601689472872304,0.9891458339178728,,,,,,fod2fixel,0.9944077963657199,0.039444106126976304,0.03225134728723039
92,46,0,2,2,0.36216927,2.787653,0.800176,0.3428998747652023,2.833667127613537,0.8673160387294339,0.99564134341787,,,,,,fod2fixel,0.7546756663861698,0.02497011863900378,0.06714003872943386
93,46,1,2,2,0.4669916,4.859109,0.19982396,2.4082169077862203,1.918449398963747,0.1326839612705661,0.5137099893544695,,,,,,fod2fixel,0.7546756663861698,2.8530725009917415,0.06713999872943391
94,47,0,2,2,0.5497787,5.729611,0.7260628,2.5987709529532173,2.5702410129999698,0.7140568995321854,0.9990644046583936,,,,,,fod2fixel,0.9858292599165752,3.130029956251527,0.012005900467814579
95,47,1,2,2,1.3778208,0.20349,0.27393723,1.4352641726141178,0.229317635843312,0.2859431004678145,0.9725941151747568,,,,,,fod2fixel,0.9858292599165752,0.06283930194268168,0.012005870467814539
96,48,0,2,2,0.710654,5.5134397,0.9713795,2.4316864654569823,2.371989061056316,0.9426351733055784,0.9999960251729088,,,,,,fod2fixel,0.646767886888859,3.140839130288074,0.028744326694421507
97,48,1,2,2,0.72305834,1.8579944,0.02862046,0.4383143648436688,2.297913697499838,0.0573648266944216,0.2935397486048093,,,,,,fod2fixel,0.646767886888859,0.36814926682783605,0.028744366694421597
98,49,0,2,2,0.84618837,4.874962,0.90853924,2.296419181562628,1.7304285844666691,0.8581110102309445,0.9999588850995632,,,,,,fod2fixel,0.9088757753555277,3.1391689944898937,0.05042822976905548
99,49,1,2,2,1.0172219,3.1415927,0.09146075,2.221324262719996,0.1640718655277154,0.1418889897690555,0.8177926656114921,,,,,,fod2fixel,0.9088757753555277,2.9753467639973987,0.05042823976905551
100,50,0,2,2,1.3361951,3.4166384,0.9659616,1.8050838829671425,0.2741418475824777,0.9411835752357004,0.9999939010474516,,,,,,fod2fixel,0.613846568113265,3.1406592021690467,0.024778024764299578
101,50,1,2,2,0.9712667,5.383454,0.034038454,2.281264532934851,2.71954722644776,0.0588164247642996,0.2276992351790784,,,,,,fod2fixel,0.613846568113265,2.7486738731073515,0.0247779707642996
102,51,0,2,2,1.03421,4.987464,0.71881276,2.1003787167569867,1.8495610954929893,0.7550881516977069,0.9995859749210664,,,,,,fod2fixel,0.926834536489292,3.133901536210454,0.03627539169770688
103,51,1,2,2,1.3561286,2.1952715,0.28118724,1.2213256280988496,2.2585362055184226,0.244911848302293,0.8540830980575176,,,,,,fod2fixel,0.926834536489292,0.14784138690574697,0.03627539169770699
104,52,0,2,2,1.4376104,1.7947475,0.5737465,1.4377511373072664,1.794752746019062,0.5690153142032542,0.9999998611357528,,,,,,fod2fixel,0.9999877231402594,0.00014083332626867474,0.004731185796745807
105,52,1,2,2,0.8040711,2.9166727,0.4262535,2.33709381935214,6.055741607504725,0.4309846857967458,0.999975585144766,,,,,,fod2fixel,0.9999877231402594,3.1397250696690624,0.004731185796745807
106,53,0,2,2,1.5301099,3.7541156,0.7572228,1.6102216043660122,0.6056359393495112,0.7379646513984457,0.9996574207264136,,,,,,fod2fixel,0.9826767042516695,3.1345965620923466,0.01925814860155428
107,53,1,2,2,1.4104978,5.6100397,0.24277726,1.7235470483821942,2.539288572540379,0.2620353486015543,0.9656959877769256,,,,,,fod2fixel,0.9826767042516695,3.0712118061475406,0.019258088601554313
108,54,0,2,2,1.3312842,5.2580996,0.69755197,1.8103453335036743,2.1166409188803565,0.6807052606572372,0.9999998718504548,,,,,,fod2fixel,0.9996137830867581,3.1414573816584346,0.016846709342762778
109,54,1,2,2,1.2248124,3.1415927,0.302448,1.912356140890127,6.273065244584125,0.3192947393427627,0.9992276943230614,,,,,,fod2fixel,0.9996137830867581,3.131087658205874,0.016846739342762707
110,55,0,2,2,1.1656685,1.7468925,0.69870394,1.18032372740641,1.769847785234375,0.7698122427375584,0.9953682578835066,,,,,,fod2fixel,0.9001736161959586,0.025741520803362523,0.07110830273755842
111,55,1,2,2,1.4901359,5.491865,0.30129606,1.7641363595413602,2.482036299189612,0.2301877572624415,0.8049789745084105,,,,,,fod2fixel,0.9001736161959586,2.9692120387339904,0.07110830273755847
112,56,0,2,2,0.6669452,3.5999432,0.66566753,2.478372784260444,0.4523223467169763,0.6532558068978342,0.9998059896638618,,,,,,fod2fixel,0.9994786762568799,3.136327915834076,0.012411723102165761
113,56,1,2,2,1.5049318,1.1081332,0.33433247,1.4950385519164906,1.1129816085850073,0.3467441931021657,0.999151362849898,,,,,,fod2fixel,0.9994786762568799,0.01101206415100148,0.012411723102165706
114,57,0,2,2,1.307886,4.2463756,0.746937,1.8239734214346213,1.1102308496272426,0.7382782392396251,0.9991428485140532,,,,,,fod2fixel,0.9705137898271345,3.1305254769243773,0.008658760760374862
115,57,1,2,2,0.57318515,3.4342096,0.253063,2.6096272473821305,0.1357967773660075,0.2617217607603749,0.9418847311402158,,,,,,fod2fixel,0.9705137898271345,3.0496375598489323,0.008658760760374917
116,58,0,2,2,1.3822494,4.0100193,0.63855916,1.7633613535128017,0.862417934878904,0.6292272077276332,0.9996433604681804,,,,,,fod2fixel,0.9977047979054428,3.13445441420178,0.009331952272366828
117,58,1,2,2,0.9475288,2.7336328,0.36144084,0.9479939774996752,2.763930650957701,0.3707727922723668,0.995766235342705,,,,,,fod2fixel,0.9977047979054428,0.024609303187381474,0.009331952272366828
118,59,0,2,2,1.110786,3.852537,0.51528203,1.910311345480608,0.8974115522477827,0.8956926092111959,0.7203124224165509,,,,,,fod2fixel,0.38773051915941653,2.93193953994485,0.3804105792111959
119,59,1,2,2,1.3735037,4.2238097,0.48471797,0.5840498327225786,5.25597981268858,0.1043073907888041,0.0551486159022822,,,,,,fod2fixel,0.38773051915941653,1.114212809330738,0.3804105792111959
120,60,0,2,2,1.0284797,3.5576322,0.8783177,2.110783353268678,0.4179283108071037,0.8550646093535154,0.9999436661032955,,,,,,fod2fixel,0.855442861843401,3.1387557820906653,0.02325309064648462
121,60,1,2,2,0.9709534,1.3294629,0.12168229,1.136992001848756,1.1746693102558363,0.1449353906464846,0.7109420575835065,,,,,,fod2fixel,0.855442861843401,0.21351516846517057,0.023253100646484615
122,61,0,2,2,0.70685834,3.695167,0.9004195,2.43663457032458,0.5546787630413885,0.8731027164573005,0.9999711307023552,,,,,,fod2fixel,0.7945142660261757,3.139561817794248,0.027316783542699508
123,61,1,2,2,0.7554567,0.29499057,0.0995805,0.5043181536774018,0.1728895982337863,0.1268972835426995,0.5890574013499961,,,,,,fod2fixel,0.7945142660261757,0.2608792503456006,0.027316783542699494
124,62,0,2,2,0.9862045,0.1280499,0.5316448,0.9603609824362556,0.1132093705501795,0.5362997710541739,0.9942813475683192,,,,,,fod2fixel,0.9899269199953119,0.0286076936867586,0.004654971054173895
125,62,1,2,2,1.2925252,3.6221185,0.4683552,1.8913536752781612,0.4981090604239778,0.4637002289458261,0.9855724924223046,,,,,,fod2fixel,0.9899269199953119,3.0960916539955154,0.004654971054173951
126,63,0,2,2,1.3701209,3.8750472,0.5992861,1.7795762957899592,0.7367893510336335,0.5925375102591383,0.9994656768917844,,,,,,fod2fixel,0.9987888080164234,3.1328551013155974,0.006748589740861788
127,63,1,2,2,0.3926991,5.729611,0.4007139,0.3876670810235251,5.688492648407737,0.4074624897408617,0.9981119391410624,,,,,,fod2fixel,0.9987888080164234,0.01642807890743348,0.006748589740861677
128,64,0,2,2,1.2399288,1.2039618,0.7451932,1.2421012290167663,1.2029306838436211,0.7168966090688093,0.9999603030654488,,,,,,fod2fixel,0.9996616017414096,0.0023814176818758993,0.028296590931190746
129,64,1,2,2,0.57318515,3.4342096,0.25480685,2.5624195978300666,0.3062511724712404,0.2831033909311908,0.9993629004173704,,,,,,fod2fixel,0.9996616017414096,3.132051583938726,0.028296540931190828
130,65,0,2,2,1.3973969,1.0036933,0.7219484,1.4391438113435615,1.0244317350936591,0.8259677120596628,0.9849305620877457,,,,,,fod2fixel,0.8227835376101955,0.04650691811032831,0.10401931205966275
131,65,1,2,2,1.0992529,4.4880004,0.27805164,2.2387304637506347,1.4972585501585327,0.1740322879403372,0.6606365131326454,,,,,,fod2fixel,0.8227835376101955,2.907970770246166,0.10401935205966278
132,66,0,2,2,1.2702893,2.3155434,0.949933,1.268910020109722,2.3150199297115277,0.9060501356539952,0.999984933721792,,,,,,fod2fixel,0.6311660736594072,0.0014670779676044315,0.04388286434600486
133,66,1,2,2,0.6597098,1.8137009,0.050066993,0.5316241135005118,1.1652772371888926,0.0939498643460048,0.2623472135970225,,,,,,fod2fixel,0.6311660736594072,0.3797728125581649,0.043882871346004805
134,67,0,2,2,1.1960598,2.0718026,0.64131844,1.1857461558910565,2.319394195929465,0.9304281075914608,0.6696507374495928,,,,,,fod2fixel,0.36223618139467006,0.23008793112713116,0.28910966759146073
135,67,1,2,2,1.2247206,2.7889934,0.35868156,2.300801256678024,2.316486544961569,0.0695718924085393,0.0548216253397473,,,,,,fod2fixel,0.36223618139467006,1.1614889722450716,0.28910966759146073
136,68,0,2,2,0.8549161,2.980336,0.74524796,2.283775567881859,6.124035333132057,0.7217784743348745,0.9999233601300616,,,,,,fod2fixel,0.9997596170781098,3.1382837761901796,0.023469485665125522
137,68,1,2,2,0.46961638,0.951566,0.25475207,0.4729469619581726,0.936523022748066,0.2782215256651255,0.999595874026158,,,,,,fod2fixel,0.9997596170781098,0.007598660739878646,0.023469455665125483
138,69,0,2,2,1.2247206,5.9305863,0.6741785,1.2132497844616124,5.924213742112159,0.6645952571458218,0.9988288585760104,,,,,,fod2fixel,0.9932833752284502,0.01293701025438346,0.00958324285417822
139,69,1,2,2,0.9862045,3.2696426,0.3258215,2.1911657481698774,0.1545993657158773,0.3354047428541781,0.98773789188089,,,,,,fod2fixel,0.9932833752284502,3.099659180184053,0.009583242854178109
140,70,0,2,2,0.42026097,3.3447616,0.6653589,0.4207336739888047,3.347375552515305,0.6526546752130362,0.999990465704906,,,,,,fod2fixel,0.9996478481233873,0.0011670693969913417,0.012704224786963758
141,70,1,2,2,1.3710847,4.36833,0.3346411,1.779805748956137,1.2230799822400826,0.3473453247869637,0.9993052305418686,,,,,,fod2fixel,0.9996478481233873,3.131629004550433,0.012704224786963703
142,71,0,2,2,1.5040374,1.4599379,0.5157888,1.5132295715486117,1.4409897137088294,0.5151254263450261,0.996907961918343,,,,,,fod2fixel,0.9964229591283047,0.021027163234935958,0.0006633736549739311
143,71,1,2,2,1.1621684,3.3572958,0.48421118,1.974109066042156,0.2412944063324334,0.4848745736549738,0.9959379563382664,,,,,,fod2fixel,0.9964229591283047,3.11748828290703,0.000663393654973754
144,72,0,2,2,1.2580642,0.41761118,0.9163885,1.2576855433452931,0.4155566419260754,0.8607660570355997,0.9999722490134562,,,,,,fod2fixel,0.9158361373348098,0.001991103100201696,0.05562244296440033
145,72,1,2,2,1.4228436,5.357724,0.08361149,1.7498784525976818,2.3745754352275603,0.1392339429644003,0.8317000256561635,,,,,,fod2fixel,0.9158361373348098,2.9822038445940677,0.05562245296440031
146,73,0,2,2,0.51855856,3.553056,0.82256764,2.612205978487447,0.3216456466780761,0.8765979448395472,0.985120854200986,,,,,,fod2fixel,0.5199613438899869,3.0953817180701453,0.05403030483954718
147,73,1,2,2,0.7554567,2.8466022,0.17743237,1.5558153571851474,0.5512645259814045,0.1234020551604527,0.0548018335789879,,,,,,fod2fixel,0.5199613438899869,2.030260803495854,0.0540303148395473
148,74,0,2,2,1.1059791,2.1950765,0.58525985,1.3029105907896663,2.2363386431887005,0.9116463935102918,0.7417604806324171,,,,,,fod2fixel,0.3990345356357878,0.20064685271535093,0.3263865435102917
149,74,1,2,2,1.530143,5.435113,0.41474015,1.8704746008716648,0.258283102573169,0.0883536064897082,0.0563085906391585,,,,,,fod2fixel,0.3990345356357878,1.1421850612192208,0.3263865435102918
150,75,0,2,2,1.3361951,3.4166384,0.9659616,1.8050838829671425,0.2741418475824777,0.9411835752357004,0.9999939010474516,,,,,,fod2fixel,0.613846568113265,3.1406592021690467,0.024778024764299578
151,75,1,2,2,0.9712667,5.383454,0.034038454,2.281264532934851,2.71954722644776,0.0588164247642996,0.2276992351790784,,,,,,fod2fixel,0.613846568113265,2.7486738731073515,0.0247779707642996
152,76,0,2,2,0.52578676,1.3063129,0.98203653,0.5259663517604777,1.3076419052006352,0.9577371082974326,0.9999966589457028,,,,,,fod2fixel,0.5615339117367046,0.0006908730398485851,0.02429942170256738
153,76,1,2,2,1.0132154,0.20475604,0.017963493,1.0329249061139911,5.977567328800948,0.0422628917025673,0.1230711645277066,,,,,,fod2fixel,0.5615339117367046,0.43483773852257585,0.0242993987025673
154,77,0,2,2,0.7554567,3.4365833,0.8292814,2.384398396979032,0.268175058167331,0.8809375363528734,0.9976102074770024,,,,,,fod2fixel,0.7088152359307341,3.123108817536698,0.05165613635287347
155,77,1,2,2,1.0210177,2.5880182,0.17071863,1.2358995435479887,2.321302397573525,0.1190624636471265,0.4200202643844659,,,,,,fod2fixel,0.7088152359307341,0.3222394758208609,0.05165616635287351
156,78,0,2,2,0.72305834,1.2835982,0.99548054,0.7230920919156522,1.2839329975753495,0.9061882186546169,0.9999996484561646,,,,,,fod2fixel,0.961467046085215,0.0002240897856877183,0.08929232134538312
157,78,1,2,2,1.5049318,2.0334594,0.0045194374,1.6023025007442724,2.075919111182434,0.0938117813453832,0.9229344437142654,,,,,,fod2fixel,0.961467046085215,0.10621639633587836,0.0892923439453832
158,79,0,2,2,0.72366047,4.6509695,0.81736237,0.7234539545268535,4.647171850795862,0.8247291459374022,0.9999554517420794,,,,,,fod2fixel,0.8905867118542632,0.002522718240111034,0.0073667759374022035
159,79,1,2,2,1.4186612,3.0063674,0.18263763,1.857554330689099,6.27561673123536,0.1752708540625978,0.7812179719664469,,,,,,fod2fixel,0.8905867118542632,2.958236926015236,0.0073667759374022035
160,80,0,2,2,1.4477566,3.3430457,0.5304089,1.6745165793896084,0.2338177442015115,0.9639999445158304,0.99017909594939,,,,,,fod2fixel,0.5214425318958921,3.104079009684866,0.4335910445158304
161,80,1,2,2,1.4892048,3.4112537,0.46959105,1.537469526721683,1.3629370781256993,0.0360000554841695,0.0527059678423942,,,,,,fod2fixel,0.5214425318958921,2.043257661765188,0.4335909945158305
162,81,0,2,2,0.7297539,5.216692,0.9759868,2.412090026249562,2.074101055744898,0.9021534995367428,0.9999964583838856,,,,,,fod2fixel,0.9292580191701112,3.140881340849903,0.0738333004632572
163,81,1,2,2,0.9627663,3.4041371,0.024013214,2.28063512769394,0.3941528346337956,0.0978465004632572,0.8585195799563369,,,,,,fod2fixel,0.9292580191701112,2.9961260974985806,0.0738332864632572
164,82,0,2,2,1.110786,5.572241,0.9519662,2.0326501239973966,2.441739958101353,0.9680101573301024,0.9992855503077616,,,,,,fod2fixel,0.5215883845248256,3.1314889943371105,0.016043957330102443
165,82,1,2,2,1.0925009,6.0605583,0.048033748,0.1202829018502642,1.0984879612215837,0.0319898426698975,0.0438912187418897,,,,,,fod2fixel,0.5215883845248256,1.0664177969308621,0.016043905330102498
166,83,0,2,2,0.8334587,3.4559603,0.5938235,2.4474807101369738,0.3790032477054509,0.9159326043849952,0.8569802716953872,,,,,,fod2fixel,0.4445408754426726,2.9952986314235805,0.3221091043849953
167,83,1,2,2,0.4712389,3.695167,0.40617648,1.4877161752404344,1.0407806754335729,0.0840673956150048,0.0321014791899581,,,,,,fod2fixel,0.4445408754426726,1.90269910378273,0.3221090843849952
168,84,0,2,2,1.4514349,5.670296,0.62963414,1.754768011849319,2.4557151295781803,0.9222503486735032,0.935673611928446,,,,,,fod2fixel,0.4960188000772632,3.0447517068385004,0.29261620867350324
169,84,1,2,2,1.2702893,5.457136,0.37036583,0.750400451192154,0.4204423834181163,0.0777496513264969,0.0563639882260804,,,,,,fod2fixel,0.4960188000772632,1.1328705022548264,0.2926161786735031
170,85,0,2,2,0.8334587,2.827225,0.98097664,0.833499938466405,2.8272126491575245,0.9525645268913768,0.9999999875258998,,,,,,fod2fixel,0.49451162004946564,4.223986406760364e-05,0.028412113108623127
171,85,1,2,2,1.5295362,6.216337,0.019023387,0.3930369017385146,5.232353502930406,0.0474354731086232,-0.0109767474269685,,,,,,fod2fixel,0.49451162004946564,1.3181252215345265,0.0284120861086232
172,86,0,2,2,0.43979496,2.7537766,0.77628684,0.4332982324531271,2.7521293478161875,0.7437716945256526,0.9997011803789648,,,,,,fod2fixel,0.9939781513932595,0.006533951802096385,0.03251514547434742
173,86,1,2,2,0.9627663,6.020641,0.22371316,0.9218891621920812,6.025104582985458,0.2562283054743474,0.9882551224075542,,,,,,fod2fixel,0.9939781513932595,0.04103624007689823,0.03251514547434739
174,87,0,2,2,0.4374572,0.6929605,0.5297557,0.4533571466506004,0.6691709561513242,0.5281802901980819,0.9974972175063948,,,,,,fod2fixel,0.9967501010941122,0.018916071851886467,0.0015754098019181706
175,87,1,2,2,1.4884609,3.275516,0.47024426,1.6298153510702351,0.1392334787880965,0.4718197098019182,0.9960029846818296,,,,,,fod2fixel,0.9967501010941122,3.117682190984818,0.0015754498019181495
176,88,0,2,2,1.3034725,1.8142086,0.51773286,1.317364205285652,1.7987714964198922,0.5170565076536664,0.9970942230958234,,,,,,fod2fixel,0.9966655122534596,0.020383439463942003,0.0006763523463335641
177,88,1,2,2,0.8040711,2.9166727,0.48226714,2.340471896729177,6.090263506199859,0.4829434923463336,0.9962368014110956,,,,,,fod2fixel,0.9966655122534596,3.118392930722564,0.0006763523463336196
178,89,0,2,2,0.9627663,0.2625445,0.77635,0.9670945760664604,0.2610795626456769,0.7507111997213275,0.999858717051101,,,,,,fod2fixel,0.9871307092219102,0.00449266589014677,0.02563880027867249
179,89,1,2,2,0.9617865,3.0920238,0.22364995,2.121057560435513,6.251932845040764,0.2492888002786725,0.9744027013927192,,,,,,fod2fixel,0.9871307092219102,3.0808795146271386,0.02563885027867252
180,90,0,2,2,1.3208771,3.0728374,0.79405844,1.8011560811622265,6.2007034527046185,0.9638189595390938,0.9960824692711518,,,,,,fod2fixel,0.5262209579322983,3.117921418626448,0.16976051953909377
181,90,1,2,2,1.4186612,3.0063674,0.20594157,1.1065029117714498,1.8423316737845288,0.0361810404609061,0.0563594465934448,,,,,,fod2fixel,0.5262209579322983,1.140071125209103,0.16976052953909387
182,91,0,2,2,1.2247206,0.3525992,0.71818537,1.2198586845439754,0.3519946619069403,0.7335859630265439,0.9998322813965848,,,,,,fod2fixel,0.9513082834699333,0.004895004305608836,0.01540059302654384
183,91,1,2,2,1.0630141,3.627759,0.2818146,2.196369774814478,0.5113775767265945,0.2664140369734561,0.902784285543282,,,,,,fod2fixel,0.9513082834699333,3.0219012289642704,0.015400563026543912
184,92,0,2,2,0.75932765,2.2798676,0.7935579,0.7628072123690679,2.250693631476332,0.8501048207623599,0.9970839722049928,,,,,,fod2fixel,0.7981778219805703,0.020419366947380793,0.0565469207623599
185,92,1,2,2,1.091808,1.4354419,0.2064421,1.266410054698057,1.230868256642014,0.1498951792376401,0.5992716717561478,,,,,,fod2fixel,0.7981778219805703,0.2570632025774014,0.0565469207623599
186,93,0,2,2,0.7995395,1.0422398,0.5286617,0.7661048563662304,1.038055698215955,0.6055652979246174,0.992133161483416,,,,,,fod2fixel,0.971233832392011,0.03356457023731418,0.07690359792461743
187,93,1,2,2,0.19273965,1.9259298,0.47133827,0.1836094214102267,2.3810231907286594,0.3944347020753825,0.950334503300606,,,,,,fod2fixel,0.971233832392011,0.08489263402563285,0.0769035679246175
188,94,0,2,2,0.41257334,0.0,0.6790345,0.5500897017527834,0.1464265202816366,0.9085454766774164,0.8442239065212059,,,,,,fod2fixel,0.45022318521425564,0.1530124540387928,0.22951097667741638
189,94,1,2,2,0.91356677,0.32818297,0.3209655,1.7796028040519465,2.278256568274277,0.0914545233225834,0.0562224639073053,,,,,,fod2fixel,0.45022318521425564,1.9969759798870248,0.2295109766774166
190,95,0,2,2,0.59685063,1.3801663,0.60958785,0.6063267785077181,1.3799413013203496,0.6030980274178122,0.9993714275848226,,,,,,fod2fixel,0.9974372768749692,0.00947700399829867,0.0064898225821878874
191,95,1,2,2,1.3048053,4.5432014,0.39041212,1.811427492640365,1.401166912249071,0.3969019725821878,0.9955031261651158,,,,,,fod2fixel,0.9974372768749692,3.116229185919818,0.006489852582187816
192,96,0,2,2,0.8544683,4.349996,0.6608632,2.283221533776261,1.200531346895889,0.6498062400063023,0.9996458165181646,,,,,,fod2fixel,0.9967404330471311,3.134479126239414,0.011056959993697713
193,96,1,2,2,1.4076132,0.269661,0.33913675,1.4305927815582518,0.2887037784216462,0.3501937599936978,0.9938350495760976,,,,,,fod2fixel,0.9967404330471311,0.029705068317017583,0.011057009993697797
194,97,0,2,2,0.7306707,1.3882595,0.679525,0.7325381365480599,1.4011953429412272,0.6674569604179978,0.9994529021957944,,,,,,fod2fixel,0.9935162592820428,0.008841401487205391,0.012068039582002199
195,97,1,2,2,1.4922565,2.5880182,0.320475,1.4602581316015002,2.5603743488565254,0.3325430395820021,0.9875796163682912,,,,,,fod2fixel,0.9935162592820428,0.04220428456827743,0.012068039582002088
196,98,0,2,2,1.307886,2.03681,0.9361122,1.3061636466639386,2.038275225261602,0.8696400942597292,0.9999652266309274,,,,,,fod2fixel,0.9478384931151862,0.002228777074025514,0.06647210574027074
197,98,1,2,2,1.019126,4.6201324,0.06388778,2.200391664914588,1.3621446395878694,0.1303599057402708,0.8957117595994449,,,,,,fod2fixel,0.9478384931151862,3.0174787899563604,0.06647212574027078
198,99,0,2,2,0.12933698,1.0271963,0.93954736,0.1369205912690257,1.009871475262227,0.919193030885468,0.999560494851808,,,,,,fod2fixel,0.5067297156578386,0.007924332458769072,0.020354329114532055
199,99,1,2,2,0.710654,0.76974565,0.06045265,2.0074049768114888,2.712012832391131,0.0808069691145321,0.0138989364638694,,,,,,fod2fixel,0.5067297156578386,2.1354001508601392,0.020354319114532102
200,100,0,2,2,0.65565425,4.355456,0.50923383,0.6712840257079671,4.375567032668019,0.5086542667006988,0.9972187105044644,,,,,,fod2fixel,0.99706577570542,0.01994160766127854,0.0005795632993012001
201,100,1,2,2,0.6384576,2.369884,0.49076614,0.6544899032290671,2.3473385149696444,0.4913457332993012,0.9969128409063756,,,,,,fod2fixel,0.99706577570542,0.021010578535190606,0.0005795932993011843
202,101,0,2,2,0.7827609,4.59789,0.92132556,0.7848755598507773,4.596571014169896,0.856496323295625,0.9999626296010083,,,,,,fod2fixel,0.9869596579544957,0.0023106055677531608,0.06482923670437502
203,101,1,2,2,0.4963124,0.25421822,0.07867446,0.5349073746343926,0.3507516548124366,0.1435036767043749,0.973956686307983,,,,,,fod2fixel,0.9869596579544957,0.06124408130838989,0.06482921670437489
204,102,0,2,2,0.86770654,3.8798122,0.9077771,2.275890564764715,0.7364590420014058,0.8707213272905113,0.9999592712129652,,,,,,fod2fixel,0.8344559176312767,3.1391805177125045,0.03705577270948868
205,102,1,2,2,0.72366047,1.6322156,0.092222944,0.5586873272567079,1.9035312159280515,0.1292786727094886,0.6689525640495882,,,,,,fod2fixel,0.8344559176312767,0.23036261586096893,0.03705572870948859
206,103,0,2,2,0.3349322,0.92016095,0.56448525,0.3335686483007662,0.9592690636434138,0.5606337199338016,0.9988353046396587,,,,,,fod2fixel,0.997613293699757,0.012901357836681535,0.0038515300661984275
207,103,1,2,2,1.2223531,2.5132859,0.43551472,1.2010981743896794,2.5047182788182485,0.4393662800661984,0.9963912827598552,,,,,,fod2fixel,0.997613293699757,0.022718014670034373,0.0038515600661983562
208,104,0,2,2,1.296752,5.937796,0.7472099,1.32307335745999,5.862816325197573,0.8653105505787501,0.9589503158367678,,,,,,fod2fixel,0.5039972019378423,0.07707272347050534,0.11810065057875008
209,104,1,2,2,1.449305,5.5519843,0.25279012,0.4134237894653717,5.095380677871125,0.1346894494212499,0.0490440880389168,,,,,,fod2fixel,0.5039972019378423,1.0827349810365656,0.1181006705787501
210,105,0,2,2,0.9462668,5.291475,0.56048644,2.283924127178593,2.382824591447002,0.9060098405158488,0.7366859191841815,,,,,,fod2fixel,0.3965400309405233,2.938792747031082,0.34552340051584873
211,105,1,2,2,0.78804016,5.89648,0.43951356,1.923186257126724,5.848442351581953,0.0939901594841511,0.0563941426968652,,,,,,fod2fixel,0.3965400309405233,1.1359926182141264,0.34552340051584896
212,106,0,2,2,1.3703629,1.3006282,0.677915,1.3668087773833903,1.298592162884493,0.7002506043737319,0.999883735520589,,,,,,fod2fixel,0.9615245768228877,0.004075539735463484,0.022335604373731832
213,106,1,2,2,1.0248133,4.896473,0.32208505,2.20322581669374,1.828834566386493,0.2997493956262682,0.9231654181251866,,,,,,fod2fixel,0.9615245768228877,3.03553957914027,0.022335654373731806
214,107,0,2,2,1.4090861,2.730789,0.67759156,1.7304585217220825,5.858027762199034,0.6705928189780888,0.9985659677507576,,,,,,fod2fixel,0.9890733323862596,3.127276429147912,0.006998741021911226
215,107,1,2,2,1.3722193,3.7552102,0.3224084,1.765221421003487,0.6687002460428552,0.3294071810219112,0.9795806970217616,,,,,,fod2fixel,0.9890733323862596,3.087410970132842,0.0069987810219112045
216,108,0,2,2,0.9200989,4.318702,0.7969696,2.22268700502494,1.178210279319447,0.7626614758628736,0.9999846688885132,,,,,,fod2fixel,0.9999367553846024,3.140112628280603,0.03430812413712636
217,108,1,2,2,1.2925252,0.4805259,0.20303039,1.2961709700734882,0.482198271632251,0.2373385241371264,0.9998888418806916,,,,,,fod2fixel,0.9999367553846024,0.003984985430023002,0.034308134137126384
218,109,0,2,2,0.2060244,2.9385536,0.7101289,0.2056962696132594,2.934404676623813,0.7368741919320217,0.9999942117671384,,,,,,fod2fixel,0.9434839695659822,0.0009093437358937913,0.026745291932021797
219,109,1,2,2,0.710654,0.76974565,0.28987113,0.8367243151795406,0.727911328577198,0.2631258080679782,0.8869737273648259,,,,,,fod2fixel,0.9434839695659822,0.12939679461393544,0.02674532193202178
220,110,0,2,2,1.1746064,4.372383,0.7851408,1.9687020914274715,1.23291759779535,0.7567260965482816,0.9999524543142688,,,,,,fod2fixel,0.9938355764810474,3.138986387907998,0.02841470345171837
221,110,1,2,2,0.8245151,5.809861,0.21485922,2.327515792149345,2.6126334073323205,0.2432739034517183,0.987718698647826,,,,,,fod2fixel,0.9938355764810474,3.0996263720796424,0.028414683451718298
222,111,0,2,2,0.53582484,4.841545,0.74633527,0.5315113625634352,4.851398588950881,0.7246313457459287,0.9996939201436228,,,,,,fod2fixel,0.9966818944441131,0.006612897472330485,0.021703924254071305
223,111,1,2,2,1.4641,4.1240077,0.25366476,1.6495149007943952,0.971261505862102,0.2753686542540713,0.9936698687446036,,,,,,fod2fixel,0.9966818944441131,3.1114914621966627,0.02170389425407132
224,112,0,2,2,0.9475288,0.4079598,0.9516826,0.9467851996645812,0.4081104159035351,0.9053919864027602,0.9999960249738478,,,,,,fod2fixel,0.6741832910723837,0.0007535846859558487,0.04629061359723985
225,112,1,2,2,0.74543303,2.6748571,0.048317365,0.5194696761692109,2.2179018553090963,0.0946080135972397,0.3483705571709198,,,,,,fod2fixel,0.6741832910723837,0.3480733437411303,0.046290648597239706
226,113,0,2,2,0.62831855,2.5880182,0.9847242,0.6280904177596133,2.587803392548348,0.9513218606339658,0.9999995241602208,,,,,,fod2fixel,0.5814853229885215,0.0002607317903418038,0.033402339366034206
227,113,1,2,2,0.67580384,0.13008463,0.015275748,0.5143804682716454,5.708861704998355,0.0486781393660341,0.1629711218168223,,,,,,fod2fixel,0.5814853229885215,0.41837051768018435,0.0334023913660341
228,114,0,2,2,0.96290207,1.7163765,0.8873196,0.9639179343317316,1.7166083122841038,0.833496068665325,0.9999925226019366,,,,,,fod2fixel,0.9841735401256455,0.0010335442929385005,0.05382353133467499
229,114,1,2,2,0.9709534,4.9537225,0.11268038,2.10314723797026,1.8082783978622832,0.1665039313346749,0.9683545576493544,,,,,,fod2fixel,0.9841735401256455,3.074022468871449,0.053823551334674896
230,115,0,2,2,1.3488619,3.278148,0.7412697,1.8385518579292657,0.154876499025506,0.9380536340968134,0.9831800920273304,,,,,,fod2fixel,0.5173359380163829,3.0924454439619447,0.19678393409681338
231,115,1,2,2,1.1621684,3.3572958,0.2587303,0.8136623900236233,2.071171526287498,0.0619463659031865,0.0514917840054355,,,,,,fod2fixel,0.5173359380163829,1.0925424874073082,0.19678393409681352
232,116,0,2,2,1.3708869,1.4452434,0.9128511,1.3684491806693175,1.4452641924924603,0.8679063166986151,0.9999583995430188,,,,,,fod2fixel,0.8560235790290742,0.0024378044647741875,0.04494478330138496
233,116,1,2,2,0.90174824,4.608761,0.08714891,0.6893353330908961,4.631886627988493,0.1320936833013849,0.7120887585151296,,,,,,fod2fixel,0.8560235790290742,0.21304475132899325,0.04494477330138491
234,117,0,2,2,1.1656685,4.536293,0.514757,2.035033700839617,1.1112196160057102,0.9196291032222556,0.5817015513575894,,,,,,fod2fixel,0.31904799790544247,2.8779776007924944,0.40487210322225553
235,117,1,2,2,1.0804663,3.9342618,0.48524305,0.9326206100230938,0.93381597405168,0.0803708967777443,0.0563944444532955,,,,,,fod2fixel,0.31904799790544247,2.005304623722253,0.4048721532222557
236,118,0,2,2,1.5041426,4.531407,0.9873025,1.6377144141503823,1.3898436024448442,0.9294137104722228,0.9999995046250076,,,,,,fod2fixel,0.7440841268235237,3.1413266862809235,0.05788878952777721
237,118,1,2,2,0.8245151,0.4733239,0.012697517,0.6115732662134332,0.7934310217050824,0.0705862895277772,0.4881687490220396,,,,,,fod2fixel,0.7440841268235237,0.2977496458607367,0.057888772527777195
238,119,0,2,2,0.74112105,0.9608346,0.9065916,0.7398356824666822,0.960453199556774,0.851030465521656,0.9999879712829748,,,,,,fod2fixel,0.974974895252665,0.0013108688997362835,0.0555611344783441
239,119,1,2,2,0.5535744,4.712389,0.0934084,0.4790242126683046,4.796225910773499,0.148969534478344,0.9499618192223552,,,,,,fod2fixel,0.974974895252665,0.08521564197405798,0.05556113447834399
240,120,0,2,2,0.65565425,1.9277295,0.55092007,0.6855643803981927,1.946206385688668,0.6320612126947229,0.992831094033521,,,,,,fod2fixel,0.9637080830696552,0.032037626561942,0.08114114269472295
241,120,1,2,2,1.3127629,2.2547262,0.44907993,1.4039312996387745,2.2905973324946323,0.3679387873052771,0.9345850721057892,,,,,,fod2fixel,0.9637080830696552,0.097674104362454,0.08114114269472289
242,121,0,2,2,1.1120028,5.104773,0.83732927,2.0299529429686305,1.965545623415351,0.8461402678230886,0.9999676031544832,,,,,,fod2fixel,0.8425421709477958,3.139441305035987,0.008810997823088584
243,121,1,2,2,1.4090861,0.41080377,0.16267073,1.3160983897324925,0.2024632701919676,0.1538597321769114,0.6851167387411086,,,,,,fod2fixel,0.8425421709477958,0.22395866200743017,0.008810997823088612
244,122,0,2,2,0.7297539,5.216692,0.63880384,2.404494804008965,2.092296103357286,0.6305464419632943,0.9986953667816958,,,,,,fod2fixel,0.9938401136200756,3.1279379401456975,0.008257398036705665
245,122,1,2,2,1.3902206,3.0738356,0.36119616,1.718770972195529,6.192398029092434,0.3694535580367056,0.9889848604584554,,,,,,fod2fixel,0.9938401136200756,3.101856188935828,0.00825739803670561
246,123,0,2,2,1.158223,4.712389,0.5956687,1.9825443539317456,1.597925571364242,0.6683976211870054,0.9956758561377976,,,,,,fod2fixel,0.9542291999471784,3.116721726601473,0.07272892118700536
247,123,1,2,2,1.2295184,5.51686,0.40433133,1.887076183148686,2.491914027478467,0.3316023788129946,0.9127825437565592,,,,,,fod2fixel,0.9542291999471784,3.0284092022805704,0.0727289511870054
248,124,0,2,2,0.8244284,5.6337776,0.76387507,2.3177627740359315,2.482117395603611,0.7452597586266109,0.9996153422711954,,,,,,fod2fixel,0.9775099682495929,3.134179322780967,0.01861531137338912
249,124,1,2,2,1.3312842,4.1666784,0.23612495,1.8633221413781065,1.087714569542917,0.2547402413733891,0.9554045942279904,,,,,,fod2fixel,0.9775099682495929,3.0612147487683297,0.018615291373389076
250,125,0,2,2,0.6597098,4.4694843,0.5764684,0.6450130890097726,4.439828588852411,0.5789132231900033,0.996224077442484,,,,,,fod2fixel,0.9896319662458892,0.023238934880389077,0.0024448231900032757
251,125,1,2,2,1.4386635,5.1525416,0.42353162,1.6593699922013383,2.0342941282084537,0.4210867768099968,0.9830398550492944,,,,,,fod2fixel,0.9896319662458892,3.0922398472330617,0.0024448431900032097
252,126,0,2,2,0.89141375,2.220967,0.9329717,0.8899843939026829,2.2208850895133576,0.9230994262463156,0.9999856702569748,,,,,,fod2fixel,0.751135197515781,0.0014307741968201642,0.00987227375368438
253,126,1,2,2,0.39581668,5.252859,0.06702827,0.3788980742645985,4.461493332319493,0.0769005737536845,0.502284724774587,,,,,,fod2fixel,0.751135197515781,0.2926546251027117,0.009872303753684503
254,127,0,2,2,0.8833323,3.386553,0.65596217,2.202215875244707,0.1732374635673123,0.8130938905036952,0.9561486204508086,,,,,,fod2fixel,0.8200639511203234,3.0618975823511736,0.15713172050369517
255,127,1,2,2,1.4076132,2.8719316,0.34403786,1.5622745690990327,5.868415127546429,0.1869061094963048,0.6839792817898382,,,,,,fod2fixel,0.8200639511203234,2.9171802215634264,0.15713175050369518
256,128,0,2,2,0.31415927,5.729611,0.6577347,0.4021204662456077,5.578399808270173,0.9270944798925764,0.9281447138693928,,,,,,fod2fixel,0.4732621080351736,0.10247624973978972,0.2693597798925764
257,128,1,2,2,0.6159369,5.3985457,0.34226528,1.1007088095365738,0.8238692099979058,0.0729055201074235,0.0183795022009544,,,,,,fod2fixel,0.4732621080351736,1.2671325025856985,0.2693597598925765
258,129,0,2,2,1.2766433,3.0026262,0.8939565,1.864496233058349,6.142810468859761,0.8814749388013551,0.9999858436013488,,,,,,fod2fixel,0.73898950491298,3.14017054954446,0.012481561198644964
259,129,1,2,2,1.2301036,4.7562237,0.106043495,1.803605154220639,1.9083238685945183,0.1185250611986449,0.4779931662246113,,,,,,fod2fixel,0.73898950491298,2.84017766014905,0.012481566198644892
260,130,0,2,2,1.019126,1.4785396,0.86500275,1.022349633109159,1.517457132373558,0.9358531447339472,0.9922412601491324,,,,,,fod2fixel,0.4675657209214999,0.03333260445612823,0.07085039473394716
261,130,1,2,2,1.1120028,1.9631804,0.13499726,1.9181577239592629,0.7918497261190415,0.0641468552660527,-0.0571098183061326,,,,,,fod2fixel,0.4675657209214999,1.392737194159409,0.07085040473394731
262,131,0,2,2,0.64099085,5.946992,0.8769519,2.500034656125893,2.8046691134862365,0.8674780310879857,0.99999641293647,,,,,,fod2fixel,0.7888223302942213,3.1408767740381895,0.009473868912014294
263,131,1,2,2,1.3701209,5.549731,0.12304811,1.5231633652980243,2.3147186622996854,0.1325219689120142,0.5776482476519726,,,,,,fod2fixel,0.7888223302942213,2.8764741304182664,0.009473858912014202
264,132,0,2,2,0.9712667,2.241861,0.67209876,0.9694966001692576,2.208207279805746,0.745562390947466,0.9945899539321544,,,,,,fod2fixel,0.9158125228012755,0.027823667237311552,0.073463630947466
265,132,1,2,2,1.0992529,1.3464079,0.32790127,1.1637168241691715,1.1885249197329617,0.254437609052534,0.8370350916703964,,,,,,fod2fixel,0.9158125228012755,0.15669725730264933,0.07346366094746604
266,133,0,2,2,0.79132,0.0,0.8572101,0.7937209151499514,6.276403947101773,0.8188464395266309,0.999796416956291,,,,,,fod2fixel,0.9661168972959039,0.005393074137492512,0.03836366047336903
267,133,1,2,2,0.84618837,1.4082233,0.1427899,0.897252954794018,1.5195452506507603,0.181153560473369,0.9324373776355168,,,,,,fod2fixel,0.9661168972959039,0.09929904896660346,0.038363660473369005
268,134,0,2,2,0.79452795,3.2547553,0.67026865,2.3377590268733326,0.1195615416748602,0.6829092482917366,0.9992467480902196,,,,,,fod2fixel,0.97098064354878,3.1312180595392687,0.012640598291736582
269,134,1,2,2,0.34598398,1.5707964,0.32973135,0.3917136301040012,1.3508821785984968,0.3170907517082633,0.9427145390073404,,,,,,fod2fixel,0.97098064354878,0.09128406852828296,0.012640598291736693
270,135,0,2,2,0.72305834,4.999587,0.97458035,2.418815768949828,1.85688245698136,0.8938456891720741,0.999995657335258,,,,,,fod2fixel,0.8999498785841916,3.140805048097898,0.08073466082792591
271,135,1,2,2,0.8549161,2.980336,0.025419679,2.3921674788954066,0.0330637492703642,0.1061543108279258,0.7999040998331253,,,,,,fod2fixel,0.8999498785841916,2.9668266509941104,0.0807346318279258
272,136,0,2,2,0.41518077,1.5707964,0.87237364,0.4147575455644204,1.5763168552152107,0.8653893182919105,0.9999640720699132,,,,,,fod2fixel,0.8205026208889544,0.002265516146286168,0.0069843217080894915
273,136,1,2,2,1.3778208,3.3450828,0.12762639,1.982262941365429,0.0961465231739236,0.1346106817080895,0.6410411697079956,,,,,,fod2fixel,0.8205026208889544,2.900376439592597,0.006984291708089507
274,137,0,2,2,0.23561946,2.5880182,0.56296235,0.2173831373400412,2.5680138011963427,0.559977087981344,0.9975329025504116,,,,,,fod2fixel,0.9954358705765254,0.018780632138605487,0.0029852620186558987
275,137,1,2,2,1.121992,5.990568,0.43703762,1.0911617585593327,5.992524407425732,0.440022912018656,0.993338838602639,,,,,,fod2fixel,0.9954358705765254,0.03087982568982669,0.002985292018655994
276,138,0,2,2,1.1743016,4.45066,0.50333846,1.9951829022262968,1.30532407767555,0.5037014012040584,0.9944812855051084,,,,,,fod2fixel,0.9942612739023734,3.113490425970759,0.0003629412040583313
277,138,1,2,2,0.96290207,1.4252161,0.4966615,0.933951733983728,1.4299354668635436,0.4962985987959416,0.9940412622996384,,,,,,fod2fixel,0.9942612739023734,0.02920312642579583,0.00036290120405835236
278,139,0,2,2,0.5302741,5.2520604,0.6214109,0.5425266334342397,5.257422659802508,0.6147140689870108,0.9988969432875426,,,,,,fod2fixel,0.9950507536904065,0.012555207250520152,0.006696831012989235
279,139,1,2,2,1.3398488,2.3331926,0.37858906,1.3750975229082596,2.328918104549868,0.3852859310129893,0.9912045640932704,,,,,,fod2fixel,0.9950507536904065,0.03549539101297873,0.006696871012989325
280,140,0,2,2,1.2566371,5.729611,0.5740363,1.872682533254949,2.598807106494869,0.5699028813078304,0.99820671749374,,,,,,fod2fixel,0.9965360694718854,3.1255825356457576,0.004133418692169655
281,140,1,2,2,0.8245151,3.6149166,0.4259637,2.301464320181684,0.4433608388106951,0.4300971186921696,0.9948654214500308,,,,,,fod2fixel,0.9965360694718854,3.1144876515240654,0.004133418692169599
282,141,0,2,2,1.2935516,5.668422,0.9671752,1.8516932926013363,2.5328765435096474,0.9561971098233693,0.9996701248595348,,,,,,fod2fixel,0.5232252357087803,3.1347273366337354,0.010978090176630761
283,141,1,2,2,1.153343,5.9225984,0.03282482,0.244566600751549,4.732917788547447,0.0438028901766307,0.0467803465580258,,,,,,fod2fixel,0.5232252357087803,1.0750381205287889,0.010978070176630703
284,142,0,2,2,1.5301447,2.180383,0.9457412,1.5310751818857211,2.181248197121032,0.892137033833407,0.9999887074490724,,,,,,fod2fixel,0.8067853399941437,0.0012701001145365648,0.053604166166592915
285,142,1,2,2,0.89912957,1.5707964,0.054258812,0.7611319543862947,1.2843593598524998,0.107862966166593,0.613581972539215,,,,,,fod2fixel,0.8067853399941437,0.251680538781191,0.053604154166593
286,143,0,2,2,0.86736286,1.01902,0.5156518,0.8667854276327901,1.0470980572909925,0.5150411110909446,0.9967928751296944,,,,,,fod2fixel,0.9963696064557523,0.021415296722320905,0.0006106889090553569
287,143,1,2,2,1.3701209,2.408138,0.48434818,1.3550292554527623,2.388960179094587,0.4849588889090554,0.9959463377818104,,,,,,fod2fixel,0.9963696064557523,0.024079488144896594,0.0006107089090554019
288,144,0,2,2,0.84618837,1.4082233,0.8279716,0.8464574467266716,1.398064532573109,0.8538463727586991,0.9995944425250728,,,,,,fod2fixel,0.8081171497855094,0.007612120647661854,0.025874772758699094
289,144,1,2,2,1.0630141,0.4861664,0.17202841,1.2019265549354343,0.2555134630375354,0.1461536272413008,0.616639857045946,,,,,,fod2fixel,0.8081171497855094,0.2505244567198291,0.0258747827586992
290,145,0,2,2,0.9475288,3.5495524,0.97716075,2.194381217725856,0.4071828041363116,0.9423700656134686,0.9999965095252136,,,,,,fod2fixel,0.7350004223243273,3.140886529537603,0.034790684386531434
291,145,1,2,2,1.1294748,2.0483818,0.022839244,0.8263365587710286,2.0162042916219445,0.0576299343865314,0.4700043351234409,,,,,,fod2fixel,0.7350004223243273,0.3042892656862877,0.034790690386531396
292,146,0,2,2,1.0210177,0.5535744,0.50251937,1.0168666551468055,0.5873364618196261,0.5112732990172812,0.9941043109527592,,,,,,fod2fixel,0.9895537477355404,0.029047925469945505,0.008753929017281226
293,146,1,2,2,1.296752,5.937796,0.49748066,1.319734229113691,5.896062877149474,0.4887267009827187,0.9850031845183216,,,,,,fod2fixel,0.9895537477355404,0.04639404648846566,0.00875395901728132
294,147,0,2,2,1.1074132,3.5631444,0.8771896,2.0362107570190444,0.422531931448285,0.8679145101843887,0.9999657420578814,,,,,,fod2fixel,0.8069869006272016,3.139380363908983,0.009275089815611315
295,147,1,2,2,0.51855856,5.8717217,0.1228104,0.3633869936796782,5.397384114128323,0.1320854898156112,0.6140080591965218,,,,,,fod2fixel,0.8069869006272016,0.25151954293713996,0.00927508981561119
296,148,0,2,2,1.1294748,4.2348037,0.52764684,2.032944361601724,1.087183724716993,0.5263372379694338,0.9967612321622498,,,,,,fod2fixel,0.995832741849698,3.1200717896188706,0.0013096020305661815
297,148,1,2,2,0.3244638,1.9996618,0.47235316,0.3068265840022941,2.0655613025111617,0.4736627620305663,0.9949042515371463,,,,,,fod2fixel,0.995832741849698,0.02700212067985136,0.0013096020305662925
298,149,0,2,2,1.3710847,4.36833,0.7188343,1.7752221789810494,1.2295264353810411,0.7017418958661112,0.9997921869528964,,,,,,fod2fixel,0.9942957674159352,3.1361438380160687,0.017092404133888794
299,149,1,2,2,0.51615083,5.6101303,0.2811657,0.525661946898281,5.531895923112066,0.2982581041338887,0.988799347878974,,,,,,fod2fixel,0.9942957674159352,0.040070806182518404,0.017092404133888683
300,150,0,2,2,0.53582484,4.583233,0.980635,0.53559149559874,4.58347386320585,0.8916059738580447,0.9999995129477848,,,,,,fod2fixel,0.9982627095094811,0.0002637536355556093,0.08902902614195529
301,150,1,2,2,1.5049318,1.1081332,0.01936501,1.5269999910669776,1.1049932969675975,0.1083940261419552,0.9965259060711776,,,,,,fod2fixel,0.9982627095094811,0.022289774232385182,0.0890290161419552
302,151,0,2,2,0.9475288,2.7336328,0.879387,0.9491106389790548,2.7351555842512965,0.8310949374779679,0.999971770277436,,,,,,fod2fixel,0.9715002920934991,0.002008181737813208,0.04829206252203211
303,151,1,2,2,1.0650716,0.1505415,0.12061298,1.1488313856748338,0.1106649593658051,0.168905062522032,0.9430288139095622,,,,,,fod2fixel,0.9715002920934991,0.09102870728752077,0.048292082522032
304,152,0,2,2,0.4712389,3.695167,0.9793267,0.4727406144999307,3.69668447083862,0.9403535999167272,0.9999808825680404,,,,,,fod2fixel,0.4472379342626257,0.0016526197146903617,0.038973100083272816
305,152,1,2,2,1.110786,3.852537,0.020673301,1.7930041096244769,1.592460345166205,0.0596464000832727,-0.105505014042789,,,,,,fod2fixel,0.4472379342626257,2.2832598303535767,0.038973099083272705
306,153,0,2,2,1.0284797,3.5576322,0.69598925,2.122862571724725,0.4225646295492963,0.6833999587427846,0.9991175031806514,,,,,,fod2fixel,0.993619704471044,3.1303629789954273,0.012589291257215418
307,153,1,2,2,1.1791382,6.21173,0.30401075,1.1428277483748632,6.190343682249187,0.3166000412572154,0.9881219057614364,,,,,,fod2fixel,0.993619704471044,0.04126918193662648,0.012589291257215418
308,154,0,2,2,0.6384576,0.77170867,0.73648345,0.6398298005155658,0.7747329313424007,0.7102277044811142,0.9999640389399778,,,,,,fod2fixel,0.9995736268509964,0.0022665690992523285,0.026255745518885876
309,154,1,2,2,1.2392242,4.9268064,0.26351655,1.8933959470808317,1.7788596491848192,0.2897722955188859,0.999183214762015,,,,,,fod2fixel,0.9995736268509964,3.1307892991825685,0.026255745518885876
310,155,0,2,2,1.50476,1.9633567,0.69990706,1.511967452457757,1.9679254506692785,0.680930624883738,0.999490908532626,,,,,,fod2fixel,0.9964681833448605,0.008528745909051713,0.018976435116262014
311,155,1,2,2,0.6136997,0.07068824,0.30009297,0.6235285533797177,0.0206556619213982,0.319069375116262,0.9934454581570952,,,,,,fod2fixel,0.9964681833448605,0.03063116385618545,0.018976405116261974
312,156,0,2,2,1.3011353,4.712389,0.6276925,1.832356483858597,1.5767313495563215,0.6789657145746923,0.9993111996048296,,,,,,fod2fixel,0.9591180179353682,3.131671918591657,0.05127321457469236
313,156,1,2,2,1.17709,1.9889878,0.3723075,1.0865624029181336,2.056128478472174,0.3210342854253076,0.9189248362659068,,,,,,fod2fixel,0.9591180179353682,0.10901564316846467,0.051273214574692416
314,157,0,2,2,0.9712667,4.041324,0.9387616,2.1605762496491563,0.8928581626655689,0.9689724814735992,0.9991079435742252,,,,,,fod2fixel,0.5223696136622091,3.130302380280793,0.030210881473599183
315,157,1,2,2,1.1595315,3.9249787,0.06123843,1.1474567603549006,1.476148087682276,0.0310275185264006,0.0456312837501931,,,,,,fod2fixel,0.5223696136622091,2.0701174778410736,0.030210911473599403
316,158,0,2,2,0.89912957,4.712389,0.53889084,0.8996720422499923,4.711896302398534,0.5361334392660256,0.9999968984251538,,,,,,fod2fixel,0.9999772867828084,0.0006656475661976178,0.0027574007339743467
317,158,1,2,2,1.2173288,0.9882742,0.4611092,1.2195326860429525,0.9894361660711348,0.4638665607339743,0.999957675140463,,,,,,fod2fixel,0.9999772867828084,0.0024589558454348724,0.0027573607339743123
318,159,0,2,2,0.75932765,4.003318,0.9838101,2.3808428174207017,0.8611467175591548,0.9563668152798378,0.9999847299912944,,,,,,fod2fixel,0.5269696276612592,3.140115652549432,0.02744328472016222
319,159,1,2,2,1.3351768,3.695167,0.016189855,1.4368259493517677,1.603020324138042,0.0436331847201622,0.053954525331224,,,,,,fod2fixel,0.5269696276612592,2.0361842327507094,0.0274433297201622
320,160,0,2,2,0.74543303,2.6748571,0.9606279,0.7451831742622169,2.674883303578851,0.9496204941822128,0.9999995607920033,,,,,,fod2fixel,0.563310599231906,0.00025048693801190704,0.011007405817787141
321,160,1,2,2,0.9709534,4.9537225,0.039372094,0.5376105676241809,4.954104441553165,0.0503795058177871,0.1266216376718086,,,,,,fod2fixel,0.563310599231906,0.4333429057984697,0.011007411817787097
322,161,0,2,2,1.2399288,1.2039618,0.66197103,1.23703729863885,1.2149809197521289,0.6494041062913448,0.9991821980661016,,,,,,fod2fixel,0.9959110067997314,0.010810141484521113,0.012566923708655198
323,161,1,2,2,1.2580642,2.7239814,0.33802894,1.248522640169307,2.691319258576682,0.3505958937086551,0.9926398155333612,,,,,,fod2fixel,0.9959110067997314,0.03246322112182949,0.012566953708655126
324,162,0,2,2,1.4392166,1.0602366,0.87678194,1.4352637363596203,1.0609340058682628,0.825517619346857,0.9998872827460732,,,,,,fod2fixel,0.981094091362749,0.004012839533122396,0.051264320653143014
325,162,1,2,2,0.710654,3.9113383,0.12321806,2.4969027798884067,0.7168304803883911,0.1744823806531429,0.9623008999794248,,,,,,fod2fixel,0.981094091362749,3.0677715017622824,0.05126432065314289
326,163,0,2,2,1.1092144,6.209609,0.56915367,1.1187236423430134,6.189322441050131,0.579026762621414,0.9970494736399848,,,,,,fod2fixel,0.9868347872950347,0.02053992892115177,0.009873092621414004
327,163,1,2,2,0.9462668,0.99171066,0.4308463,0.9545593453648604,1.0622715473640976,0.420973237378586,0.9766201009500848,,,,,,fod2fixel,0.9868347872950347,0.05800366203647128,0.00987306262141402
328,164,0,2,2,0.98553395,2.503627,0.5331325,0.9772943920179666,2.5168687159616296,0.5309828672632294,0.998677156993088,,,,,,fod2fixel,0.9983334444886036,0.013749766708717462,0.0021496327367706014
329,164,1,2,2,0.9827457,4.3771815,0.4668675,2.1688837208902045,1.219114310372155,0.4690171327367706,0.9979897319841192,,,,,,fod2fixel,0.9983334444886036,3.124640981579456,0.0021496327367706014
330,165,0,2,2,0.5445955,2.2427905,0.73385584,0.4728739393455773,2.2825994069335804,0.9088949127549854,0.961831842432463,,,,,,fod2fixel,0.4978212645603656,0.0742845447380704,0.17503907275498531
331,165,1,2,2,0.23561946,2.5880182,0.26614413,1.238087161191149,1.0714499976865712,0.0911050872450147,0.0338106866882681,,,,,,fod2fixel,0.4978212645603656,1.2349800917557185,0.17503904275498527
332,166,0,2,2,0.23561946,5.729611,0.5752079,0.2486552771283982,5.743132842245608,0.6316975419221257,0.9987374326987648,,,,,,fod2fixel,0.9685274665526697,0.013432685733844872,0.05648964192212569
333,166,1,2,2,0.9942772,5.9422545,0.42479208,1.0888467405620723,5.949738672414936,0.3683024580778743,0.9383175004065748,,,,,,fod2fixel,0.9685274665526697,0.09478961054406174,0.0564896219221257
334,167,0,2,2,0.6879088,4.0139174,0.6820471,2.625086338165602,1.0299933461137305,0.9251405589883812,0.7597874366877225,,,,,,fod2fixel,0.40750205474686974,2.948717679759476,0.2430934589883812
335,167,1,2,2,0.2599898,5.2552176,0.3179529,1.7284830482588205,1.9242688978593017,0.0748594410116187,0.0552166728060169,,,,,,fod2fixel,0.40750205474686974,1.9835135206456864,0.24309345898838128
336,168,0,2,2,0.39158684,5.064584,0.898751,0.3948122919639539,5.053040369820568,0.8973621360621807,0.9997902637017632,,,,,,fod2fixel,0.6514786853231096,0.005474031939763033,0.0013888639378192291
337,168,1,2,2,0.9827457,4.3771815,0.10124897,1.8162106648540943,1.0982109579492492,0.1026378639378192,0.3031671069444559,,,,,,fod2fixel,0.6514786853231096,2.7769974657071947,0.0013888939378191995
338,169,0,2,2,1.3020546,4.627753,0.62757593,1.8287071100550167,1.4877868558065297,0.6200449364242535,0.999161790326346,,,,,,fod2fixel,0.9957822695245742,3.1306484496834353,0.007530993575746492
339,169,1,2,2,0.59685063,1.7614263,0.37242404,0.6286225557007492,1.7460228910049078,0.3799550635757465,0.9924027487228024,,,,,,fod2fixel,0.9957822695245742,0.03298306926962239,0.007531023575746476
340,170,0,2,2,1.0650716,2.9910512,0.9619524,2.075565906305893,6.132706207004536,0.8797376886656654,0.999993592796736,,,,,,fod2fixel,0.9679261446766338,3.1406359491331455,0.08221471133433467
341,170,1,2,2,0.07853982,3.695167,0.038047586,0.0489557068919443,5.3689239396188855,0.1202623113343346,0.9358586965565316,,,,,,fod2fixel,0.9679261446766338,0.09669875210490156,0.0822147253343346
342,171,0,2,2,0.9854915,1.9928323,0.7153228,0.984817003005885,1.9863482696764525,0.6920223253971589,0.9997924428460144,,,,,,fod2fixel,0.9986770082640178,0.005445445821831242,0.023300474602841126
343,171,1,2,2,1.4090861,0.41080377,0.2846772,1.3990550733537233,0.4267729189295953,0.3079776746028411,0.9975615736820213,,,,,,fod2fixel,0.9986770082640178,0.01867108767846044,0.02330047460284107
344,172,0,2,2,1.2223531,0.6283067,0.9072762,1.2364460271211417,0.6242013122573774,0.9414144600668009,0.9985056659918576,,,,,,fod2fixel,0.4927671011144601,0.014614212720632033,0.034138260066800874
345,172,1,2,2,1.3712474,3.623487,0.09272379,2.0180008102292626,1.4765806296650903,0.0585855399331993,-0.0129714637629375,,,,,,fod2fixel,0.4927671011144601,2.173860697629827,0.0341382500668007
346,173,0,2,2,0.72366047,4.6509695,0.86324716,0.724092850583787,4.653552844752501,0.8678486486211612,0.9999782004904996,,,,,,fod2fixel,0.7932004150444953,0.0017647231727489342,0.004601488621161165
347,173,1,2,2,1.5295337,2.939685,0.13675284,1.4213484900728774,5.901293910501013,0.1321513513788388,0.5864226295984911,,,,,,fod2fixel,0.7932004150444953,2.8797323721263792,0.004601488621161193
348,174,0,2,2,1.08805,1.6174408,0.76272964,1.0872619671471866,1.6102834746153996,0.7650825571527127,0.9997144762586856,,,,,,fod2fixel,0.9453447528691838,0.006386898864064516,0.0023529171527126858
349,174,1,2,2,1.3722193,2.527975,0.23727037,1.711375235204948,5.784215718426301,0.2349174428472873,0.890975029479682,,,,,,fod2fixel,0.9453447528691838,3.0145915030808577,0.0023529271527127082
350,175,0,2,2,1.2301036,4.6685543,0.7720824,1.9133741681789025,1.5339719779227237,0.7398310527127696,0.9996697588135668,,,,,,fod2fixel,0.9944077963657199,3.134723726069629,0.032251347287230336
351,175,1,2,2,1.2766433,6.144219,0.2279176,1.263216901130152,6.1053853666224125,0.2601689472872304,0.9891458339178728,,,,,,fod2fixel,0.9944077963657199,0.039444106126976304,0.03225134728723039
352,176,0,2,2,0.36216927,2.787653,0.800176,0.3428998747652023,2.833667127613537,0.8673160387294339,0.99564134341787,,,,,,fod2fixel,0.7546756663861698,0.02497011863900378,0.06714003872943386
353,176,1,2,2,0.4669916,4.859109,0.19982396,2.4082169077862203,1.918449398963747,0.1326839612705661,0.5137099893544695,,,,,,fod2fixel,0.7546756663861698,2.8530725009917415,0.06713999872943391
354,177,0,2,2,0.5497787,5.729611,0.7260628,2.5987709529532173,2.5702410129999698,0.7140568995321854,0.9990644046583936,,,,,,fod2fixel,0.9858292599165752,3.130029956251527,0.012005900467814579
355,177,1,2,2,1.3778208,0.20349,0.27393723,1.4352641726141178,0.229317635843312,0.2859431004678145,0.9725941151747568,,,,,,fod2fixel,0.9858292599165752,0.06283930194268168,0.012005870467814539
356,178,0,2,2,0.710654,5.5134397,0.9713795,2.4316864654569823,2.371989061056316,0.9426351733055784,0.9999960251729088,,,,,,fod2fixel,0.646767886888859,3.140839130288074,0.028744326694421507
357,178,1,2,2,0.72305834,1.8579944,0.02862046,0.4383143648436688,2.297913697499838,0.0573648266944216,0.2935397486048093,,,,,,fod2fixel,0.646767886888859,0.36814926682783605,0.028744366694421597
358,179,0,2,2,0.84618837,4.874962,0.90853924,2.296419181562628,1.7304285844666691,0.8581110102309445,0.9999588850995632,,,,,,fod2fixel,0.9088757753555277,3.1391689944898937,0.05042822976905548
359,179,1,2,2,1.0172219,3.1415927,0.09146075,2.221324262719996,0.1640718655277154,0.1418889897690555,0.8177926656114921,,,,,,fod2fixel,0.9088757753555277,2.9753467639973987,0.05042823976905551
360,180,0,2,2,0.42026097,3.3447616,0.6653589,0.4207336739888047,3.347375552515305,0.6526546752130362,0.999990465704906,,,,,,fod2fixel,0.9996478481233873,0.0011670693969913417,0.012704224786963758
361,180,1,2,2,1.3710847,4.36833,0.3346411,1.779805748956137,1.2230799822400826,0.3473453247869637,0.9993052305418686,,,,,,fod2fixel,0.9996478481233873,3.131629004550433,0.012704224786963703
362,181,0,2,2,1.5040374,1.4599379,0.5157888,1.5132295715486117,1.4409897137088294,0.5151254263450261,0.996907961918343,,,,,,fod2fixel,0.9964229591283047,0.021027163234935958,0.0006633736549739311
363,181,1,2,2,1.1621684,3.3572958,0.48421118,1.974109066042156,0.2412944063324334,0.4848745736549738,0.9959379563382664,,,,,,fod2fixel,0.9964229591283047,3.11748828290703,0.000663393654973754
364,182,0,2,2,1.2580642,0.41761118,0.9163885,1.2576855433452931,0.4155566419260754,0.8607660570355997,0.9999722490134562,,,,,,fod2fixel,0.9158361373348098,0.001991103100201696,0.05562244296440033
365,182,1,2,2,1.4228436,5.357724,0.08361149,1.7498784525976818,2.3745754352275603,0.1392339429644003,0.8317000256561635,,,,,,fod2fixel,0.9158361373348098,2.9822038445940677,0.05562245296440031
366,183,0,2,2,0.51855856,3.553056,0.82256764,2.612205978487447,0.3216456466780761,0.8765979448395472,0.985120854200986,,,,,,fod2fixel,0.5199613438899869,3.0953817180701453,0.05403030483954718
367,183,1,2,2,0.7554567,2.8466022,0.17743237,1.5558153571851474,0.5512645259814045,0.1234020551604527,0.0548018335789879,,,,,,fod2fixel,0.5199613438899869,2.030260803495854,0.0540303148395473
368,184,0,2,2,1.1059791,2.1950765,0.58525985,1.3029105907896663,2.2363386431887005,0.9116463935102918,0.7417604806324171,,,,,,fod2fixel,0.3990345356357878,0.20064685271535093,0.3263865435102917
369,184,1,2,2,1.530143,5.435113,0.41474015,1.8704746008716648,0.258283102573169,0.0883536064897082,0.0563085906391585,,,,,,fod2fixel,0.3990345356357878,1.1421850612192208,0.3263865435102918
370,185,0,2,2,1.3361951,3.4166384,0.9659616,1.8050838829671425,0.2741418475824777,0.9411835752357004,0.9999939010474516,,,,,,fod2fixel,0.613846568113265,3.1406592021690467,0.024778024764299578
371,185,1,2,2,0.9712667,5.383454,0.034038454,2.281264532934851,2.71954722644776,0.0588164247642996,0.2276992351790784,,,,,,fod2fixel,0.613846568113265,2.7486738731073515,0.0247779707642996
372,186,0,2,2,0.52578676,1.3063129,0.98203653,0.5259663517604777,1.3076419052006352,0.9577371082974326,0.9999966589457028,,,,,,fod2fixel,0.5615339117367046,0.0006908730398485851,0.02429942170256738
373,186,1,2,2,1.0132154,0.20475604,0.017963493,1.0329249061139911,5.977567328800948,0.0422628917025673,0.1230711645277066,,,,,,fod2fixel,0.5615339117367046,0.43483773852257585,0.0242993987025673
374,187,0,2,2,0.7554567,3.4365833,0.8292814,2.384398396979032,0.268175058167331,0.8809375363528734,0.9976102074770024,,,,,,fod2fixel,0.7088152359307341,3.123108817536698,0.05165613635287347
375,187,1,2,2,1.0210177,2.5880182,0.17071863,1.2358995435479887,2.321302397573525,0.1190624636471265,0.4200202643844659,,,,,,fod2fixel,0.7088152359307341,0.3222394758208609,0.05165616635287351
376,188,0,2,2,0.72305834,1.2835982,0.99548054,0.7230920919156522,1.2839329975753495,0.9061882186546169,0.9999996484561646,,,,,,fod2fixel,0.961467046085215,0.0002240897856877183,0.08929232134538312
377,188,1,2,2,1.5049318,2.0334594,0.0045194374,1.6023025007442724,2.075919111182434,0.0938117813453832,0.9229344437142654,,,,,,fod2fixel,0.961467046085215,0.10621639633587836,0.0892923439453832
378,189,0,2,2,0.72366047,4.6509695,0.81736237,0.7234539545268535,4.647171850795862,0.8247291459374022,0.9999554517420794,,,,,,fod2fixel,0.8905867118542632,0.002522718240111034,0.0073667759374022035
379,189,1,2,2,1.4186612,3.0063674,0.18263763,1.857554330689099,6.27561673123536,0.1752708540625978,0.7812179719664469,,,,,,fod2fixel,0.8905867118542632,2.958236926015236,0.0073667759374022035
380,190,0,2,2,1.3208771,3.0728374,0.79405844,1.8011560811622265,6.2007034527046185,0.9638189595390938,0.9960824692711518,,,,,,fod2fixel,0.5262209579322983,3.117921418626448,0.16976051953909377
381,190,1,2,2,1.4186612,3.0063674,0.20594157,1.1065029117714498,1.8423316737845288,0.0361810404609061,0.0563594465934448,,,,,,fod2fixel,0.5262209579322983,1.140071125209103,0.16976052953909387
382,191,0,2,2,1.2247206,0.3525992,0.71818537,1.2198586845439754,0.3519946619069403,0.7335859630265439,0.9998322813965848,,,,,,fod2fixel,0.9513082834699333,0.004895004305608836,0.01540059302654384
383,191,1,2,2,1.0630141,3.627759,0.2818146,2.196369774814478,0.5113775767265945,0.2664140369734561,0.902784285543282,,,,,,fod2fixel,0.9513082834699333,3.0219012289642704,0.015400563026543912
384,192,0,2,2,0.75932765,2.2798676,0.7935579,0.7628072123690679,2.250693631476332,0.8501048207623599,0.9970839722049928,,,,,,fod2fixel,0.7981778219805703,0.020419366947380793,0.0565469207623599
385,192,1,2,2,1.091808,1.4354419,0.2064421,1.266410054698057,1.230868256642014,0.1498951792376401,0.5992716717561478,,,,,,fod2fixel,0.7981778219805703,0.2570632025774014,0.0565469207623599
386,193,0,2,2,0.7995395,1.0422398,0.5286617,0.7661048563662304,1.038055698215955,0.6055652979246174,0.992133161483416,,,,,,fod2fixel,0.971233832392011,0.03356457023731418,0.07690359792461743
387,193,1,2,2,0.19273965,1.9259298,0.47133827,0.1836094214102267,2.3810231907286594,0.3944347020753825,0.950334503300606,,,,,,fod2fixel,0.971233832392011,0.08489263402563285,0.0769035679246175
388,194,0,2,2,0.41257334,0.0,0.6790345,0.5500897017527834,0.1464265202816366,0.9085454766774164,0.8442239065212059,,,,,,fod2fixel,0.45022318521425564,0.1530124540387928,0.22951097667741638
389,194,1,2,2,0.91356677,0.32818297,0.3209655,1.7796028040519465,2.278256568274277,0.0914545233225834,0.0562224639073053,,,,,,fod2fixel,0.45022318521425564,1.9969759798870248,0.2295109766774166
390,195,0,2,2,0.59685063,1.3801663,0.60958785,0.6063267785077181,1.3799413013203496,0.6030980274178122,0.9993714275848226,,,,,,fod2fixel,0.9974372768749692,0.00947700399829867,0.0064898225821878874
391,195,1,2,2,1.3048053,4.5432014,0.39041212,1.811427492640365,1.401166912249071,0.3969019725821878,0.9955031261651158,,,,,,fod2fixel,0.9974372768749692,3.116229185919818,0.006489852582187816
392,196,0,2,2,0.8544683,4.349996,0.6608632,2.283221533776261,1.200531346895889,0.6498062400063023,0.9996458165181646,,,,,,fod2fixel,0.9967404330471311,3.134479126239414,0.011056959993697713
393,196,1,2,2,1.4076132,0.269661,0.33913675,1.4305927815582518,0.2887037784216462,0.3501937599936978,0.9938350495760976,,,,,,fod2fixel,0.9967404330471311,0.029705068317017583,0.011057009993697797
394,197,0,2,2,0.7306707,1.3882595,0.679525,0.7325381365480599,1.4011953429412272,0.6674569604179978,0.9994529021957944,,,,,,fod2fixel,0.9935162592820428,0.008841401487205391,0.012068039582002199
395,197,1,2,2,1.4922565,2.5880182,0.320475,1.4602581316015002,2.5603743488565254,0.3325430395820021,0.9875796163682912,,,,,,fod2fixel,0.9935162592820428,0.04220428456827743,0.012068039582002088
396,198,0,2,2,1.307886,2.03681,0.9361122,1.3061636466639386,2.038275225261602,0.8696400942597292,0.9999652266309274,,,,,,fod2fixel,0.9478384931151862,0.002228777074025514,0.06647210574027074
397,198,1,2,2,1.019126,4.6201324,0.06388778,2.200391664914588,1.3621446395878694,0.1303599057402708,0.8957117595994449,,,,,,fod2fixel,0.9478384931151862,3.0174787899563604,0.06647212574027078
398,199,0,2,2,0.12933698,1.0271963,0.93954736,0.1369205912690257,1.009871475262227,0.919193030885468,0.999560494851808,,,,,,fod2fixel,0.5067297156578386,0.007924332458769072,0.020354329114532055
399,199,1,2,2,0.710654,0.76974565,0.06045265,2.0074049768114888,2.712012832391131,0.0808069691145321,0.0138989364638694,,,,,,fod2fixel,0.5067297156578386,2.1354001508601392,0.020354319114532102
400,200,0,2,2,0.65565425,4.355456,0.50923383,0.6712840257079671,4.375567032668019,0.5086542667006988,0.9972187105044644,,,,,,fod2fixel,0.99706577570542,0.01994160766127854,0.0005795632993012001
401,200,1,2,2,0.6384576,2.369884,0.49076614,0.6544899032290671,2.3473385149696444,0.4913457332993012,0.9969128409063756,,,,,,fod2fixel,0.99706577570542,0.021010578535190606,0.0005795932993011843
402,201,0,2,2,0.7827609,4.59789,0.92132556,0.7848755598507773,4.596571014169896,0.856496323295625,0.9999626296010083,,,,,,fod2fixel,0.9869596579544957,0.0023106055677531608,0.06482923670437502
403,201,1,2,2,0.4963124,0.25421822,0.07867446,0.5349073746343926,0.3507516548124366,0.1435036767043749,0.973956686307983,,,,,,fod2fixel,0.9869596579544957,0.06124408130838989,0.06482921670437489
404,202,0,2,2,0.86770654,3.8798122,0.9077771,2.275890564764715,0.7364590420014058,0.8707213272905113,0.9999592712129652,,,,,,fod2fixel,0.8344559176312767,3.1391805177125045,0.03705577270948868
405,202,1,2,2,0.72366047,1.6322156,0.092222944,0.5586873272567079,1.9035312159280515,0.1292786727094886,0.6689525640495882,,,,,,fod2fixel,0.8344559176312767,0.23036261586096893,0.03705572870948859
406,203,0,2,2,0.3349322,0.92016095,0.56448525,0.3335686483007662,0.9592690636434138,0.5606337199338016,0.9988353046396587,,,,,,fod2fixel,0.997613293699757,0.012901357836681535,0.0038515300661984275
407,203,1,2,2,1.2223531,2.5132859,0.43551472,1.2010981743896794,2.5047182788182485,0.4393662800661984,0.9963912827598552,,,,,,fod2fixel,0.997613293699757,0.022718014670034373,0.0038515600661983562
408,204,0,2,2,1.296752,5.937796,0.7472099,1.32307335745999,5.862816325197573,0.8653105505787501,0.9589503158367678,,,,,,fod2fixel,0.5039972019378423,0.07707272347050534,0.11810065057875008
409,204,1,2,2,1.449305,5.5519843,0.25279012,0.4134237894653717,5.095380677871125,0.1346894494212499,0.0490440880389168,,,,,,fod2fixel,0.5039972019378423,1.0827349810365656,0.1181006705787501
410,205,0,2,2,0.9462668,5.291475,0.56048644,2.283924127178593,2.382824591447002,0.9060098405158488,0.7366859191841815,,,,,,fod2fixel,0.3965400309405233,2.938792747031082,0.34552340051584873
411,205,1,2,2,0.78804016,5.89648,0.43951356,1.923186257126724,5.848442351581953,0.0939901594841511,0.0563941426968652,,,,,,fod2fixel,0.3965400309405233,1.1359926182141264,0.34552340051584896
412,206,0,2,2,1.3703629,1.3006282,0.677915,1.3668087773833903,1.298592162884493,0.7002506043737319,0.999883735520589,,,,,,fod2fixel,0.9615245768228877,0.004075539735463484,0.022335604373731832
413,206,1,2,2,1.0248133,4.896473,0.32208505,2.20322581669374,1.828834566386493,0.2997493956262682,0.9231654181251866,,,,,,fod2fixel,0.9615245768228877,3.03553957914027,0.022335654373731806
414,207,0,2,2,1.4090861,2.730789,0.67759156,1.7304585217220825,5.858027762199034,0.6705928189780888,0.9985659677507576,,,,,,fod2fixel,0.9890733323862596,3.127276429147912,0.006998741021911226
415,207,1,2,2,1.3722193,3.7552102,0.3224084,1.765221421003487,0.6687002460428552,0.3294071810219112,0.9795806970217616,,,,,,fod2fixel,0.9890733323862596,3.087410970132842,0.0069987810219112045
416,208,0,2,2,0.9200989,4.318702,0.7969696,2.22268700502494,1.178210279319447,0.7626614758628736,0.9999846688885132,,,,,,fod2fixel,0.9999367553846024,3.140112628280603,0.03430812413712636
417,208,1,2,2,1.2925252,0.4805259,0.20303039,1.2961709700734882,0.482198271632251,0.2373385241371264,0.9998888418806916,,,,,,fod2fixel,0.9999367553846024,0.003984985430023002,0.034308134137126384
418,209,0,2,2,0.2060244,2.9385536,0.7101289,0.2056962696132594,2.934404676623813,0.7368741919320217,0.9999942117671384,,,,,,fod2fixel,0.9434839695659822,0.0009093437358937913,0.026745291932021797
419,209,1,2,2,0.710654,0.76974565,0.28987113,0.8367243151795406,0.727911328577198,0.2631258080679782,0.8869737273648259,,,,,,fod2fixel,0.9434839695659822,0.12939679461393544,0.02674532193202178
420,210,0,2,2,1.019126,1.4785396,0.86500275,1.022349633109159,1.517457132373558,0.9358531447339472,0.9922412601491324,,,,,,fod2fixel,0.4675657209214999,0.03333260445612823,0.07085039473394716
421,210,1,2,2,1.1120028,1.9631804,0.13499726,1.9181577239592629,0.7918497261190415,0.0641468552660527,-0.0571098183061326,,,,,,fod2fixel,0.4675657209214999,1.392737194159409,0.07085040473394731
422,211,0,2,2,0.64099085,5.946992,0.8769519,2.500034656125893,2.8046691134862365,0.8674780310879857,0.99999641293647,,,,,,fod2fixel,0.7888223302942213,3.1408767740381895,0.009473868912014294
423,211,1,2,2,1.3701209,5.549731,0.12304811,1.5231633652980243,2.3147186622996854,0.1325219689120142,0.5776482476519726,,,,,,fod2fixel,0.7888223302942213,2.8764741304182664,0.009473858912014202
424,212,0,2,2,0.9712667,2.241861,0.67209876,0.9694966001692576,2.208207279805746,0.745562390947466,0.9945899539321544,,,,,,fod2fixel,0.9158125228012755,0.027823667237311552,0.073463630947466
425,212,1,2,2,1.0992529,1.3464079,0.32790127,1.1637168241691715,1.1885249197329617,0.254437609052534,0.8370350916703964,,,,,,fod2fixel,0.9158125228012755,0.15669725730264933,0.07346366094746604
426,213,0,2,2,0.79132,0.0,0.8572101,0.7937209151499514,6.276403947101773,0.8188464395266309,0.999796416956291,,,,,,fod2fixel,0.9661168972959039,0.005393074137492512,0.03836366047336903
427,213,1,2,2,0.84618837,1.4082233,0.1427899,0.897252954794018,1.5195452506507603,0.181153560473369,0.9324373776355168,,,,,,fod2fixel,0.9661168972959039,0.09929904896660346,0.038363660473369005
428,214,0,2,2,0.79452795,3.2547553,0.67026865,2.3377590268733326,0.1195615416748602,0.6829092482917366,0.9992467480902196,,,,,,fod2fixel,0.97098064354878,3.1312180595392687,0.012640598291736582
429,214,1,2,2,0.34598398,1.5707964,0.32973135,0.3917136301040012,1.3508821785984968,0.3170907517082633,0.9427145390073404,,,,,,fod2fixel,0.97098064354878,0.09128406852828296,0.012640598291736693
430,215,0,2,2,0.72305834,4.999587,0.97458035,2.418815768949828,1.85688245698136,0.8938456891720741,0.999995657335258,,,,,,fod2fixel,0.8999498785841916,3.140805048097898,0.08073466082792591
431,215,1,2,2,0.8549161,2.980336,0.025419679,2.3921674788954066,0.0330637492703642,0.1061543108279258,0.7999040998331253,,,,,,fod2fixel,0.8999498785841916,2.9668266509941104,0.0807346318279258
432,216,0,2,2,0.41518077,1.5707964,0.87237364,0.4147575455644204,1.5763168552152107,0.8653893182919105,0.9999640720699132,,,,,,fod2fixel,0.8205026208889544,0.002265516146286168,0.0069843217080894915
433,216,1,2,2,1.3778208,3.3450828,0.12762639,1.982262941365429,0.0961465231739236,0.1346106817080895,0.6410411697079956,,,,,,fod2fixel,0.8205026208889544,2.900376439592597,0.006984291708089507
434,217,0,2,2,0.23561946,2.5880182,0.56296235,0.2173831373400412,2.5680138011963427,0.559977087981344,0.9975329025504116,,,,,,fod2fixel,0.9954358705765254,0.018780632138605487,0.0029852620186558987
435,217,1,2,2,1.121992,5.990568,0.43703762,1.0911617585593327,5.992524407425732,0.440022912018656,0.993338838602639,,,,,,fod2fixel,0.9954358705765254,0.03087982568982669,0.002985292018655994
436,218,0,2,2,1.1743016,4.45066,0.50333846,1.9951829022262968,1.30532407767555,0.5037014012040584,0.9944812855051084,,,,,,fod2fixel,0.9942612739023734,3.113490425970759,0.0003629412040583313
437,218,1,2,2,0.96290207,1.4252161,0.4966615,0.933951733983728,1.4299354668635436,0.4962985987959416,0.9940412622996384,,,,,,fod2fixel,0.9942612739023734,0.02920312642579583,0.00036290120405835236
438,219,0,2,2,0.5302741,5.2520604,0.6214109,0.5425266334342397,5.257422659802508,0.6147140689870108,0.9988969432875426,,,,,,fod2fixel,0.9950507536904065,0.012555207250520152,0.006696831012989235
439,219,1,2,2,1.3398488,2.3331926,0.37858906,1.3750975229082596,2.328918104549868,0.3852859310129893,0.9912045640932704,,,,,,fod2fixel,0.9950507536904065,0.03549539101297873,0.006696871012989325
440,220,0,2,2,1.2566371,5.729611,0.5740363,1.872682533254949,2.598807106494869,0.5699028813078304,0.99820671749374,,,,,,fod2fixel,0.9965360694718854,3.1255825356457576,0.004133418692169655
441,220,1,2,2,0.8245151,3.6149166,0.4259637,2.301464320181684,0.4433608388106951,0.4300971186921696,0.9948654214500308,,,,,,fod2fixel,0.9965360694718854,3.1144876515240654,0.004133418692169599
442,221,0,2,2,1.2935516,5.668422,0.9671752,1.8516932926013363,2.5328765435096474,0.9561971098233693,0.9996701248595348,,,,,,fod2fixel,0.5232252357087803,3.1347273366337354,0.010978090176630761
443,221,1,2,2,1.153343,5.9225984,0.03282482,0.244566600751549,4.732917788547447,0.0438028901766307,0.0467803465580258,,,,,,fod2fixel,0.5232252357087803,1.0750381205287889,0.010978070176630703
444,222,0,2,2,1.5301447,2.180383,0.9457412,1.5310751818857211,2.181248197121032,0.892137033833407,0.9999887074490724,,,,,,fod2fixel,0.8067853399941437,0.0012701001145365648,0.053604166166592915
445,222,1,2,2,0.89912957,1.5707964,0.054258812,0.7611319543862947,1.2843593598524998,0.107862966166593,0.613581972539215,,,,,,fod2fixel,0.8067853399941437,0.251680538781191,0.053604154166593
446,223,0,2,2,0.86736286,1.01902,0.5156518,0.8667854276327901,1.0470980572909925,0.5150411110909446,0.9967928751296944,,,,,,fod2fixel,0.9963696064557523,0.021415296722320905,0.0006106889090553569
447,223,1,2,2,1.3701209,2.408138,0.48434818,1.3550292554527623,2.388960179094587,0.4849588889090554,0.9959463377818104,,,,,,fod2fixel,0.9963696064557523,0.024079488144896594,0.0006107089090554019
448,224,0,2,2,0.84618837,1.4082233,0.8279716,0.8464574467266716,1.398064532573109,0.8538463727586991,0.9995944425250728,,,,,,fod2fixel,0.8081171497855094,0.007612120647661854,0.025874772758699094
449,224,1,2,2,1.0630141,0.4861664,0.17202841,1.2019265549354343,0.2555134630375354,0.1461536272413008,0.616639857045946,,,,,,fod2fixel,0.8081171497855094,0.2505244567198291,0.0258747827586992
450,225,0,2,2,0.9475288,3.5495524,0.97716075,2.194381217725856,0.4071828041363116,0.9423700656134686,0.9999965095252136,,,,,,fod2fixel,0.7350004223243273,3.140886529537603,0.034790684386531434
451,225,1,2,2,1.1294748,2.0483818,0.022839244,0.8263365587710286,2.0162042916219445,0.0576299343865314,0.4700043351234409,,,,,,fod2fixel,0.7350004223243273,0.3042892656862877,0.034790690386531396
452,226,0,2,2,1.0210177,0.5535744,0.50251937,1.0168666551468055,0.5873364618196261,0.5112732990172812,0.9941043109527592,,,,,,fod2fixel,0.9895537477355404,0.029047925469945505,0.008753929017281226
453,226,1,2,2,1.296752,5.937796,0.49748066,1.319734229113691,5.896062877149474,0.4887267009827187,0.9850031845183216,,,,,,fod2fixel,0.9895537477355404,0.04639404648846566,0.00875395901728132
454,227,0,2,2,1.1074132,3.5631444,0.8771896,2.0362107570190444,0.422531931448285,0.8679145101843887,0.9999657420578814,,,,,,fod2fixel,0.8069869006272016,3.139380363908983,0.009275089815611315
455,227,1,2,2,0.51855856,5.8717217,0.1228104,0.3633869936796782,5.397384114128323,0.1320854898156112,0.6140080591965218,,,,,,fod2fixel,0.8069869006272016,0.25151954293713996,0.00927508981561119
456,228,0,2,2,1.1294748,4.2348037,0.52764684,2.032944361601724,1.087183724716993,0.5263372379694338,0.9967612321622498,,,,,,fod2fixel,0.995832741849698,3.1200717896188706,0.0013096020305661815
457,228,1,2,2,0.3244638,1.9996618,0.47235316,0.3068265840022941,2.0655613025111617,0.4736627620305663,0.9949042515371463,,,,,,fod2fixel,0.995832741849698,0.02700212067985136,0.0013096020305662925
458,229,0,2,2,1.3710847,4.36833,0.7188343,1.7752221789810494,1.2295264353810411,0.7017418958661112,0.9997921869528964,,,,,,fod2fixel,0.9942957674159352,3.1361438380160687,0.017092404133888794
459,229,1,2,2,0.51615083,5.6101303,0.2811657,0.525661946898281,5.531895923112066,0.2982581041338887,0.988799347878974,,,,,,fod2fixel,0.9942957674159352,0.040070806182518404,0.017092404133888683
460,230,0,2,2,0.53582484,4.583233,0.980635,0.53559149559874,4.58347386320585,0.8916059738580447,0.9999995129477848,,,,,,fod2fixel,0.9982627095094811,0.0002637536355556093,0.08902902614195529
461,230,1,2,2,1.5049318,1.1081332,0.01936501,1.5269999910669776,1.1049932969675975,0.1083940261419552,0.9965259060711776,,,,,,fod2fixel,0.9982627095094811,0.022289774232385182,0.0890290161419552
462,231,0,2,2,0.9475288,2.7336328,0.879387,0.9491106389790548,2.7351555842512965,0.8310949374779679,0.999971770277436,,,,,,fod2fixel,0.9715002920934991,0.002008181737813208,0.04829206252203211
463,231,1,2,2,1.0650716,0.1505415,0.12061298,1.1488313856748338,0.1106649593658051,0.168905062522032,0.9430288139095622,,,,,,fod2fixel,0.9715002920934991,0.09102870728752077,0.048292082522032
464,232,0,2,2,0.4712389,3.695167,0.9793267,0.4727406144999307,3.69668447083862,0.9403535999167272,0.9999808825680404,,,,,,fod2fixel,0.4472379342626257,0.0016526197146903617,0.038973100083272816
465,232,1,2,2,1.110786,3.852537,0.020673301,1.7930041096244769,1.592460345166205,0.0596464000832727,-0.105505014042789,,,,,,fod2fixel,0.4472379342626257,2.2832598303535767,0.038973099083272705
466,233,0,2,2,1.0284797,3.5576322,0.69598925,2.122862571724725,0.4225646295492963,0.6833999587427846,0.9991175031806514,,,,,,fod2fixel,0.993619704471044,3.1303629789954273,0.012589291257215418
467,233,1,2,2,1.1791382,6.21173,0.30401075,1.1428277483748632,6.190343682249187,0.3166000412572154,0.9881219057614364,,,,,,fod2fixel,0.993619704471044,0.04126918193662648,0.012589291257215418
468,234,0,2,2,0.6384576,0.77170867,0.73648345,0.6398298005155658,0.7747329313424007,0.7102277044811142,0.9999640389399778,,,,,,fod2fixel,0.9995736268509964,0.0022665690992523285,0.026255745518885876
469,234,1,2,2,1.2392242,4.9268064,0.26351655,1.8933959470808317,1.7788596491848192,0.2897722955188859,0.999183214762015,,,,,,fod2fixel,0.9995736268509964,3.1307892991825685,0.026255745518885876
470,235,0,2,2,1.50476,1.9633567,0.69990706,1.511967452457757,1.9679254506692785,0.680930624883738,0.999490908532626,,,,,,fod2fixel,0.9964681833448605,0.008528745909051713,0.018976435116262014
471,235,1,2,2,0.6136997,0.07068824,0.30009297,0.6235285533797177,0.0206556619213982,0.319069375116262,0.9934454581570952,,,,,,fod2fixel,0.9964681833448605,0.03063116385618545,0.018976405116261974
472,236,0,2,2,1.3011353,4.712389,0.6276925,1.832356483858597,1.5767313495563215,0.6789657145746923,0.9993111996048296,,,,,,fod2fixel,0.9591180179353682,3.131671918591657,0.05127321457469236
473,236,1,2,2,1.17709,1.9889878,0.3723075,1.0865624029181336,2.056128478472174,0.3210342854253076,0.9189248362659068,,,,,,fod2fixel,0.9591180179353682,0.10901564316846467,0.051273214574692416
474,237,0,2,2,0.9712667,4.041324,0.9387616,2.1605762496491563,0.8928581626655689,0.9689724814735992,0.9991079435742252,,,,,,fod2fixel,0.5223696136622091,3.130302380280793,0.030210881473599183
475,237,1,2,2,1.1595315,3.9249787,0.06123843,1.1474567603549006,1.476148087682276,0.0310275185264006,0.0456312837501931,,,,,,fod2fixel,0.5223696136622091,2.0701174778410736,0.030210911473599403
476,238,0,2,2,0.89912957,4.712389,0.53889084,0.8996720422499923,4.711896302398534,0.5361334392660256,0.9999968984251538,,,,,,fod2fixel,0.9999772867828084,0.0006656475661976178,0.0027574007339743467
477,238,1,2,2,1.2173288,0.9882742,0.4611092,1.2195326860429525,0.9894361660711348,0.4638665607339743,0.999957675140463,,,,,,fod2fixel,0.9999772867828084,0.0024589558454348724,0.0027573607339743123
478,239,0,2,2,0.75932765,4.003318,0.9838101,2.3808428174207017,0.8611467175591548,0.9563668152798378,0.9999847299912944,,,,,,fod2fixel,0.5269696276612592,3.140115652549432,0.02744328472016222
479,239,1,2,2,1.3351768,3.695167,0.016189855,1.4368259493517677,1.603020324138042,0.0436331847201622,0.053954525331224,,,,,,fod2fixel,0.5269696276612592,2.0361842327507094,0.0274433297201622
480,240,0,2,2,0.74543303,2.6748571,0.9606279,0.7451831742622169,2.674883303578851,0.9496204941822128,0.9999995607920033,,,,,,fod2fixel,0.563310599231906,0.00025048693801190704,0.011007405817787141
481,240,1,2,2,0.9709534,4.9537225,0.039372094,0.5376105676241809,4.954104441553165,0.0503795058177871,0.1266216376718086,,,,,,fod2fixel,0.563310599231906,0.4333429057984697,0.011007411817787097
482,241,0,2,2,1.2399288,1.2039618,0.66197103,1.23703729863885,1.2149809197521289,0.6494041062913448,0.9991821980661016,,,,,,fod2fixel,0.9959110067997314,0.010810141484521113,0.012566923708655198
483,241,1,2,2,1.2580642,2.7239814,0.33802894,1.248522640169307,2.691319258576682,0.3505958937086551,0.9926398155333612,,,,,,fod2fixel,0.9959110067997314,0.03246322112182949,0.012566953708655126
484,242,0,2,2,1.4392166,1.0602366,0.87678194,1.4352637363596203,1.0609340058682628,0.825517619346857,0.9998872827460732,,,,,,fod2fixel,0.981094091362749,0.004012839533122396,0.051264320653143014
485,242,1,2,2,0.710654,3.9113383,0.12321806,2.4969027798884067,0.7168304803883911,0.1744823806531429,0.9623008999794248,,,,,,fod2fixel,0.981094091362749,3.0677715017622824,0.05126432065314289
486,243,0,2,2,1.1092144,6.209609,0.56915367,1.1187236423430134,6.189322441050131,0.579026762621414,0.9970494736399848,,,,,,fod2fixel,0.9868347872950347,0.02053992892115177,0.009873092621414004
487,243,1,2,2,0.9462668,0.99171066,0.4308463,0.9545593453648604,1.0622715473640976,0.420973237378586,0.9766201009500848,,,,,,fod2fixel,0.9868347872950347,0.05800366203647128,0.00987306262141402
488,244,0,2,2,0.98553395,2.503627,0.5331325,0.9772943920179666,2.5168687159616296,0.5309828672632294,0.998677156993088,,,,,,fod2fixel,0.9983334444886036,0.013749766708717462,0.0021496327367706014
489,244,1,2,2,0.9827457,4.3771815,0.4668675,2.1688837208902045,1.219114310372155,0.4690171327367706,0.9979897319841192,,,,,,fod2fixel,0.9983334444886036,3.124640981579456,0.0021496327367706014
490,245,0,2,2,0.5445955,2.2427905,0.73385584,0.4728739393455773,2.2825994069335804,0.9088949127549854,0.961831842432463,,,,,,fod2fixel,0.4978212645603656,0.0742845447380704,0.17503907275498531
491,245,1,2,2,0.23561946,2.5880182,0.26614413,1.238087161191149,1.0714499976865712,0.0911050872450147,0.0338106866882681,,,,,,fod2fixel,0.4978212645603656,1.2349800917557185,0.17503904275498527
492,246,0,2,2,0.23561946,5.729611,0.5752079,0.2486552771283982,5.743132842245608,0.6316975419221257,0.9987374326987648,,,,,,fod2fixel,0.9685274665526697,0.013432685733844872,0.05648964192212569
493,246,1,2,2,0.9942772,5.9422545,0.42479208,1.0888467405620723,5.949738672414936,0.3683024580778743,0.9383175004065748,,,,,,fod2fixel,0.9685274665526697,0.09478961054406174,0.0564896219221257
494,247,0,2,2,0.6879088,4.0139174,0.6820471,2.625086338165602,1.0299933461137305,0.9251405589883812,0.7597874366877225,,,,,,fod2fixel,0.40750205474686974,2.948717679759476,0.2430934589883812
495,247,1,2,2,0.2599898,5.2552176,0.3179529,1.7284830482588205,1.9242688978593017,0.0748594410116187,0.0552166728060169,,,,,,fod2fixel,0.40750205474686974,1.9835135206456864,0.24309345898838128
496,248,0,2,2,0.39158684,5.064584,0.898751,0.3948122919639539,5.053040369820568,0.8973621360621807,0.9997902637017632,,,,,,fod2fixel,0.6514786853231096,0.005474031939763033,0.0013888639378192291
497,248,1,2,2,0.9827457,4.3771815,0.10124897,1.8162106648540943,1.0982109579492492,0.1026378639378192,0.3031671069444559,,,,,,fod2fixel,0.6514786853231096,2.7769974657071947,0.0013888939378191995
498,249,0,2,2,1.3020546,4.627753,0.62757593,1.8287071100550167,1.4877868558065297,0.6200449364242535,0.999161790326346,,,,,,fod2fixel,0.9957822695245742,3.1306484496834353,0.007530993575746492
499,249,1,2,2,0.59685063,1.7614263,0.37242404,0.6286225557007492,1.7460228910049078,0.3799550635757465,0.9924027487228024,,,,,,fod2fixel,0.9957822695245742,0.03298306926962239,0.007531023575746476
500,250,0,3,3,1.2702893,5.457136,0.52114266,1.901022836015949,2.276446620980278,0.5832175829290471,0.9842253220769668,,,,,,fod2fixel,0.6796321724639457,3.0940048413777514,0.06207492292904715
501,250,1,3,3,0.74543303,2.6748571,0.34545162,0.7481255841993011,2.6735563855222924,0.3603500940948458,0.999943787223857,,,,,,fod2fixel,0.6796321724639457,0.002833814095436443,0.014898474094845793
502,250,2,3,3,0.9709534,4.9537225,0.13340572,0.5096805494802165,0.3627553683817249,0.056432322976107,0.0547274080910136,,,,,,fod2fixel,0.6796321724639457,1.110756101227646,0.076973397023893
503,251,0,3,3,1.4476854,3.4830668,0.52810794,1.7004435257429944,0.3452518991317702,0.5041559443273027,0.9996026798818292,,,,,,fod2fixel,0.5512593809508816,3.1340582332917237,0.023951995672697346
504,251,1,3,3,1.530108,5.551593,0.29977897,1.3648081809125208,2.3496889465370274,0.4372684035399011,0.6078106651924784,,,,,,fod2fixel,0.5512593809508816,2.887735940556467,0.13748943353990112
505,251,2,3,3,0.9462668,2.149882,0.17211312,1.9224590297982305,1.410961104382556,0.0585756521327961,0.0463647977783371,,,,,,fod2fixel,0.5512593809508816,1.2008616439348085,0.11353746786720391
506,252,0,3,3,0.7306707,1.3882595,0.52034056,0.7740710989024875,1.503834001526015,0.8724243860440398,0.9441958276882598,,,,,,fod2fixel,0.29764128149454583,0.09007471127452245,0.35208382604403987
507,252,1,3,3,0.83994687,1.6254524,0.45534655,0.4035469222450229,5.233046104545484,0.0594971742115907,0.0433132635007686,,,,,,fod2fixel,0.29764128149454583,1.2103762769556283,0.3958493757884093
508,252,2,3,3,0.2599898,1.0279676,0.024312895,1.8582325141099945,1.8477936355247928,0.0680784397443694,-0.0945852467053909,,,,,,fod2fixel,0.29764128149454583,1.6767461471259562,0.0437655447443694
509,253,0,3,3,1.4376104,4.4884377,0.88205075,1.7102882338070071,1.341827934440237,0.8103995684684114,0.999548765414014,,,,,,fod2fixel,0.6203902429486535,3.133563225855888,0.07165118153158856
510,253,1,3,3,0.9942772,0.34093064,0.08354233,1.0310914826560031,0.396961780475666,0.14239105509778,0.974902390433281,,,,,,fod2fixel,0.6203902429486535,0.06011286773744147,0.05884872509778
511,253,2,3,3,1.17709,4.2941976,0.03440691,2.131928700877387,0.2052966461674442,0.0472093764338085,-0.1132804270013344,,,,,,fod2fixel,0.6203902429486535,2.292486137576566,0.012802466433808501
512,254,0,3,3,1.2866695,4.1084647,0.5459797,1.854971092245382,0.9666236439009006,0.5465470786062627,0.9999995858801618,,,,,,fod2fixel,0.6117885535398486,3.141349440711233,0.0005673786062627695
513,254,1,3,3,0.68906546,6.0294347,0.3297564,2.3720358936741963,2.845986503680886,0.414675743380973,0.9500094631419878,,,,,,fod2fixel,0.6117885535398486,3.0564182512579032,0.08491934338097301
514,254,2,3,3,1.1074132,5.8616333,0.12426395,0.8549602273530108,1.534606095626214,0.0387771780127642,-0.1146433884026036,,,,,,fod2fixel,0.6117885535398486,1.5311771399424596,0.0854867719872358
515,255,0,3,3,1.3048053,1.7399837,0.60496897,1.2845483597087364,1.7293187565716086,0.6451898583477992,0.9963946542947416,,,,,,fod2fixel,0.8482253506459485,0.022707409018157577,0.04022088834779913
516,255,1,3,3,1.4090861,2.730789,0.23522107,1.6982514288836683,5.951845335964955,0.2451815880542023,0.9493216931882288,,,,,,fod2fixel,0.8482253506459485,3.0558249552468877,0.009960518054202283
517,255,2,3,3,0.59104544,2.0105636,0.15980996,0.3488762053580384,2.208223770830898,0.1096285535979985,0.598959704454875,,,,,,fod2fixel,0.8482253506459485,0.25718005582695447,0.0501814064020015
518,256,0,3,3,0.6002842,4.144542,0.45911598,0.574042346170599,4.3753665964229125,0.6290538635621915,0.8854130681019949,,,,,,fod2fixel,0.6284852651085604,0.13032110295573138,0.16993788356219153
519,256,1,3,3,1.3398488,5.4747853,0.29354808,1.8252563013343197,2.3171190359946445,0.3218621586071851,0.9944357945230992,,,,,,fod2fixel,0.6284852651085604,3.113374569423821,0.0283140786071851
520,256,2,3,3,0.65565425,5.069322,0.24733594,0.6346535454868719,1.9219392126632484,0.0490839778306234,0.0056069327005871,,,,,,fod2fixel,0.6284852651085604,1.2903014896911942,0.1982519621693766
521,257,0,3,3,0.15707964,5.729611,0.37754267,0.1612928423919301,5.56808052370853,0.3731901966289764,0.9953038028287452,,,,,,fod2fixel,0.9917011881004081,0.025920325836719788,0.004352473371023624
522,257,1,3,3,1.3208771,3.2103481,0.36895558,1.844316281064448,0.0622383155988617,0.3697822516096213,0.9958290496110752,,,,,,fod2fixel,0.9917011881004081,3.1171668142022444,0.0008266716096212989
523,257,2,3,3,0.89912957,1.5707964,0.25350174,0.9443429536609228,1.590928154563494,0.2570275517614023,0.9839707118614038,,,,,,fod2fixel,0.9917011881004081,0.04797233671921872,0.00352581176140232
524,258,0,3,3,1.0172219,4.712389,0.67940855,2.15394518211844,1.5434274550905638,0.7060569983077404,0.990183794594558,,,,,,fod2fixel,0.6735284098198714,3.104088064495883,0.02664844830774038
525,258,1,3,3,0.3977915,1.3996177,0.21358192,0.3589895104273595,1.3379413239645792,0.2369481711696023,0.9858988674775202,,,,,,fod2fixel,0.6735284098198714,0.044981092251708404,0.02336625116960228
526,258,2,3,3,0.7297539,4.208086,0.1070095,1.407597301109902,0.6547254317443607,0.0569948305226573,0.0445025673875361,,,,,,fod2fixel,0.6735284098198714,2.07343972600793,0.05001466947734269
527,259,0,3,3,0.6879088,0.8723247,0.72033197,0.6830694518244146,0.8671206049844361,0.7310720084765975,0.9997601073008296,,,,,,fod2fixel,0.6880334102262361,0.005854283499491065,0.010740038476597435
528,259,1,3,3,0.5497787,5.729611,0.17161892,2.46741860307104,2.2643355515264685,0.1444554499129516,0.688608153582408,,,,,,fod2fixel,0.6880334102262361,2.9190299057857794,0.02716347008704842
529,259,2,3,3,1.2247206,2.7889934,0.1080491,0.8955513053368956,2.699341421327242,0.1244725416104509,0.3757319697954705,,,,,,fod2fixel,0.6880334102262361,0.33817317266075436,0.01642344161045091
530,260,0,3,3,1.2702893,5.457136,0.52114266,1.901022836015949,2.276446620980278,0.5832175829290471,0.9842253220769668,,,,,,fod2fixel,0.6796321724639457,3.0940048413777514,0.06207492292904715
531,260,1,3,3,0.74543303,2.6748571,0.34545162,0.7481255841993011,2.6735563855222924,0.3603500940948458,0.999943787223857,,,,,,fod2fixel,0.6796321724639457,0.002833814095436443,0.014898474094845793
532,260,2,3,3,0.9709534,4.9537225,0.13340572,0.5096805494802165,0.3627553683817249,0.056432322976107,0.0547274080910136,,,,,,fod2fixel,0.6796321724639457,1.110756101227646,0.076973397023893
533,261,0,3,3,1.4476854,3.4830668,0.52810794,1.7004435257429944,0.3452518991317702,0.5041559443273027,0.9996026798818292,,,,,,fod2fixel,0.5512593809508816,3.1340582332917237,0.023951995672697346
534,261,1,3,3,1.530108,5.551593,0.29977897,1.3648081809125208,2.3496889465370274,0.4372684035399011,0.6078106651924784,,,,,,fod2fixel,0.5512593809508816,2.887735940556467,0.13748943353990112
535,261,2,3,3,0.9462668,2.149882,0.17211312,1.9224590297982305,1.410961104382556,0.0585756521327961,0.0463647977783371,,,,,,fod2fixel,0.5512593809508816,1.2008616439348085,0.11353746786720391
536,262,0,3,3,0.7306707,1.3882595,0.52034056,0.7740710989024875,1.503834001526015,0.8724243860440398,0.9441958276882598,,,,,,fod2fixel,0.29764128149454583,0.09007471127452245,0.35208382604403987
537,262,1,3,3,0.83994687,1.6254524,0.45534655,0.4035469222450229,5.233046104545484,0.0594971742115907,0.0433132635007686,,,,,,fod2fixel,0.29764128149454583,1.2103762769556283,0.3958493757884093
538,262,2,3,3,0.2599898,1.0279676,0.024312895,1.8582325141099945,1.8477936355247928,0.0680784397443694,-0.0945852467053909,,,,,,fod2fixel,0.29764128149454583,1.6767461471259562,0.0437655447443694
539,263,0,3,3,1.4376104,4.4884377,0.88205075,1.7102882338070071,1.341827934440237,0.8103995684684114,0.999548765414014,,,,,,fod2fixel,0.6203902429486535,3.133563225855888,0.07165118153158856
540,263,1,3,3,0.9942772,0.34093064,0.08354233,1.0310914826560031,0.396961780475666,0.14239105509778,0.974902390433281,,,,,,fod2fixel,0.6203902429486535,0.06011286773744147,0.05884872509778
541,263,2,3,3,1.17709,4.2941976,0.03440691,2.131928700877387,0.2052966461674442,0.0472093764338085,-0.1132804270013344,,,,,,fod2fixel,0.6203902429486535,2.292486137576566,0.012802466433808501
542,264,0,3,3,1.2566371,0.5535744,0.4995555,1.2582565418338274,0.6739818814655989,0.8822241746431231,0.9107251052200896,,,,,,fod2fixel,0.3285263629546609,0.11454926027261914,0.3826686746431231
543,264,1,3,3,1.50476,1.1782359,0.2758402,0.464959215976306,1.815193175812808,0.0589113927379879,0.0563788901719327,,,,,,fod2fixel,0.3285263629546609,1.1388278963563967,0.21692880726201208
544,264,2,3,3,1.0132154,0.20475604,0.22460432,2.27884507593619,0.1422222098693402,0.0588644326188889,0.0184750934719605,,,,,,fod2fixel,0.3285263629546609,1.2669503235803874,0.1657398873811111
545,265,0,3,3,0.7393803,3.322433,0.50595164,2.4044604844606194,0.1761544117714028,0.5027436809226051,0.9998950074414896,,,,,,fod2fixel,0.6144522512748746,3.137719741755768,0.0032079590773949063
546,265,1,3,3,1.3902206,6.2154284,0.24803445,1.2731467999863684,6.08050953336185,0.4386166692832314,0.7979449329575182,,,,,,fod2fixel,0.6144522512748746,0.17568066103830318,0.1905822192832314
547,265,2,3,3,1.153343,5.9225984,0.24601392,0.4720856362089916,0.9222787548011894,0.0586396497941634,0.0455168134256159,,,,,,fod2fixel,0.6144522512748746,1.0711307177321594,0.1873742702058366
548,266,0,3,3,0.59685063,4.903019,0.70637816,0.5892252596787892,4.902263131054313,0.6678999757076498,0.999591778301166,,,,,,fod2fixel,0.9674037989929717,0.0076370624803357035,0.03847818429235017
549,266,1,3,3,0.79215926,1.9996316,0.18482381,0.682370830123852,2.033089059731548,0.1932729353313562,0.9144612580716928,,,,,,fod2fixel,0.9674037989929717,0.1120581027212803,0.008449125331356194
550,266,2,3,3,1.5047058,1.2477354,0.108798,1.51904236981068,1.2090368010054842,0.1388270889609938,0.9881583606060562,,,,,,fod2fixel,0.9674037989929717,0.041205569860623285,0.030029088960993794
551,267,0,3,3,0.6136997,3.0709045,0.62924266,2.532110055988037,6.22787827563437,0.5884669226940845,0.999329710937058,,,,,,fod2fixel,0.9774901866525684,3.1318061525551855,0.04077573730591544
552,267,1,3,3,1.4884609,6.149262,0.19661519,1.4406569252577834,6.145534023125399,0.2177802820578859,0.9839872587789386,,,,,,fod2fixel,0.9774901866525684,0.04794745915497409,0.021165092057885915
553,267,2,3,3,0.83994687,1.5161402,0.17414212,0.9126939142850148,1.4566170938670129,0.1937527952480295,0.9491535902417082,,,,,,fod2fixel,0.9774901866525684,0.08591217126325126,0.01961067524802948
554,268,0,3,3,1.5040054,4.7537413,0.8632888,1.6375611517265136,1.6075350114587283,0.791692095091306,0.9998516683983908,,,,,,fod2fixel,0.5614569805458582,3.1369892275898046,0.07159670490869396
555,268,1,3,3,1.3778208,3.3450828,0.13224226,1.7697083725606817,0.3887702070548859,0.144659462040748,0.7846022116188031,,,,,,fod2fixel,0.5614569805458582,2.9597712898262976,0.012417202040748004
556,268,2,3,3,1.371135,1.3738586,0.0044689314,2.2941710676021416,2.635747766024596,0.0636484428679459,-0.1000829383796192,,,,,,fod2fixel,0.5614569805458582,1.4785915971456485,0.059179511467945894
557,269,0,3,3,1.50476,1.1782359,0.53537005,1.5230193600185074,1.17657783131733,0.5710109288570793,0.9976487091193826,,,,,,fod2fixel,0.6397688824677191,0.018334242549892136,0.03564087885707923
558,269,1,3,3,0.9187362,4.4094954,0.4431812,2.3042022072498014,1.2917287780198703,0.3685276098083541,0.9520589331556036,,,,,,fod2fixel,0.6397688824677191,3.0582098019661874,0.07465359019164591
559,269,2,3,3,0.9030912,0.4785392,0.021448778,1.590996686632678,2.316356412261883,0.0604614613345666,-0.0304009948718289,,,,,,fod2fixel,0.6397688824677191,1.7922608203675352,0.039012683334566596
560,270,0,3,3,0.15707964,5.729611,0.70709,0.1570616296501444,5.729006988594573,0.6966022811947574,0.9999999352576608,,,,,,fod2fixel,0.7335880111606942,9.618408452111562e-05,0.010487718805242574
561,270,1,3,3,0.7306707,1.7533331,0.22252071,0.8920438152148448,1.7835515531702577,0.1923159868047232,0.8247510047322772,,,,,,fod2fixel,0.7335880111606942,0.162842468217232,0.03020472319527681
562,270,2,3,3,1.5049318,2.0334594,0.07038929,1.841840029862765,2.0617703176232016,0.1110817320005192,0.3760130934921444,,,,,,fod2fixel,0.7335880111606942,0.3380717376210217,0.040692442000519205
563,271,0,3,3,0.7393803,0.18084033,0.5877128,0.7188863021115787,0.2035300845212981,0.625408855091473,0.9954671009956806,,,,,,fod2fixel,0.6230011052365992,0.025465024140492905,0.037696055091473
564,271,1,3,3,1.5041426,4.531407,0.3064924,1.6073905654210114,1.3717347132171822,0.3310961773895841,0.9914160914753868,,,,,,fod2fixel,0.6230011052365992,3.1065277018236293,0.02460377738958408
565,271,2,3,3,0.15707964,0.5535744,0.105794795,1.519243391877718,2.517577398738859,0.0434949675189428,-0.1178798767612697,,,,,,fod2fixel,0.6230011052365992,1.5797593673331132,0.062299827481057196
566,272,0,3,3,0.2060244,6.0801463,0.5309879,0.2220344374812751,6.194685382904906,0.5700222898016171,0.9940836804478416,,,,,,fod2fixel,0.6622041729020369,0.029098805985764985,0.03903438980161711
567,272,1,3,3,0.8244284,0.64940786,0.41243738,0.9151879415553844,0.6624297362522862,0.3684761256407667,0.9426920272545926,,,,,,fod2fixel,0.6622041729020369,0.09130230299297666,0.043961254359233315
568,272,2,3,3,0.863938,0.5535744,0.056574695,1.812578254441144,2.5588761219144107,0.0615015845576161,0.0498368110036766,,,,,,fod2fixel,0.6622041729020369,2.0558890481158194,0.004926889557616096
569,273,0,3,3,0.59678394,2.7132165,0.47693166,0.6032973026715137,2.8439785782594558,0.6874363398665869,0.9620308993770418,,,,,,fod2fixel,0.347200527010312,0.07408825583031056,0.21050467986658694
570,273,1,3,3,0.6136997,3.0709045,0.28018478,1.3303293559348106,5.999827807117825,0.2523389890833238,0.0430795930518743,,,,,,fod2fixel,0.347200527010312,1.9305315740763853,0.027845790916676216
571,273,2,3,3,1.2647837,6.002568,0.24288356,0.7344343226125115,4.877869455600763,0.0602246710500892,0.03649108860202,,,,,,fod2fixel,0.347200527010312,1.047997338938591,0.1826588889499108
572,274,0,3,3,0.7325137,3.0807288,0.733638,2.407869956214977,6.223905282980275,0.7096399155472844,0.9999819050546253,,,,,,fod2fixel,0.6048314553524657,3.1399848521786327,0.023998084452715562
573,274,1,3,3,0.48437756,1.5707964,0.19157138,0.5547789657080103,1.2052671214877928,0.2316963826567428,0.7581237920254884,,,,,,fod2fixel,0.6048314553524657,0.19360072495942512,0.04012500265674279
574,274,2,3,3,0.5302741,1.031125,0.074790604,0.7118138845158529,4.969618116828661,0.0586637017959727,0.0563886689772837,,,,,,fod2fixel,0.6048314553524657,1.1348292122790382,0.016126902204027294
575,275,0,3,3,1.1595315,3.9249787,0.57044554,1.972019065203734,0.7840852976664535,0.5729174228521223,0.9992913591757512,,,,,,fod2fixel,0.8969291489370216,3.131530042852482,0.002471882852122298
576,275,1,3,3,0.4963124,0.25421822,0.28026816,0.4772808287548602,0.2701816202547542,0.3192856973245452,0.9970770265030604,,,,,,fod2fixel,0.8969291489370216,0.02044371750241595,0.039017537324545215
577,275,2,3,3,0.269661,3.1415927,0.14928629,0.4348734478781983,2.704831048175466,0.1077968798233324,0.6944190611322535,,,,,,fod2fixel,0.8969291489370216,0.2202287417721138,0.04148941017666759
578,276,0,3,3,1.0650716,6.1326437,0.51521736,1.0656957864312768,6.147426034444395,0.5126864491970988,0.9988266547812216,,,,,,fod2fixel,0.9401564202338443,0.012949194085069931,0.002530910802901132
579,276,1,3,3,1.4386635,1.1306436,0.36155894,1.4323232290011796,1.1013372794585543,0.376025522267506,0.9938278287171608,,,,,,fod2fixel,0.9401564202338443,0.02972251719111836,0.014466582267506023
580,276,2,3,3,1.0995574,3.695167,0.12322371,2.116635195324575,0.3896913934722993,0.1112880285353951,0.8278147772031507,,,,,,fod2fixel,0.9401564202338443,2.9802660100376652,0.0119356814646049
581,277,0,3,3,1.4884609,6.149262,0.40918416,1.551846346914144,6.1563064548289415,0.3527349097088717,0.97177945294214,,,,,,fod2fixel,0.9845133910160176,0.06377456672397888,0.056449250291128295
582,277,1,3,3,0.9075959,6.1801047,0.33342913,0.9486343001591672,6.177846424060333,0.3658862234934949,0.9882311745161592,,,,,,fod2fixel,0.9845133910160176,0.04107818093141951,0.032457093493494904
583,277,2,3,3,0.41219375,3.992655,0.2573867,0.4253438067525832,3.9251411955301503,0.2813788667976333,0.993529545589754,,,,,,fod2fixel,0.9845133910160176,0.030433641798082958,0.023992166797633274
584,278,0,3,3,1.4901359,0.79132,0.79568577,1.490432193780229,0.791563236654569,0.7255222237385291,0.9999989741220208,,,,,,fod2fixel,0.609524638039867,0.0003828464271993572,0.07016354626147081
585,278,1,3,3,1.3361951,2.866547,0.1360513,1.8599895195643408,5.970957866481429,0.2047230322003078,0.970387360083126,,,,,,fod2fixel,0.609524638039867,3.0762497728256157,0.06867173220030781
586,278,2,3,3,1.0995574,2.5880182,0.06826296,0.6370539918471941,1.6711157223107598,0.069754744061163,-0.1418124200855458,,,,,,fod2fixel,0.609524638039867,0.8129915100727062,0.0014917840611630012
587,279,0,3,3,0.6879088,0.8723247,0.732396,0.6931375722503826,0.8601481938757535,0.7192590491818097,0.9993876882491028,,,,,,fod2fixel,0.7755506360073948,0.00935360535929725,0.01313695081819033
588,279,1,3,3,0.4374572,3.8345532,0.15747628,0.439927805094874,3.864885428441341,0.1935288359910203,0.9987958606309876,,,,,,fod2fixel,0.7755506360073948,0.013118099484096497,0.03605255599102031
589,279,2,3,3,1.134745,0.14586625,0.11012772,1.4654195490408306,0.0101596440722517,0.0872121148271699,0.3284683591420944,,,,,,fod2fixel,0.7755506360073948,0.3553175321921067,0.022915605172830103
590,280,0,3,3,1.2702893,5.457136,0.52114266,1.901022836015949,2.276446620980278,0.5832175829290471,0.9842253220769668,,,,,,fod2fixel,0.6796321724639457,3.0940048413777514,0.06207492292904715
591,280,1,3,3,0.74543303,2.6748571,0.34545162,0.7481255841993011,2.6735563855222924,0.3603500940948458,0.999943787223857,,,,,,fod2fixel,0.6796321724639457,0.002833814095436443,0.014898474094845793
592,280,2,3,3,0.9709534,4.9537225,0.13340572,0.5096805494802165,0.3627553683817249,0.056432322976107,0.0547274080910136,,,,,,fod2fixel,0.6796321724639457,1.110756101227646,0.076973397023893
593,281,0,3,3,1.4476854,3.4830668,0.52810794,1.7004435257429944,0.3452518991317702,0.5041559443273027,0.9996026798818292,,,,,,fod2fixel,0.5512593809508816,3.1340582332917237,0.023951995672697346
594,281,1,3,3,1.530108,5.551593,0.29977897,1.3648081809125208,2.3496889465370274,0.4372684035399011,0.6078106651924784,,,,,,fod2fixel,0.5512593809508816,2.887735940556467,0.13748943353990112
595,281,2,3,3,0.9462668,2.149882,0.17211312,1.9224590297982305,1.410961104382556,0.0585756521327961,0.0463647977783371,,,,,,fod2fixel,0.5512593809508816,1.2008616439348085,0.11353746786720391
596,282,0,3,3,0.7306707,1.3882595,0.52034056,0.7740710989024875,1.503834001526015,0.8724243860440398,0.9441958276882598,,,,,,fod2fixel,0.29764128149454583,0.09007471127452245,0.35208382604403987
597,282,1,3,3,0.83994687,1.6254524,0.45534655,0.4035469222450229,5.233046104545484,0.0594971742115907,0.0433132635007686,,,,,,fod2fixel,0.29764128149454583,1.2103762769556283,0.3958493757884093
598,282,2,3,3,0.2599898,1.0279676,0.024312895,1.8582325141099945,1.8477936355247928,0.0680784397443694,-0.0945852467053909,,,,,,fod2fixel,0.29764128149454583,1.6767461471259562,0.0437655447443694
599,283,0,3,3,1.4376104,4.4884377,0.88205075,1.7102882338070071,1.341827934440237,0.8103995684684114,0.999548765414014,,,,,,fod2fixel,0.6203902429486535,3.133563225855888,0.07165118153158856
600,283,1,3,3,0.9942772,0.34093064,0.08354233,1.0310914826560031,0.396961780475666,0.14239105509778,0.974902390433281,,,,,,fod2fixel,0.6203902429486535,0.06011286773744147,0.05884872509778
601,283,2,3,3,1.17709,4.2941976,0.03440691,2.131928700877387,0.2052966461674442,0.0472093764338085,-0.1132804270013344,,,,,,fod2fixel,0.6203902429486535,2.292486137576566,0.012802466433808501
602,284,0,3,3,1.2566371,0.5535744,0.4995555,1.2582565418338274,0.6739818814655989,0.8822241746431231,0.9107251052200896,,,,,,fod2fixel,0.3285263629546609,0.11454926027261914,0.3826686746431231
603,284,1,3,3,1.50476,1.1782359,0.2758402,0.464959215976306,1.815193175812808,0.0589113927379879,0.0563788901719327,,,,,,fod2fixel,0.3285263629546609,1.1388278963563967,0.21692880726201208
604,284,2,3,3,1.0132154,0.20475604,0.22460432,2.27884507593619,0.1422222098693402,0.0588644326188889,0.0184750934719605,,,,,,fod2fixel,0.3285263629546609,1.2669503235803874,0.1657398873811111
605,285,0,3,3,0.7393803,3.322433,0.50595164,2.4044604844606194,0.1761544117714028,0.5027436809226051,0.9998950074414896,,,,,,fod2fixel,0.6144522512748746,3.137719741755768,0.0032079590773949063
606,285,1,3,3,1.3902206,6.2154284,0.24803445,1.2731467999863684,6.08050953336185,0.4386166692832314,0.7979449329575182,,,,,,fod2fixel,0.6144522512748746,0.17568066103830318,0.1905822192832314
607,285,2,3,3,1.153343,5.9225984,0.24601392,0.4720856362089916,0.9222787548011894,0.0586396497941634,0.0455168134256159,,,,,,fod2fixel,0.6144522512748746,1.0711307177321594,0.1873742702058366
608,286,0,3,3,0.59685063,4.903019,0.70637816,0.5892252596787892,4.902263131054313,0.6678999757076498,0.999591778301166,,,,,,fod2fixel,0.9674037989929717,0.0076370624803357035,0.03847818429235017
609,286,1,3,3,0.79215926,1.9996316,0.18482381,0.682370830123852,2.033089059731548,0.1932729353313562,0.9144612580716928,,,,,,fod2fixel,0.9674037989929717,0.1120581027212803,0.008449125331356194
610,286,2,3,3,1.5047058,1.2477354,0.108798,1.51904236981068,1.2090368010054842,0.1388270889609938,0.9881583606060562,,,,,,fod2fixel,0.9674037989929717,0.041205569860623285,0.030029088960993794
611,287,0,3,3,0.6136997,3.0709045,0.62924266,2.532110055988037,6.22787827563437,0.5884669226940845,0.999329710937058,,,,,,fod2fixel,0.9774901866525684,3.1318061525551855,0.04077573730591544
612,287,1,3,3,1.4884609,6.149262,0.19661519,1.4406569252577834,6.145534023125399,0.2177802820578859,0.9839872587789386,,,,,,fod2fixel,0.9774901866525684,0.04794745915497409,0.021165092057885915
613,287,2,3,3,0.83994687,1.5161402,0.17414212,0.9126939142850148,1.4566170938670129,0.1937527952480295,0.9491535902417082,,,,,,fod2fixel,0.9774901866525684,0.08591217126325126,0.01961067524802948
614,288,0,3,3,1.5040054,4.7537413,0.8632888,1.6375611517265136,1.6075350114587283,0.791692095091306,0.9998516683983908,,,,,,fod2fixel,0.5614569805458582,3.1369892275898046,0.07159670490869396
615,288,1,3,3,1.3778208,3.3450828,0.13224226,1.7697083725606817,0.3887702070548859,0.144659462040748,0.7846022116188031,,,,,,fod2fixel,0.5614569805458582,2.9597712898262976,0.012417202040748004
616,288,2,3,3,1.371135,1.3738586,0.0044689314,2.2941710676021416,2.635747766024596,0.0636484428679459,-0.1000829383796192,,,,,,fod2fixel,0.5614569805458582,1.4785915971456485,0.059179511467945894
617,289,0,3,3,1.50476,1.1782359,0.53537005,1.5230193600185074,1.17657783131733,0.5710109288570793,0.9976487091193826,,,,,,fod2fixel,0.6397688824677191,0.018334242549892136,0.03564087885707923
618,289,1,3,3,0.9187362,4.4094954,0.4431812,2.3042022072498014,1.2917287780198703,0.3685276098083541,0.9520589331556036,,,,,,fod2fixel,0.6397688824677191,3.0582098019661874,0.07465359019164591
619,289,2,3,3,0.9030912,0.4785392,0.021448778,1.590996686632678,2.316356412261883,0.0604614613345666,-0.0304009948718289,,,,,,fod2fixel,0.6397688824677191,1.7922608203675352,0.039012683334566596
620,290,0,3,3,0.15707964,5.729611,0.70709,0.1570616296501444,5.729006988594573,0.6966022811947574,0.9999999352576608,,,,,,fod2fixel,0.7335880111606942,9.618408452111562e-05,0.010487718805242574
621,290,1,3,3,0.7306707,1.7533331,0.22252071,0.8920438152148448,1.7835515531702577,0.1923159868047232,0.8247510047322772,,,,,,fod2fixel,0.7335880111606942,0.162842468217232,0.03020472319527681
622,290,2,3,3,1.5049318,2.0334594,0.07038929,1.841840029862765,2.0617703176232016,0.1110817320005192,0.3760130934921444,,,,,,fod2fixel,0.7335880111606942,0.3380717376210217,0.040692442000519205
623,291,0,3,3,0.7393803,0.18084033,0.5877128,0.7188863021115787,0.2035300845212981,0.625408855091473,0.9954671009956806,,,,,,fod2fixel,0.6230011052365992,0.025465024140492905,0.037696055091473
624,291,1,3,3,1.5041426,4.531407,0.3064924,1.6073905654210114,1.3717347132171822,0.3310961773895841,0.9914160914753868,,,,,,fod2fixel,0.6230011052365992,3.1065277018236293,0.02460377738958408
625,291,2,3,3,0.15707964,0.5535744,0.105794795,1.519243391877718,2.517577398738859,0.0434949675189428,-0.1178798767612697,,,,,,fod2fixel,0.6230011052365992,1.5797593673331132,0.062299827481057196
626,292,0,3,3,0.2060244,6.0801463,0.5309879,0.2220344374812751,6.194685382904906,0.5700222898016171,0.9940836804478416,,,,,,fod2fixel,0.6622041729020369,0.029098805985764985,0.03903438980161711
627,292,1,3,3,0.8244284,0.64940786,0.41243738,0.9151879415553844,0.6624297362522862,0.3684761256407667,0.9426920272545926,,,,,,fod2fixel,0.6622041729020369,0.09130230299297666,0.043961254359233315
628,292,2,3,3,0.863938,0.5535744,0.056574695,1.812578254441144,2.5588761219144107,0.0615015845576161,0.0498368110036766,,,,,,fod2fixel,0.6622041729020369,2.0558890481158194,0.004926889557616096
629,293,0,3,3,0.59678394,2.7132165,0.47693166,0.6032973026715137,2.8439785782594558,0.6874363398665869,0.9620308993770418,,,,,,fod2fixel,0.347200527010312,0.07408825583031056,0.21050467986658694
630,293,1,3,3,0.6136997,3.0709045,0.28018478,1.3303293559348106,5.999827807117825,0.2523389890833238,0.0430795930518743,,,,,,fod2fixel,0.347200527010312,1.9305315740763853,0.027845790916676216
631,293,2,3,3,1.2647837,6.002568,0.24288356,0.7344343226125115,4.877869455600763,0.0602246710500892,0.03649108860202,,,,,,fod2fixel,0.347200527010312,1.047997338938591,0.1826588889499108
632,294,0,3,3,0.7325137,3.0807288,0.733638,2.407869956214977,6.223905282980275,0.7096399155472844,0.9999819050546253,,,,,,fod2fixel,0.6048314553524657,3.1399848521786327,0.023998084452715562
633,294,1,3,3,0.48437756,1.5707964,0.19157138,0.5547789657080103,1.2052671214877928,0.2316963826567428,0.7581237920254884,,,,,,fod2fixel,0.6048314553524657,0.19360072495942512,0.04012500265674279
634,294,2,3,3,0.5302741,1.031125,0.074790604,0.7118138845158529,4.969618116828661,0.0586637017959727,0.0563886689772837,,,,,,fod2fixel,0.6048314553524657,1.1348292122790382,0.016126902204027294
635,295,0,3,3,1.1595315,3.9249787,0.57044554,1.972019065203734,0.7840852976664535,0.5729174228521223,0.9992913591757512,,,,,,fod2fixel,0.8969291489370216,3.131530042852482,0.002471882852122298
636,295,1,3,3,0.4963124,0.25421822,0.28026816,0.4772808287548602,0.2701816202547542,0.3192856973245452,0.9970770265030604,,,,,,fod2fixel,0.8969291489370216,0.02044371750241595,0.039017537324545215
637,295,2,3,3,0.269661,3.1415927,0.14928629,0.4348734478781983,2.704831048175466,0.1077968798233324,0.6944190611322535,,,,,,fod2fixel,0.8969291489370216,0.2202287417721138,0.04148941017666759
638,296,0,3,3,1.0650716,6.1326437,0.51521736,1.0656957864312768,6.147426034444395,0.5126864491970988,0.9988266547812216,,,,,,fod2fixel,0.9401564202338443,0.012949194085069931,0.002530910802901132
639,296,1,3,3,1.4386635,1.1306436,0.36155894,1.4323232290011796,1.1013372794585543,0.376025522267506,0.9938278287171608,,,,,,fod2fixel,0.9401564202338443,0.02972251719111836,0.014466582267506023
640,296,2,3,3,1.0995574,3.695167,0.12322371,2.116635195324575,0.3896913934722993,0.1112880285353951,0.8278147772031507,,,,,,fod2fixel,0.9401564202338443,2.9802660100376652,0.0119356814646049
641,297,0,3,3,1.4884609,6.149262,0.40918416,1.551846346914144,6.1563064548289415,0.3527349097088717,0.97177945294214,,,,,,fod2fixel,0.9845133910160176,0.06377456672397888,0.056449250291128295
642,297,1,3,3,0.9075959,6.1801047,0.33342913,0.9486343001591672,6.177846424060333,0.3658862234934949,0.9882311745161592,,,,,,fod2fixel,0.9845133910160176,0.04107818093141951,0.032457093493494904
643,297,2,3,3,0.41219375,3.992655,0.2573867,0.4253438067525832,3.9251411955301503,0.2813788667976333,0.993529545589754,,,,,,fod2fixel,0.9845133910160176,0.030433641798082958,0.023992166797633274
644,298,0,3,3,1.4901359,0.79132,0.79568577,1.490432193780229,0.791563236654569,0.7255222237385291,0.9999989741220208,,,,,,fod2fixel,0.609524638039867,0.0003828464271993572,0.07016354626147081
645,298,1,3,3,1.3361951,2.866547,0.1360513,1.8599895195643408,5.970957866481429,0.2047230322003078,0.970387360083126,,,,,,fod2fixel,0.609524638039867,3.0762497728256157,0.06867173220030781
646,298,2,3,3,1.0995574,2.5880182,0.06826296,0.6370539918471941,1.6711157223107598,0.069754744061163,-0.1418124200855458,,,,,,fod2fixel,0.609524638039867,0.8129915100727062,0.0014917840611630012
647,299,0,3,3,0.6879088,0.8723247,0.732396,0.6931375722503826,0.8601481938757535,0.7192590491818097,0.9993876882491028,,,,,,fod2fixel,0.7755506360073948,0.00935360535929725,0.01313695081819033
648,299,1,3,3,0.4374572,3.8345532,0.15747628,0.439927805094874,3.864885428441341,0.1935288359910203,0.9987958606309876,,,,,,fod2fixel,0.7755506360073948,0.013118099484096497,0.03605255599102031
649,299,2,3,3,1.134745,0.14586625,0.11012772,1.4654195490408306,0.0101596440722517,0.0872121148271699,0.3284683591420944,,,,,,fod2fixel,0.7755506360073948,0.3553175321921067,0.022915605172830103
650,300,0,3,3,1.2702893,5.457136,0.52114266,1.901022836015949,2.276446620980278,0.5832175829290471,0.9842253220769668,,,,,,fod2fixel,0.6796321724639457,3.0940048413777514,0.06207492292904715
651,300,1,3,3,0.74543303,2.6748571,0.34545162,0.7481255841993011,2.6735563855222924,0.3603500940948458,0.999943787223857,,,,,,fod2fixel,0.6796321724639457,0.002833814095436443,0.014898474094845793
652,300,2,3,3,0.9709534,4.9537225,0.13340572,0.5096805494802165,0.3627553683817249,0.056432322976107,0.0547274080910136,,,,,,fod2fixel,0.6796321724639457,1.110756101227646,0.076973397023893
653,301,0,3,3,1.4476854,3.4830668,0.52810794,1.7004435257429944,0.3452518991317702,0.5041559443273027,0.9996026798818292,,,,,,fod2fixel,0.5512593809508816,3.1340582332917237,0.023951995672697346
654,301,1,3,3,1.530108,5.551593,0.29977897,1.3648081809125208,2.3496889465370274,0.4372684035399011,0.6078106651924784,,,,,,fod2fixel,0.5512593809508816,2.887735940556467,0.13748943353990112
655,301,2,3,3,0.9462668,2.149882,0.17211312,1.9224590297982305,1.410961104382556,0.0585756521327961,0.0463647977783371,,,,,,fod2fixel,0.5512593809508816,1.2008616439348085,0.11353746786720391
656,302,0,3,3,0.7306707,1.3882595,0.52034056,0.7740710989024875,1.503834001526015,0.8724243860440398,0.9441958276882598,,,,,,fod2fixel,0.29764128149454583,0.09007471127452245,0.35208382604403987
657,302,1,3,3,0.83994687,1.6254524,0.45534655,0.4035469222450229,5.233046104545484,0.0594971742115907,0.0433132635007686,,,,,,fod2fixel,0.29764128149454583,1.2103762769556283,0.3958493757884093
658,302,2,3,3,0.2599898,1.0279676,0.024312895,1.8582325141099945,1.8477936355247928,0.0680784397443694,-0.0945852467053909,,,,,,fod2fixel,0.29764128149454583,1.6767461471259562,0.0437655447443694
659,303,0,3,3,1.4376104,4.4884377,0.88205075,1.7102882338070071,1.341827934440237,0.8103995684684114,0.999548765414014,,,,,,fod2fixel,0.6203902429486535,3.133563225855888,0.07165118153158856
660,303,1,3,3,0.9942772,0.34093064,0.08354233,1.0310914826560031,0.396961780475666,0.14239105509778,0.974902390433281,,,,,,fod2fixel,0.6203902429486535,0.06011286773744147,0.05884872509778
661,303,2,3,3,1.17709,4.2941976,0.03440691,2.131928700877387,0.2052966461674442,0.0472093764338085,-0.1132804270013344,,,,,,fod2fixel,0.6203902429486535,2.292486137576566,0.012802466433808501
662,304,0,3,3,1.2866695,4.1084647,0.5459797,1.854971092245382,0.9666236439009006,0.5465470786062627,0.9999995858801618,,,,,,fod2fixel,0.6117885535398486,3.141349440711233,0.0005673786062627695
663,304,1,3,3,0.68906546,6.0294347,0.3297564,2.3720358936741963,2.845986503680886,0.414675743380973,0.9500094631419878,,,,,,fod2fixel,0.6117885535398486,3.0564182512579032,0.08491934338097301
664,304,2,3,3,1.1074132,5.8616333,0.12426395,0.8549602273530108,1.534606095626214,0.0387771780127642,-0.1146433884026036,,,,,,fod2fixel,0.6117885535398486,1.5311771399424596,0.0854867719872358
665,305,0,3,3,1.3048053,1.7399837,0.60496897,1.2845483597087364,1.7293187565716086,0.6451898583477992,0.9963946542947416,,,,,,fod2fixel,0.8482253506459485,0.022707409018157577,0.04022088834779913
666,305,1,3,3,1.4090861,2.730789,0.23522107,1.6982514288836683,5.951845335964955,0.2451815880542023,0.9493216931882288,,,,,,fod2fixel,0.8482253506459485,3.0558249552468877,0.009960518054202283
667,305,2,3,3,0.59104544,2.0105636,0.15980996,0.3488762053580384,2.208223770830898,0.1096285535979985,0.598959704454875,,,,,,fod2fixel,0.8482253506459485,0.25718005582695447,0.0501814064020015
668,306,0,3,3,0.6002842,4.144542,0.45911598,0.574042346170599,4.3753665964229125,0.6290538635621915,0.8854130681019949,,,,,,fod2fixel,0.6284852651085604,0.13032110295573138,0.16993788356219153
669,306,1,3,3,1.3398488,5.4747853,0.29354808,1.8252563013343197,2.3171190359946445,0.3218621586071851,0.9944357945230992,,,,,,fod2fixel,0.6284852651085604,3.113374569423821,0.0283140786071851
670,306,2,3,3,0.65565425,5.069322,0.24733594,0.6346535454868719,1.9219392126632484,0.0490839778306234,0.0056069327005871,,,,,,fod2fixel,0.6284852651085604,1.2903014896911942,0.1982519621693766
671,307,0,3,3,0.15707964,5.729611,0.37754267,0.1612928423919301,5.56808052370853,0.3731901966289764,0.9953038028287452,,,,,,fod2fixel,0.9917011881004081,0.025920325836719788,0.004352473371023624
672,307,1,3,3,1.3208771,3.2103481,0.36895558,1.844316281064448,0.0622383155988617,0.3697822516096213,0.9958290496110752,,,,,,fod2fixel,0.9917011881004081,3.1171668142022444,0.0008266716096212989
673,307,2,3,3,0.89912957,1.5707964,0.25350174,0.9443429536609228,1.590928154563494,0.2570275517614023,0.9839707118614038,,,,,,fod2fixel,0.9917011881004081,0.04797233671921872,0.00352581176140232
674,308,0,3,3,1.0172219,4.712389,0.67940855,2.15394518211844,1.5434274550905638,0.7060569983077404,0.990183794594558,,,,,,fod2fixel,0.6735284098198714,3.104088064495883,0.02664844830774038
675,308,1,3,3,0.3977915,1.3996177,0.21358192,0.3589895104273595,1.3379413239645792,0.2369481711696023,0.9858988674775202,,,,,,fod2fixel,0.6735284098198714,0.044981092251708404,0.02336625116960228
676,308,2,3,3,0.7297539,4.208086,0.1070095,1.407597301109902,0.6547254317443607,0.0569948305226573,0.0445025673875361,,,,,,fod2fixel,0.6735284098198714,2.07343972600793,0.05001466947734269
677,309,0,3,3,0.6879088,0.8723247,0.72033197,0.6830694518244146,0.8671206049844361,0.7310720084765975,0.9997601073008296,,,,,,fod2fixel,0.6880334102262361,0.005854283499491065,0.010740038476597435
678,309,1,3,3,0.5497787,5.729611,0.17161892,2.46741860307104,2.2643355515264685,0.1444554499129516,0.688608153582408,,,,,,fod2fixel,0.6880334102262361,2.9190299057857794,0.02716347008704842
679,309,2,3,3,1.2247206,2.7889934,0.1080491,0.8955513053368956,2.699341421327242,0.1244725416104509,0.3757319697954705,,,,,,fod2fixel,0.6880334102262361,0.33817317266075436,0.01642344161045091
680,310,0,3,3,1.2702893,5.457136,0.52114266,1.901022836015949,2.276446620980278,0.5832175829290471,0.9842253220769668,,,,,,fod2fixel,0.6796321724639457,3.0940048413777514,0.06207492292904715
681,310,1,3,3,0.74543303,2.6748571,0.34545162,0.7481255841993011,2.6735563855222924,0.3603500940948458,0.999943787223857,,,,,,fod2fixel,0.6796321724639457,0.002833814095436443,0.014898474094845793
682,310,2,3,3,0.9709534,4.9537225,0.13340572,0.5096805494802165,0.3627553683817249,0.056432322976107,0.0547274080910136,,,,,,fod2fixel,0.6796321724639457,1.110756101227646,0.076973397023893
683,311,0,3,3,1.4476854,3.4830668,0.52810794,1.7004435257429944,0.3452518991317702,0.5041559443273027,0.9996026798818292,,,,,,fod2fixel,0.5512593809508816,3.1340582332917237,0.023951995672697346
684,311,1,3,3,1.530108,5.551593,0.29977897,1.3648081809125208,2.3496889465370274,0.4372684035399011,0.6078106651924784,,,,,,fod2fixel,0.5512593809508816,2.887735940556467,0.13748943353990112
685,311,2,3,3,0.9462668,2.149882,0.17211312,1.9224590297982305,1.410961104382556,0.0585756521327961,0.0463647977783371,,,,,,fod2fixel,0.5512593809508816,1.2008616439348085,0.11353746786720391
686,312,0,3,3,0.7306707,1.3882595,0.52034056,0.7740710989024875,1.503834001526015,0.8724243860440398,0.9441958276882598,,,,,,fod2fixel,0.29764128149454583,0.09007471127452245,0.35208382604403987
687,312,1,3,3,0.83994687,1.6254524,0.45534655,0.4035469222450229,5.233046104545484,0.0594971742115907,0.0433132635007686,,,,,,fod2fixel,0.29764128149454583,1.2103762769556283,0.3958493757884093
688,312,2,3,3,0.2599898,1.0279676,0.024312895,1.8582325141099945,1.8477936355247928,0.0680784397443694,-0.0945852467053909,,,,,,fod2fixel,0.29764128149454583,1.6767461471259562,0.0437655447443694
689,313,0,3,3,1.4376104,4.4884377,0.88205075,1.7102882338070071,1.341827934440237,0.8103995684684114,0.999548765414014,,,,,,fod2fixel,0.6203902429486535,3.133563225855888,0.07165118153158856
690,313,1,3,3,0.9942772,0.34093064,0.08354233,1.0310914826560031,0.396961780475666,0.14239105509778,0.974902390433281,,,,,,fod2fixel,0.6203902429486535,0.06011286773744147,0.05884872509778
691,313,2,3,3,1.17709,4.2941976,0.03440691,2.131928700877387,0.2052966461674442,0.0472093764338085,-0.1132804270013344,,,,,,fod2fixel,0.6203902429486535,2.292486137576566,0.012802466433808501
692,314,0,3,3,1.2566371,0.5535744,0.4995555,1.2582565418338274,0.6739818814655989,0.8822241746431231,0.9107251052200896,,,,,,fod2fixel,0.3285263629546609,0.11454926027261914,0.3826686746431231
693,314,1,3,3,1.50476,1.1782359,0.2758402,0.464959215976306,1.815193175812808,0.0589113927379879,0.0563788901719327,,,,,,fod2fixel,0.3285263629546609,1.1388278963563967,0.21692880726201208
694,314,2,3,3,1.0132154,0.20475604,0.22460432,2.27884507593619,0.1422222098693402,0.0588644326188889,0.0184750934719605,,,,,,fod2fixel,0.3285263629546609,1.2669503235803874,0.1657398873811111
695,315,0,3,3,0.7393803,3.322433,0.50595164,2.4044604844606194,0.1761544117714028,0.5027436809226051,0.9998950074414896,,,,,,fod2fixel,0.6144522512748746,3.137719741755768,0.0032079590773949063
696,315,1,3,3,1.3902206,6.2154284,0.24803445,1.2731467999863684,6.08050953336185,0.4386166692832314,0.7979449329575182,,,,,,fod2fixel,0.6144522512748746,0.17568066103830318,0.1905822192832314
697,315,2,3,3,1.153343,5.9225984,0.24601392,0.4720856362089916,0.9222787548011894,0.0586396497941634,0.0455168134256159,,,,,,fod2fixel,0.6144522512748746,1.0711307177321594,0.1873742702058366
698,316,0,3,3,0.59685063,4.903019,0.70637816,0.5892252596787892,4.902263131054313,0.6678999757076498,0.999591778301166,,,,,,fod2fixel,0.9674037989929717,0.0076370624803357035,0.03847818429235017
699,316,1,3,3,0.79215926,1.9996316,0.18482381,0.682370830123852,2.033089059731548,0.1932729353313562,0.9144612580716928,,,,,,fod2fixel,0.9674037989929717,0.1120581027212803,0.008449125331356194
700,316,2,3,3,1.5047058,1.2477354,0.108798,1.51904236981068,1.2090368010054842,0.1388270889609938,0.9881583606060562,,,,,,fod2fixel,0.9674037989929717,0.041205569860623285,0.030029088960993794
701,317,0,3,3,0.6136997,3.0709045,0.62924266,2.532110055988037,6.22787827563437,0.5884669226940845,0.999329710937058,,,,,,fod2fixel,0.9774901866525684,3.1318061525551855,0.04077573730591544
702,317,1,3,3,1.4884609,6.149262,0.19661519,1.4406569252577834,6.145534023125399,0.2177802820578859,0.9839872587789386,,,,,,fod2fixel,0.9774901866525684,0.04794745915497409,0.021165092057885915
703,317,2,3,3,0.83994687,1.5161402,0.17414212,0.9126939142850148,1.4566170938670129,0.1937527952480295,0.9491535902417082,,,,,,fod2fixel,0.9774901866525684,0.08591217126325126,0.01961067524802948
704,318,0,3,3,1.5040054,4.7537413,0.8632888,1.6375611517265136,1.6075350114587283,0.791692095091306,0.9998516683983908,,,,,,fod2fixel,0.5614569805458582,3.1369892275898046,0.07159670490869396
705,318,1,3,3,1.3778208,3.3450828,0.13224226,1.7697083725606817,0.3887702070548859,0.144659462040748,0.7846022116188031,,,,,,fod2fixel,0.5614569805458582,2.9597712898262976,0.012417202040748004
706,318,2,3,3,1.371135,1.3738586,0.0044689314,2.2941710676021416,2.635747766024596,0.0636484428679459,-0.1000829383796192,,,,,,fod2fixel,0.5614569805458582,1.4785915971456485,0.059179511467945894
707,319,0,3,3,1.50476,1.1782359,0.53537005,1.5230193600185074,1.17657783131733,0.5710109288570793,0.9976487091193826,,,,,,fod2fixel,0.6397688824677191,0.018334242549892136,0.03564087885707923
708,319,1,3,3,0.9187362,4.4094954,0.4431812,2.3042022072498014,1.2917287780198703,0.3685276098083541,0.9520589331556036,,,,,,fod2fixel,0.6397688824677191,3.0582098019661874,0.07465359019164591
709,319,2,3,3,0.9030912,0.4785392,0.021448778,1.590996686632678,2.316356412261883,0.0604614613345666,-0.0304009948718289,,,,,,fod2fixel,0.6397688824677191,1.7922608203675352,0.039012683334566596
710,320,0,3,3,1.2702893,5.457136,0.52114266,1.901022836015949,2.276446620980278,0.5832175829290471,0.9842253220769668,,,,,,fod2fixel,0.6796321724639457,3.0940048413777514,0.06207492292904715
711,320,1,3,3,0.74543303,2.6748571,0.34545162,0.7481255841993011,2.6735563855222924,0.3603500940948458,0.999943787223857,,,,,,fod2fixel,0.6796321724639457,0.002833814095436443,0.014898474094845793
712,320,2,3,3,0.9709534,4.9537225,0.13340572,0.5096805494802165,0.3627553683817249,0.056432322976107,0.0547274080910136,,,,,,fod2fixel,0.6796321724639457,1.110756101227646,0.076973397023893
713,321,0,3,3,1.4476854,3.4830668,0.52810794,1.7004435257429944,0.3452518991317702,0.5041559443273027,0.9996026798818292,,,,,,fod2fixel,0.5512593809508816,3.1340582332917237,0.023951995672697346
714,321,1,3,3,1.530108,5.551593,0.29977897,1.3648081809125208,2.3496889465370274,0.4372684035399011,0.6078106651924784,,,,,,fod2fixel,0.5512593809508816,2.887735940556467,0.13748943353990112
715,321,2,3,3,0.9462668,2.149882,0.17211312,1.9224590297982305,1.410961104382556,0.0585756521327961,0.0463647977783371,,,,,,fod2fixel,0.5512593809508816,1.2008616439348085,0.11353746786720391
716,322,0,3,3,0.7306707,1.3882595,0.52034056,0.7740710989024875,1.503834001526015,0.8724243860440398,0.9441958276882598,,,,,,fod2fixel,0.29764128149454583,0.09007471127452245,0.35208382604403987
717,322,1,3,3,0.83994687,1.6254524,0.45534655,0.4035469222450229,5.233046104545484,0.0594971742115907,0.0433132635007686,,,,,,fod2fixel,0.29764128149454583,1.2103762769556283,0.3958493757884093
718,322,2,3,3,0.2599898,1.0279676,0.024312895,1.8582325141099945,1.8477936355247928,0.0680784397443694,-0.0945852467053909,,,,,,fod2fixel,0.29764128149454583,1.6767461471259562,0.0437655447443694
719,323,0,3,3,1.4376104,4.4884377,0.88205075,1.7102882338070071,1.341827934440237,0.8103995684684114,0.999548765414014,,,,,,fod2fixel,0.6203902429486535,3.133563225855888,0.07165118153158856
720,323,1,3,3,0.9942772,0.34093064,0.08354233,1.0310914826560031,0.396961780475666,0.14239105509778,0.974902390433281,,,,,,fod2fixel,0.6203902429486535,0.06011286773744147,0.05884872509778
721,323,2,3,3,1.17709,4.2941976,0.03440691,2.131928700877387,0.2052966461674442,0.0472093764338085,-0.1132804270013344,,,,,,fod2fixel,0.6203902429486535,2.292486137576566,0.012802466433808501
722,324,0,3,3,0.64099085,3.477786,0.6991726,2.4993081884495,0.3252510166860728,0.6988981797598145,0.9996880821698308,,,,,,fod2fixel,0.8650850482199653,3.1349170638619492,0.00027442024018553557
723,324,1,3,3,1.4901359,5.491865,0.16523455,1.584855874801158,2.4357156139387253,0.1887030610146715,0.9200371573155298,,,,,,fod2fixel,0.8650850482199653,3.0333468906119068,0.023468511014671484
724,324,2,3,3,0.6598044,2.0457747,0.1355928,0.7481480487848768,1.720036079353464,0.112398759225514,0.6755299051745354,,,,,,fod2fixel,0.8650850482199653,0.22776812126128593,0.023194040774486016
725,325,0,3,3,1.3035436,1.2531335,0.6629855,1.299862679968373,1.2395700991927372,0.6261481812837707,0.9987089286604888,,,,,,fod2fixel,0.6784053675106939,0.013583514274844348,0.036837318716229306
726,325,1,3,3,1.4896209,5.378173,0.33394185,1.6666165756055795,2.276171952892694,0.326902182564025,0.987659496373723,,,,,,fod2fixel,0.6784053675106939,3.099524950119501,0.0070396674359750055
727,325,2,3,3,0.9496694,0.72725767,0.0030726579,0.4976819999914688,2.405969846101555,0.0469496361522043,0.04884767749787,,,,,,fod2fixel,0.6784053675106939,1.0820244269443178,0.0438769782522043
728,326,0,3,3,1.2392242,4.4979715,0.69242334,1.8899105375774357,1.3574420191525172,0.6534668574748864,0.998906868169829,,,,,,fod2fixel,0.6667062840883834,3.1290940733408505,0.038956482525113634
729,326,1,3,3,0.3244638,4.2835236,0.2963272,0.2390472449524183,4.1896835176910505,0.2851393734649977,0.9452258601356086,,,,,,fod2fixel,0.6667062840883834,0.08922477571595844,0.011187826535002332
730,326,2,3,3,0.2599898,4.1695604,0.011249486,1.0117487696355254,2.1051908249619253,0.0613937690601158,0.0559861239597126,,,,,,fod2fixel,0.6667062840883834,1.1491070721634065,0.0501442830601158
731,327,0,3,3,0.3295198,1.7763342,0.6215569,0.3240840129632996,1.7903119640998328,0.5904979031034436,0.9996522756797938,,,,,,fod2fixel,0.6163067575169798,0.007048408554898808,0.031058996896556335
732,327,1,3,3,1.0041758,4.1991434,0.24099214,2.240723398273664,1.20630668340409,0.3524192461120917,0.8322050730363801,,,,,,fod2fixel,0.6163067575169798,2.982457282412313,0.1114271061120917
733,327,2,3,3,0.83994687,4.657733,0.13745095,1.4148569677770542,2.0467663624318115,0.0570828507844646,0.0170629238347654,,,,,,fod2fixel,0.6163067575169798,2.1302884394122836,0.0803680992155354
734,328,0,3,3,1.2580642,0.41761118,0.48879105,1.2745514450090254,0.3930786562377619,0.4745042695806785,0.99427324875431,,,,,,fod2fixel,0.8939617604694857,0.028627953036600883,0.014286780419321521
735,328,1,3,3,0.84618837,1.4082233,0.45649573,0.8385724634198025,1.466998740035569,0.4357741072929158,0.9861894441401182,,,,,,fod2fixel,0.8939617604694857,0.0445131847364916,0.020721622707084164
736,328,2,3,3,0.7853982,3.695167,0.054713212,2.414516213740705,0.247545342733214,0.0897216231264057,0.701422588514029,,,,,,fod2fixel,0.8939617604694857,2.9241952559567044,0.03500841112640571
737,329,0,3,3,0.3295198,1.7763342,0.5678775,0.1656770107417894,1.5210731534929018,0.7845232191453779,0.8012734802485377,,,,,,fod2fixel,0.5483309626243879,0.1741246692842804,0.2166457191453779
738,329,1,3,3,0.20319815,5.433647,0.33763087,1.1993357719416131,0.5593931045569049,0.0919995460602544,0.0527675938856999,,,,,,fod2fixel,0.5483309626243879,1.1747072299498433,0.24563132393974563
739,329,2,3,3,0.8245151,3.6149166,0.09449167,2.142274969453515,0.4248955571152567,0.1234772347943675,0.790951813738926,,,,,,fod2fixel,0.5483309626243879,2.9626748219941264,0.028985564794367494
0,0,0,2,2,0.74543303,2.6748571,0.9606279,0.7305737448965524,2.580593965448758,0.5916009652683938,0.970583895370578,,,,,,DeepFixel MLP,0.9583228578569033,0.0651237049498142,0.3690269347316062
1,0,1,2,2,0.9709534,4.9537225,0.039372094,0.6223684885550205,-2.7488935718910685,0.0298146319578629,0.9460618203432286,,,,,,DeepFixel MLP,0.9583228578569033,1.0107511108419256,0.009557462042137102
2,1,0,2,2,1.5049913,2.1029568,0.5273066,1.4873662401842815,2.1598449493429825,0.3487373930037968,0.9754863456445944,,,,,,DeepFixel MLP,0.9770779863831489,0.059403950678843624,0.17856920699620316
3,1,1,2,2,0.15707964,5.729611,0.47269338,0.204480198968535,-0.3926990816987249,0.3177752531900255,0.9786696271217036,,,,,,DeepFixel MLP,0.9770779863831489,0.05538517455857968,0.15491812680997452
4,2,0,2,2,0.51855856,5.8717217,0.5056738,0.84106867056793,3.0434178831651115,0.3128140172270266,0.9938512042098084,,,,,,DeepFixel MLP,0.9884673275756951,1.3411998269473557,0.19285978277297333
5,2,1,2,2,0.8549161,2.980336,0.49432617,0.5160163873553204,-0.4712388980384692,0.2857551309785858,0.9830834509415818,,,,,,DeepFixel MLP,0.9884673275756951,1.3527939393721138,0.20857103902141422
6,3,0,2,2,0.25901362,4.975305,0.99070084,0.3073950510845033,-1.3089969389957476,0.6230304976590976,0.983696890134036,,,,,,DeepFixel MLP,0.8175547863589288,0.04838243008928862,0.36767034234090246
7,3,1,2,2,0.39581668,4.171919,0.009299144,1.4033482475752073,-1.6689710972195784,0.0280719032378829,0.6514126825838213,,,,,,DeepFixel MLP,0.8175547863589288,1.050235906257886,0.0187727592378829
8,4,0,2,2,1.3208771,3.0728374,0.8801843,1.318116071652818,3.141592653589793,0.6132492702062484,0.9692004508897648,,,,,,DeepFixel MLP,0.9768138960223136,0.06665202889190555,0.2669350297937516
9,4,1,2,2,0.9496694,2.414335,0.119815685,1.4873662401842815,-0.3926990816987249,0.0416235357502811,0.9844273411548624,,,,,,DeepFixel MLP,0.9768138960223136,2.3702373010165085,0.0781921492497189
10,5,0,2,2,1.1621684,6.067482,0.5972573,1.141020895490369,-0.1963495408493634,0.3974820905561092,0.9946907901511576,,,,,,DeepFixel MLP,0.9795886365024824,0.02756281167437944,0.19977520944389077
11,5,1,2,2,1.307886,4.2463756,0.40274265,1.318116071652818,-1.9634954084936211,0.2554236190253094,0.9644864828538072,,,,,,DeepFixel MLP,0.9795886365024824,0.07162451965081323,0.14731903097469057
12,6,0,2,2,0.86736286,4.1606126,0.75820947,0.8410686705679301,-2.061670178918302,0.4933262296523818,0.980520548394178,,,,,,DeepFixel MLP,0.9792427356408471,0.05291229986775054,0.26488324034761823
13,6,1,2,2,1.3701209,0.7334546,0.24179052,1.4033482475752073,0.6872233929727675,0.1470410304484413,0.977964922887516,,,,,,DeepFixel MLP,0.9792427356408471,0.05629887357637953,0.09474948955155871
14,7,0,2,2,0.7095543,5.9107223,0.94616544,0.7305737448965522,-0.336599212884621,0.6732949167601698,0.9930082206265752,,,,,,DeepFixel MLP,0.976655032239097,0.03163848228058579,0.2728705232398302
15,7,1,2,2,1.530143,2.2935205,0.053834558,1.4873662401842815,3.141592653589793,0.0244042822570546,0.9603018438516188,,,,,,DeepFixel MLP,0.976655032239097,0.847349775581704,0.0294302757429454
16,8,0,2,2,1.0210177,2.5880182,0.7451026,1.0471975511965976,2.650718801466388,0.6903663207386829,0.9750756080771384,,,,,,DeepFixel MLP,0.5612225075603967,0.05990341792542193,0.05473627926131708
17,8,1,2,2,1.0630141,2.6554263,0.2548974,0.8410686705679301,2.061670178918302,0.024374823750604,0.147369407043655,,,,,,DeepFixel MLP,0.5612225075603967,0.5276434123113817,0.23052257624939598
18,9,0,2,2,1.2295184,5.51686,0.860313,1.2309594173407747,-0.6872233929727678,0.5415691806012288,0.9615407323913678,,,,,,DeepFixel MLP,0.9470546864414827,0.07457072850978443,0.31874381939877117
19,9,1,2,2,0.6666479,5.6158776,0.139687,0.7305737448965522,-0.7853981633974483,0.0931427401280577,0.9325686404915976,,,,,,DeepFixel MLP,0.9470546864414827,0.09920044939373267,0.0465442598719423
20,10,0,2,2,0.74543303,2.6748571,0.9606279,0.7305737448965524,2.580593965448758,0.5916009652683938,0.970583895370578,,,,,,DeepFixel MLP,0.9583228578569033,0.0651237049498142,0.3690269347316062
21,10,1,2,2,0.9709534,4.9537225,0.039372094,0.6223684885550205,-2.7488935718910685,0.0298146319578629,0.9460618203432286,,,,,,DeepFixel MLP,0.9583228578569033,1.0107511108419256,0.009557462042137102
22,11,0,2,2,1.2399288,1.2039618,0.66197103,1.2309594173407747,1.2762720155208531,0.4135462722324905,0.9671410338789588,,,,,,DeepFixel MLP,0.9690781501792266,0.06886680659727379,0.2484247577675095
23,11,1,2,2,1.2580642,2.7239814,0.33802894,1.318116071652818,2.748893571891069,0.2234170048230674,0.9710152664794944,,,,,,DeepFixel MLP,0.9690781501792266,0.0646400168054094,0.1146119351769326
24,12,0,2,2,1.4392166,1.0602366,0.87678194,1.4033482475752073,1.0799224746714908,0.6342999187807007,0.9883839702575936,,,,,,DeepFixel MLP,0.9504580632075994,0.040809679951195194,0.2424820212192993
25,12,1,2,2,0.710654,3.9113383,0.12321806,0.6223684885550206,-2.4870941840919194,0.0420243935901128,0.9125321561576052,,,,,,DeepFixel MLP,0.9504580632075994,0.11335041284682415,0.0811936664098872
26,13,0,2,2,1.1092144,6.209609,0.56915367,1.0471975511965976,-0.0981747704246809,0.3612124761113613,0.9700722157461964,,,,,,DeepFixel MLP,0.9847970786953474,0.06569295674192271,0.20794119388863863
27,13,1,2,2,0.9462668,0.99171066,0.4308463,0.9479697413828938,0.98174770424681,0.2951561013834399,0.9995219416444984,,,,,,DeepFixel MLP,0.9847970786953474,0.008264624716320034,0.13569019861656012
28,14,0,2,2,0.98553395,2.503627,0.5331325,0.9479697413828938,2.5525440310417062,0.380955524453222,0.9789188502531584,,,,,,DeepFixel MLP,0.9774973874283456,0.055058557445992355,0.152176975546778
29,14,1,2,2,0.9827457,4.3771815,0.4668675,0.9479697413828938,-1.9634954084936211,0.3420798226362629,0.9760759246035328,,,,,,DeepFixel MLP,0.9774973874283456,0.05867980208628154,0.12478767736373708
30,15,0,2,2,0.5445955,2.2427905,0.73385584,0.5160163873553204,2.356194490192345,0.7096651711522035,0.97153963041,,,,,,DeepFixel MLP,0.5172062493959615,0.06404739585561312,0.024190668847796526
31,15,1,2,2,0.23561946,2.5880182,0.26614413,1.2309594173407747,2.650718801466388,0.0271634726006179,0.062872868381923,,,,,,DeepFixel MLP,0.5172062493959615,0.9958553931402098,0.23898065739938207
32,16,0,2,2,0.23561946,5.729611,0.5752079,0.204480198968535,-0.3926990816987249,0.3501118043626818,0.9847137094547324,,,,,,DeepFixel MLP,0.9772238696753017,0.04684188435778155,0.2250960956373182
33,16,1,2,2,0.9942772,5.9422545,0.42479208,1.0471975511965976,-0.2945243112740441,0.228856785323814,0.9697340298958712,,,,,,DeepFixel MLP,0.9772238696753017,0.06606664485268052,0.195935294676186
34,17,0,2,2,0.6879088,4.0139174,0.6820471,0.7305737448965522,-2.356194490192345,0.4252189784806552,0.965229603352588,,,,,,DeepFixel MLP,0.9591456917441752,0.07086287971994379,0.2568281215193448
35,17,1,2,2,0.2599898,5.2552176,0.3179529,0.3073950510845033,-0.7853981633974483,0.1610660270700017,0.9530617801357624,,,,,,DeepFixel MLP,0.9591456917441752,0.08249294190085285,0.15688687292999828
36,18,0,2,2,0.39158684,5.064584,0.898751,0.4111378623223478,-1.3744467859455345,0.6126365046932074,0.9716863960363284,,,,,,DeepFixel MLP,0.8583907180004968,0.06388065399653878,0.28611449530679256
37,18,1,2,2,0.9827457,4.3771815,0.10124897,1.141020895490369,-1.767145867644259,0.0484203260896827,0.7450950399646652,,,,,,DeepFixel MLP,0.8583907180004968,0.1992240545389653,0.052828643910317295
38,19,0,2,2,1.3020546,4.627753,0.62757593,1.2309594173407747,-1.6689710972195784,0.4345776187394694,0.9638622743364078,,,,,,DeepFixel MLP,0.9755861872187737,0.07225841069330582,0.19299831126053063
39,19,1,2,2,0.59685063,1.7614263,0.37242404,0.6223684885550205,1.7016960206944711,0.2582475309220611,0.9873101001011394,,,,,,DeepFixel MLP,0.9755861872187737,0.04266151860473755,0.11417650907793891
40,20,0,2,2,1.4137167,0.5535744,0.870513,1.4033482475752073,0.4908738521234053,0.6494993882503115,0.972680725125026,,,,,,DeepFixel MLP,0.7126279969198163,0.06273904720226628,0.22101361174968848
41,20,1,2,2,1.3361951,0.27504563,0.12948701,1.4873662401842815,0.0,0.0292808908365782,0.4525752687146065,,,,,,DeepFixel MLP,0.7126279969198163,0.31055219891337943,0.10020611916342181
42,21,0,2,2,0.66996557,4.581433,0.65038496,0.7305737448965522,-1.6829960644231037,0.642625697523603,0.9734858571212712,,,,,,DeepFixel MLP,0.510082489529166,0.06179975364423793,0.007759262476397022
43,21,1,2,2,1.0248133,4.528305,0.34961504,1.0471975511965976,-1.0799224746714913,0.032658393018229,0.0466791219370608,,,,,,DeepFixel MLP,0.510082489529166,0.578167026718847,0.316956646981771
44,22,0,2,2,0.62831855,2.5880182,0.79345727,0.6223684885550206,2.4870941840919194,0.7024085126771235,0.97552206213032,,,,,,DeepFixel MLP,0.5134487316817895,0.059360362932728485,0.09104875732287654
45,22,1,2,2,0.4712389,2.5880182,0.20654273,1.0471975511965976,2.650718801466388,0.0288658969867202,0.051375401233259,,,,,,DeepFixel MLP,0.5134487316817895,0.577375639815519,0.1776768330132798
46,23,0,2,2,0.81180364,2.1971908,0.8965813,0.8410686705679301,2.258019719767664,0.5711503613535075,0.9801215938726696,,,,,,DeepFixel MLP,0.9592528699977292,0.0534547235484045,0.32543093864649253
47,23,1,2,2,0.9617865,3.1911614,0.10341869,0.84106867056793,2.8470683423157497,0.0402285374152757,0.9383841461227888,,,,,,DeepFixel MLP,0.9592528699977292,0.2947111447272881,0.0631901525847243
48,24,0,2,2,1.5049318,2.0334594,0.878003,1.4873662401842815,1.9634954084936205,0.5545436908886234,0.9641711216603556,,,,,,DeepFixel MLP,0.9800360813828961,0.07194543422222005,0.32345930911137655
49,24,1,2,2,0.70685834,2.5880182,0.121996984,0.7305737448965524,2.580593965448758,0.090070882040685,0.9959010411054368,,,,,,DeepFixel MLP,0.9800360813828961,0.024213837009466724,0.031926101959315
50,25,0,2,2,1.3050178,5.104271,0.92342734,1.318116071652818,-1.178097245096173,0.6033840028024259,0.998795135165968,,,,,,DeepFixel MLP,0.9708327753226738,0.013122059056706784,0.32004333719757416
51,25,1,2,2,0.46961638,0.951566,0.07657266,0.5160163873553204,0.7853981633974483,0.0290678012264448,0.9428704154793794,,,,,,DeepFixel MLP,0.9708327753226738,0.09115750726859075,0.0475048587735552
52,26,0,2,2,1.0636185,4.259246,0.68625957,1.0471975511965976,-2.061670178918302,0.4495111602912522,0.9905960356434794,,,,,,DeepFixel MLP,0.9839805633392389,0.03670636384675514,0.23674840970874783
53,26,1,2,2,0.34339198,3.0186098,0.31374043,0.3073950510845033,2.8797932657906435,0.1821467778611941,0.9773650910349984,,,,,,DeepFixel MLP,0.9839805633392389,0.0570653808043254,0.13159365213880592
54,27,0,2,2,1.1597081,1.6607231,0.8392176,1.141020895490369,1.5707963267948966,0.522441143582299,0.9511418593492827,,,,,,DeepFixel MLP,0.9463589237578436,0.08418894797897578,0.316776456417701
55,27,1,2,2,1.4884609,3.0076692,0.1607824,1.4033482475752073,3.0434178831651115,0.0942990187519744,0.9415759881664044,,,,,,DeepFixel MLP,0.9463589237578436,0.09220360108462294,0.0664833812480256
56,28,0,2,2,1.4601859,3.2087626,0.6018067,1.4033482475752073,-3.043417883165112,0.3723028280844445,0.9710514041828238,,,,,,DeepFixel MLP,0.9196920538069608,0.0645994270322768,0.22950387191555555
57,28,1,2,2,1.530143,3.989665,0.3981933,1.4873662401842815,-2.1598449493429825,0.2154726319549312,0.8683327034310979,,,,,,DeepFixel MLP,0.9196920538069608,0.14009786094254348,0.18272066804506878
58,29,0,2,2,0.6597098,4.9552937,0.5378153,0.6223684885550206,-1.4398966328953222,0.3370636168244845,0.9593977186577236,,,,,,DeepFixel MLP,0.9775330630857212,0.07664624480819879,0.2007516831755155
59,29,1,2,2,1.4076132,0.269661,0.46218476,1.4033482475752073,0.2945243112740431,0.33691339744455,0.9956684075137188,,,,,,DeepFixel MLP,0.9775330630857212,0.024892389877591937,0.12527136255544996
60,30,0,2,2,1.4090861,2.730789,0.61990565,1.318116071652818,2.748893571891069,0.6360682331816269,0.9409844842059492,,,,,,DeepFixel MLP,0.4985741308767945,0.0926779630923302,0.01616258318162689
61,30,1,2,2,1.1074132,2.7200408,0.38009435,1.4873662401842815,-0.3926990816987249,0.0463764132893512,0.0561637775476398,,,,,,DeepFixel MLP,0.4985741308767945,2.594066302417544,0.3337179367106488
62,31,0,2,2,0.9854915,1.9928323,0.515769,0.9479697413828938,1.9634954084936205,0.3377835934990223,0.9861251052530356,,,,,,DeepFixel MLP,0.9728330866312971,0.04461720570137646,0.17798540650097772
63,31,1,2,2,1.4896209,4.0466046,0.484231,1.4873662401842815,-2.1598449493429825,0.290349130540691,0.9595410680095586,,,,,,DeepFixel MLP,0.9728330866312971,0.07650909560798984,0.19388186945930902
64,32,0,2,2,0.74543303,0.46673557,0.6201109,0.7305737448965524,0.5609986881410345,0.352272259758991,0.9705839291337326,,,,,,DeepFixel MLP,0.9843257971671343,0.06512369420707105,0.267838640241009
65,32,1,2,2,0.3977915,1.741975,0.3798891,0.4111378623223478,1.7671458676442586,0.3033135670411965,0.998067665200536,,,,,,DeepFixel MLP,0.9843257971671343,0.016619651665421824,0.07657553295880348
66,33,0,2,2,1.5047058,1.8938574,0.6764204,1.4873662401842815,1.9634954084936205,0.4337817974553442,0.9645354082270464,,,,,,DeepFixel MLP,0.9249814947995494,0.07157461269663543,0.24263860254465586
67,33,1,2,2,1.3703629,4.4422207,0.3235796,1.318116071652818,-1.9634954084936211,0.1804651906193337,0.8854275813720522,,,,,,DeepFixel MLP,0.9249814947995494,0.13031244210755277,0.14311440938066633
68,34,0,2,2,1.369063,1.6129135,0.9706473,1.318116071652818,1.5707963267948966,0.6995477881694077,0.9703234292362308,,,,,,DeepFixel MLP,0.9250798795465209,0.06541409455159947,0.27109951183059233
69,34,1,2,2,1.2935516,5.668422,0.029352745,1.4873662401842815,-1.9634954084936211,0.0194853801730772,0.8798363298568112,,,,,,DeepFixel MLP,0.9250798795465209,1.3347038376715377,0.009867364826922801
70,35,0,2,2,1.4641,2.1591775,0.9512515,1.4873662401842815,2.1598449493429825,0.6471664243800568,0.9962121346835868,,,,,,DeepFixel MLP,0.9156907562961616,0.02327572526702196,0.30408507561994325
71,35,1,2,2,1.0316828,2.4240792,0.04874849,1.4033482475752073,2.650718801466388,0.0368124709228543,0.8351693779087362,,,,,,DeepFixel MLP,0.9156907562961616,0.4273074157431856,0.011936019077145699
72,36,0,2,2,0.53582484,4.841545,0.86637753,0.5160163873553204,-1.4137166941154071,0.6052324284392204,0.9958836413057848,,,,,,DeepFixel MLP,0.9530766566584986,0.024265275648266554,0.2611451015607795
73,36,1,2,2,1.4090861,2.730789,0.13362245,1.4033482475752073,2.8470683423157497,0.0781975270665517,0.9102696720112124,,,,,,DeepFixel MLP,0.9530766566584986,0.11484961815745655,0.055424922933448306
74,37,0,2,2,0.83994687,4.657733,0.53507304,0.84106867056793,-1.6689710972195784,0.3659016694200143,0.992650780044504,,,,,,DeepFixel MLP,0.970345092072185,0.03243897111423802,0.1691713705799857
75,37,1,2,2,1.5040374,1.4599379,0.464927,1.4873662401842815,1.3744467859455345,0.2998061728889314,0.948039404099866,,,,,,DeepFixel MLP,0.970345092072185,0.08686382531582444,0.16512082711106857
76,38,0,2,2,0.51855856,3.553056,0.82256764,0.5160163873553204,-2.670353755551324,0.6066047446411277,0.9938511604840036,,,,,,DeepFixel MLP,0.6101568283305582,0.029666181465411546,0.21596289535887236
77,38,1,2,2,0.7554567,2.8466022,0.17743237,0.1021064223826043,-0.7853981633974484,0.025906212815394,0.2264624961771127,,,,,,DeepFixel MLP,0.6101568283305582,0.8466197960910468,0.151526157184606
78,39,0,2,2,1.1059791,2.1950765,0.58525985,1.141020895490369,2.1598449493429825,0.3455296607496124,0.9844182646958832,,,,,,DeepFixel MLP,0.982080247161729,0.047294588077606406,0.23973018925038764
79,39,1,2,2,1.530143,5.435113,0.41474015,1.4873662401842815,-0.7853981633974483,0.2324963827464314,0.9797422296275748,,,,,,DeepFixel MLP,0.982080247161729,0.07577724302465434,0.18224376725356858
80,40,0,2,2,1.0650716,2.9910512,0.9619524,1.0471975511965976,3.0434178831651115,0.6232400867131217,0.983307414632602,,,,,,DeepFixel MLP,0.9185764621683822,0.048959921955621474,0.33871231328687834
81,40,1,2,2,0.07853982,3.695167,0.038047586,1.4873662401842815,-2.9452431127404317,0.0328084472528097,0.8538455097041624,,,,,,DeepFixel MLP,0.9185764621683822,1.4138256866594203,0.0052391387471903
82,41,0,2,2,0.9854915,1.9928323,0.7153228,0.9479697413828938,1.9634954084936205,0.4866407658880859,0.9861251052530356,,,,,,DeepFixel MLP,0.9714071263618627,0.04461720570137646,0.22868203411191412
83,41,1,2,2,1.4090861,0.41080377,0.2846772,1.4033482475752073,0.4908738521234053,0.1764595490657031,0.9566891474706896,,,,,,DeepFixel MLP,0.9714071263618627,0.079195574516187,0.10821765093429692
84,42,0,2,2,1.2223531,0.6283067,0.9072762,1.2309594173407747,0.6872233929727672,0.636966661948286,0.9781000360286096,,,,,,DeepFixel MLP,0.9179550470719455,0.056124799360365095,0.270309538051714
85,42,1,2,2,1.3712474,3.623487,0.09272379,1.4873662401842815,0.98174770424681,0.0343977150269648,0.8578100581152813,,,,,,DeepFixel MLP,0.9179550470719455,2.569418459899392,0.0583260749730352
86,43,0,2,2,0.72366047,4.6509695,0.86324716,0.7305737448965522,-1.6829960644231037,0.6340894275310477,0.9917122939990648,,,,,,DeepFixel MLP,0.9895498844232147,0.03445296468722979,0.22915773246895232
87,43,1,2,2,1.5295337,2.939685,0.13675284,1.4873662401842815,2.945243112740431,0.0646745540560173,0.9873874748473646,,,,,,DeepFixel MLP,0.9895498844232147,0.0425307270670358,0.07207828594398269
88,44,0,2,2,1.08805,1.6174408,0.76272964,1.0471975511965976,1.6689710972195777,0.4918240165645851,0.974264056309738,,,,,,DeepFixel MLP,0.9656983620100964,0.06087865661550203,0.2709056234354149
89,44,1,2,2,1.3722193,2.527975,0.23727037,1.4033482475752073,2.454369260617025,0.1287290957605691,0.9571326677104548,,,,,,DeepFixel MLP,0.9656983620100964,0.07878341507415963,0.10854127423943091
90,45,0,2,2,1.2301036,4.6685543,0.7720824,1.2309594173407747,-1.6689710972195784,0.5002072965449499,0.981731868034902,,,,,,DeepFixel MLP,0.9784020010705838,0.051231017096250345,0.27187510345505006
91,45,1,2,2,1.2766433,6.144219,0.2279176,1.2309594173407747,-0.0981747704246809,0.1371494462475672,0.9750721341062658,,,,,,DeepFixel MLP,0.9784020010705838,0.059907623954250866,0.0907681537524328
92,46,0,2,2,0.36216927,2.787653,0.800176,0.3073950510845033,2.8797932657906435,0.4997896136435805,0.9728592776788538,,,,,,DeepFixel MLP,0.9779787265713427,0.06253190711668119,0.3003863863564195
93,46,1,2,2,0.4669916,4.859109,0.19982396,0.5160163873553204,-1.4137166941154071,0.1011938068154099,0.9830981754638314,,,,,,DeepFixel MLP,0.9779787265713427,0.049267427341246485,0.09863015318459009
94,47,0,2,2,0.5497787,5.729611,0.7260628,0.5160163873553204,-0.4712388980384692,0.4520727918266702,0.9799154646613112,,,,,,DeepFixel MLP,0.977410368467514,0.05373288708463148,0.2739900081733298
95,47,1,2,2,1.3778208,0.20349,0.27393723,1.318116071652818,0.196349540849362,0.1689785421276389,0.9749052722737166,,,,,,DeepFixel MLP,0.977410368467514,0.06010935161916767,0.10495868787236107
96,48,0,2,2,0.710654,5.5134397,0.9713795,0.7305737448965522,-0.7853981633974483,0.7180107622977564,0.996479694537346,,,,,,DeepFixel MLP,0.9508595121440502,0.02243771544834591,0.25336873770224355
97,48,1,2,2,0.72305834,1.8579944,0.02862046,0.7305737448965522,-1.45859658916669,0.0271937305904385,0.9052393297507544,,,,,,DeepFixel MLP,0.9508595121440502,1.4468390830296534,0.0014267294095615009
98,49,0,2,2,0.84618837,4.874962,0.90853924,0.8410686705679301,-1.472621556370216,0.5897712643971449,0.9837004815030554,,,,,,DeepFixel MLP,0.9643366334665011,0.04837718036516745,0.3187679756028551
99,49,1,2,2,1.0172219,3.1415927,0.09146075,1.0471975511965976,3.0434178831651115,0.0571251739221383,0.9449727854299468,,,,,,DeepFixel MLP,0.9643366334665011,0.08943427739091771,0.034335576077861696
100,50,0,2,2,1.3361951,3.4166384,0.9659616,1.4033482475752073,-2.84706834231575,0.6870197452703575,0.9662426803022824,,,,,,DeepFixel MLP,0.8878560503120504,0.06981173417229043,0.2789418547296425
101,50,1,2,2,0.9712667,5.383454,0.034038454,0.9479697413828938,3.141592653589793,0.034295083045451,0.8094694203218183,,,,,,DeepFixel MLP,0.8878560503120504,1.6587419303181488,0.0002566290454509984
102,51,0,2,2,1.03421,4.987464,0.71881276,1.0471975511965976,-1.2762720155208538,0.4330351619882305,0.9968513971521318,,,,,,DeepFixel MLP,0.9776144025070734,0.021218792182026002,0.28577759801176955
103,51,1,2,2,1.3561286,2.1952715,0.28118724,1.4033482475752073,2.258019719767664,0.2077938403291211,0.9583774078620152,,,,,,DeepFixel MLP,0.9776144025070734,0.07761584870212676,0.0733933996708789
104,52,0,2,2,1.4376104,1.7947475,0.5737465,1.4873662401842815,1.7671458676442584,0.3696649984193158,0.9775585378829952,,,,,,DeepFixel MLP,0.9750047616572852,0.05681927701687396,0.20408150158068422
105,52,1,2,2,0.8040711,2.9166727,0.4262535,0.84106867056793,2.8470683423157497,0.3069309078641565,0.9724509854315752,,,,,,DeepFixel MLP,0.9750047616572852,0.06300456587339921,0.11932259213584351
106,53,0,2,2,1.5301099,3.7541156,0.7572228,1.4873662401842815,-2.552544031041707,0.4834381374504387,0.9834543945344892,,,,,,DeepFixel MLP,0.9908735626079606,0.0487427965937796,0.2737846625495613
107,53,1,2,2,1.4104978,5.6100397,0.24277726,1.4033482475752073,-0.6872233929727678,0.1495336309147034,0.998292730681432,,,,,,DeepFixel MLP,0.9908735626079606,0.015621284321340625,0.0932436290852966
108,54,0,2,2,1.3312842,5.2580996,0.69755197,1.3181160716528175,-0.9817477042468108,0.4947865769274334,0.9864765017511684,,,,,,DeepFixel MLP,0.9633382581345129,0.04404615994262824,0.20276539307256664
109,54,1,2,2,1.2248124,3.1415927,0.302448,1.318116071652818,3.141592653589793,0.1953264342200669,0.9402000145178574,,,,,,DeepFixel MLP,0.9633382581345129,0.09330367165282887,0.10712156577993309
110,55,0,2,2,1.1656685,1.7468925,0.69870394,1.141020895490369,1.7671458676442584,0.5080021419086841,0.993361943960638,,,,,,DeepFixel MLP,0.996532216743751,0.030826080190429407,0.19070179809131593
111,55,1,2,2,1.4901359,5.491865,0.30129606,1.4873662401842815,-0.7853981633974483,0.1821556601115203,0.999702489526864,,,,,,DeepFixel MLP,0.996532216743751,0.0065197565324632825,0.11914039988847969
112,56,0,2,2,0.6669452,3.5999432,0.66566753,0.6223684885550205,-2.7488935718910685,0.4294144002861894,0.9753988487160868,,,,,,DeepFixel MLP,0.969933248260171,0.059510716133822084,0.23625312971381063
113,56,1,2,2,1.5049318,1.1081332,0.33433247,1.5707963267948966,1.0799224746714908,0.2191914209399572,0.9644676478042552,,,,,,DeepFixel MLP,0.969933248260171,0.07164376938396554,0.1151410490600428
114,57,0,2,2,1.307886,4.2463756,0.746937,1.318116071652818,-1.9634954084936211,0.4948569414516903,0.9644864828538072,,,,,,DeepFixel MLP,0.9541126582344036,0.07162451965081323,0.25208005854830967
115,57,1,2,2,0.57318515,3.4342096,0.253063,0.5160163873553204,-2.9845130209103035,0.1543462068780991,0.943738833615,,,,,,DeepFixel MLP,0.9541126582344036,0.0904494082395194,0.09871679312190088
116,58,0,2,2,1.3822494,4.0100193,0.63855916,1.4033482475752073,-2.258019719767664,0.3967572016902487,0.9953351460072076,,,,,,DeepFixel MLP,0.9971294937041898,0.025833509815781506,0.24180195830975132
117,58,1,2,2,0.9475288,2.7336328,0.36144084,0.9479697413828938,2.748893571891069,0.2384680277194861,0.998923841401172,,,,,,DeepFixel MLP,0.9971294937041898,0.012401137920209734,0.12297281228051388
118,59,0,2,2,1.110786,3.852537,0.51528203,1.2309594173407747,-2.258019719767664,0.3859917223153601,0.745222805777296,,,,,,DeepFixel MLP,0.7993025390958107,0.19916930421625886,0.12929030768463984
119,59,1,2,2,1.3735037,4.2238097,0.48471797,1.4873662401842815,-1.9634954084936211,0.1569605258607062,0.8533822724143254,,,,,,DeepFixel MLP,0.7993025390958107,0.14821370339422296,0.3277574441392938
120,60,0,2,2,1.0284797,3.5576322,0.8783177,1.0471975511965976,-2.650718801466388,0.5591670137415424,0.9687775008558664,,,,,,DeepFixel MLP,0.977818295683546,0.06711264349366654,0.31915068625845755
121,60,1,2,2,0.9709534,1.3294629,0.12168229,0.9479697413828938,1.3744467859455345,0.0514240329883675,0.9868590905112254,,,,,,DeepFixel MLP,0.977818295683546,0.04341606705480656,0.07025825701163249
122,61,0,2,2,0.70685834,3.695167,0.9004195,0.7305737448965524,-2.580593965448758,0.624511558661654,0.9959010382488236,,,,,,DeepFixel MLP,0.9727014788135178,0.024213851252593472,0.27590794133834606
123,61,1,2,2,0.7554567,0.29499057,0.0995805,0.84106867056793,0.2945243112740431,0.0593996429216839,0.9495019193782118,,,,,,DeepFixel MLP,0.9727014788135178,0.08561262019848015,0.040180857078316104
124,62,0,2,2,0.9862045,0.1280499,0.5316448,0.9479697413828938,0.196349540849362,0.3614942400495642,0.96796839291171,,,,,,DeepFixel MLP,0.957017831375411,0.06798534351606013,0.17015055995043582
125,62,1,2,2,1.2925252,3.6221185,0.4683552,1.318116071652818,-2.7488935718910694,0.3016910173595824,0.946067269839112,,,,,,DeepFixel MLP,0.957017831375411,0.088524901659411,0.1666641826404176
126,63,0,2,2,1.3701209,3.8750472,0.5992861,1.4033482475752073,-2.454369260617025,0.3846478011208735,0.9779649424977592,,,,,,DeepFixel MLP,0.9871210604593993,0.056298831048763924,0.21463829887912655
127,63,1,2,2,0.3926991,5.729611,0.4007139,0.4111378623223478,-0.5890486225480861,0.2690975177913152,0.9962771784210394,,,,,,DeepFixel MLP,0.9871210604593993,0.023074794893871656,0.13161638220868482
128,64,0,2,2,1.2399288,1.2039618,0.7451932,1.2309594173407747,1.2762720155208531,0.4892587761709423,0.9671410338789588,,,,,,DeepFixel MLP,0.9642577452507433,0.06886680659727379,0.2559344238290577
129,64,1,2,2,0.57318515,3.4342096,0.25480685,0.6223684885550205,-2.7488935718910685,0.1495228306485543,0.9613744566225276,,,,,,DeepFixel MLP,0.9642577452507433,0.07473370956528798,0.10528401935144568
130,65,0,2,2,1.3973969,1.0036933,0.7219484,1.318116071652818,0.98174770424681,0.4351790748960653,0.9534684137114662,,,,,,DeepFixel MLP,0.9684420827076246,0.08212949300528409,0.28676932510393477
131,65,1,2,2,1.0992529,4.4880004,0.27805164,1.141020895490369,-1.767145867644259,0.1487086948620372,0.9834157517037828,,,,,,DeepFixel MLP,0.9684420827076246,0.04879998433706246,0.1293429451379628
132,66,0,2,2,1.2702893,2.3155434,0.949933,1.318116071652818,2.356194490192345,0.6047469372992355,0.9735059136211196,,,,,,DeepFixel MLP,0.9105428302182783,0.06177621700731656,0.3451860627007646
133,66,1,2,2,0.6597098,1.8137009,0.050066993,0.8410686705679301,2.061670178918302,0.0456571369511386,0.847579746815437,,,,,,DeepFixel MLP,0.9105428302182783,0.2470964179799353,0.004409856048861398
134,67,0,2,2,1.1960598,2.0718026,0.64131844,1.2309594173407747,2.061670178918302,0.3792452382704803,0.990869373848588,,,,,,DeepFixel MLP,0.9848986228507388,0.03616737123488859,0.26207320172951976
135,67,1,2,2,1.2247206,2.7889934,0.35868156,1.2309594173407747,2.8470683423157497,0.187437857649768,0.9789278718528897,,,,,,DeepFixel MLP,0.9848986228507388,0.055046622912651964,0.171243702350232
136,68,0,2,2,0.8549161,2.980336,0.74524796,0.84106867056793,3.0434178831651115,0.4643717785432571,0.983083450941582,,,,,,DeepFixel MLP,0.9790927941871366,0.049288962657952747,0.2808761814567429
137,68,1,2,2,0.46961638,0.951566,0.25475207,0.4111378623223478,0.98174770424681,0.1416547271955633,0.9751021374326913,,,,,,DeepFixel MLP,0.9790927941871366,0.05987130297183529,0.1130973428044367
138,69,0,2,2,1.2247206,5.9305863,0.6741785,1.2309594173407747,-0.2945243112740441,0.434842782829257,0.978928103733468,,,,,,DeepFixel MLP,0.9743299361811903,0.055046392359006525,0.23933571717074303
139,69,1,2,2,0.9862045,3.2696426,0.3258215,1.0471975511965976,-3.043417883165112,0.2179517361709633,0.9697317686289127,,,,,,DeepFixel MLP,0.9743299361811903,0.0660691381378373,0.10786976382903668
140,70,0,2,2,0.42026097,3.3447616,0.6653589,0.4111378623223478,-2.945243112740431,0.4375730154758269,0.999364427026948,,,,,,DeepFixel MLP,0.9821930686839755,0.009529641135384936,0.2277858845241731
141,70,1,2,2,1.3710847,4.36833,0.3346411,1.318116071652818,-1.9634954084936211,0.1921456384749645,0.9650217103410028,,,,,,DeepFixel MLP,0.9821930686839755,0.0710767617169518,0.14249546152503553
142,71,0,2,2,1.5040374,1.4599379,0.5157888,1.141020895490369,-2.9452431127404317,0.3369879588131677,0.9480394040998662,,,,,,DeepFixel MLP,0.9713651212969587,1.8198534395048183,0.17880084118683237
143,71,1,2,2,1.1621684,3.3572958,0.48421118,1.4873662401842815,1.3744467859455345,0.3260162115357061,0.9946908384940514,,,,,,DeepFixel MLP,0.9713651212969587,1.9104138615595887,0.15819496846429393
144,72,0,2,2,1.2580642,0.41761118,0.9163885,1.318116071652818,0.3926990816987241,0.5627715119809384,0.971015295333789,,,,,,DeepFixel MLP,0.9782210269819726,0.06463999066107715,0.3536169880190616
145,72,1,2,2,1.4228436,5.357724,0.08361149,1.4033482475752073,-0.8835729338221299,0.0391320662491869,0.985426758630156,,,,,,DeepFixel MLP,0.9782210269819726,0.04573143198580734,0.044479423750813096
146,73,0,2,2,0.51855856,3.553056,0.82256764,0.5160163873553204,-2.670353755551324,0.6066047446411277,0.9938511604840036,,,,,,DeepFixel MLP,0.6101568283305582,0.029666181465411546,0.21596289535887236
147,73,1,2,2,0.7554567,2.8466022,0.17743237,0.1021064223826043,-0.7853981633974484,0.025906212815394,0.2264624961771127,,,,,,DeepFixel MLP,0.6101568283305582,0.8466197960910468,0.151526157184606
148,74,0,2,2,1.1059791,2.1950765,0.58525985,1.141020895490369,2.1598449493429825,0.3455296607496124,0.9844182646958832,,,,,,DeepFixel MLP,0.982080247161729,0.047294588077606406,0.23973018925038764
149,74,1,2,2,1.530143,5.435113,0.41474015,1.4873662401842815,-0.7853981633974483,0.2324963827464314,0.9797422296275748,,,,,,DeepFixel MLP,0.982080247161729,0.07577724302465434,0.18224376725356858
150,75,0,2,2,1.3361951,3.4166384,0.9659616,1.4033482475752073,-2.84706834231575,0.6870197452703575,0.9662426803022824,,,,,,DeepFixel MLP,0.8878560503120504,0.06981173417229043,0.2789418547296425
151,75,1,2,2,0.9712667,5.383454,0.034038454,0.9479697413828938,3.141592653589793,0.034295083045451,0.8094694203218183,,,,,,DeepFixel MLP,0.8878560503120504,1.6587419303181488,0.0002566290454509984
152,76,0,2,2,0.52578676,1.3063129,0.98203653,0.5160163873553204,1.413716694115407,0.6208946113127977,0.9794805202920888,,,,,,DeepFixel MLP,0.934381491058091,0.05431532712334957,0.36114191868720236
153,76,1,2,2,1.0132154,0.20475604,0.017963493,0.6223684885550205,2.2252947962927703,0.0275666421748103,0.8892824618240931,,,,,,DeepFixel MLP,0.934381491058091,1.3542325140218676,0.0096031491748103
154,77,0,2,2,0.7554567,3.4365833,0.8292814,0.7305737448965524,-2.8049934407051724,0.5687656585440539,0.9901513348691912,,,,,,DeepFixel MLP,0.9430158808416123,0.03756675447327011,0.260515741455946
155,77,1,2,2,1.0210177,2.5880182,0.17071863,1.141020895490369,2.5525440310417062,0.0526632510707671,0.8958804268140332,,,,,,DeepFixel MLP,0.9430158808416123,0.12401003428337237,0.1180553789292329
156,78,0,2,2,0.72305834,1.2835982,0.99548054,0.7305737448965522,1.2341971139102754,0.659800606819396,0.9920819914417104,,,,,,DeepFixel MLP,0.9413224013748416,0.03367383818074922,0.33567993318060396
157,78,1,2,2,1.5049318,2.0334594,0.0045194374,1.2309594173407747,1.2762720155208531,0.0273711967897315,0.8905628113079729,,,,,,DeepFixel MLP,0.9413224013748416,0.7874430599994515,0.0228517593897315
158,79,0,2,2,0.72366047,4.6509695,0.81736237,0.7305737448965522,-1.6829960644231037,0.5868610295725919,0.9917122939990646,,,,,,DeepFixel MLP,0.966974944565863,0.03445296468722979,0.2305013404274081
159,79,1,2,2,1.4186612,3.0063674,0.18263763,1.4873662401842815,2.945243112740431,0.1181417435999295,0.9422375951326614,,,,,,DeepFixel MLP,0.966974944565863,0.09167029440731161,0.06449588640007049
160,80,0,2,2,1.4477566,3.3430457,0.5304089,1.4873662401842815,-2.9452431127404317,0.6678021334923213,0.988875705895058,,,,,,DeepFixel MLP,0.9693770883027438,0.03993356094217282,0.13739323349232135
161,80,1,2,2,1.4892048,3.4112537,0.46959105,1.0471975511965976,-2.650718801466388,0.025021221912191,0.9498784707104296,,,,,,DeepFixel MLP,0.9693770883027438,0.4888748472359325,0.444569828087809
162,81,0,2,2,0.7297539,5.216692,0.9759868,0.7305737448965524,-1.009797638653862,0.6356490032921482,0.9900176589444596,,,,,,DeepFixel MLP,0.9679755478655427,0.03782161032253369,0.3403377967078518
163,81,1,2,2,0.9627663,3.4041371,0.024013214,1.2309594173407747,-0.8835729338221301,0.0248131236645071,0.945933436786626,,,,,,DeepFixel MLP,0.9679755478655427,1.6995762688579614,0.0007999096645071001
164,82,0,2,2,1.110786,5.572241,0.9519662,1.0471975511965976,-0.6872233929727678,0.6268729793779828,0.968940077495668,,,,,,DeepFixel MLP,0.746608992456824,0.06693595328895334,0.3250932206220172
165,82,1,2,2,1.0925009,6.0605583,0.048033748,1.4873662401842815,-0.3926990816987249,0.0464244369631937,0.5242779074179801,,,,,,DeepFixel MLP,0.746608992456824,0.42682548284120747,0.0016093110368063032
166,83,0,2,2,0.8334587,3.4559603,0.5938235,0.7305737448965524,-2.8049934407051724,0.4936565632780259,0.9259496660994844,,,,,,DeepFixel MLP,0.490864747682807,0.10406672459809063,0.10016693672197408
167,83,1,2,2,0.4712389,3.695167,0.40617648,0.5160163873553204,2.670353755551324,0.0374847244189532,0.0557798292661297,,,,,,DeepFixel MLP,0.490864747682807,0.47057462122253974,0.36869175558104683
168,84,0,2,2,1.4514349,5.670296,0.62963414,1.4033482475752073,-0.6872233929727678,0.6491516826040943,0.9468303318324623,,,,,,DeepFixel MLP,0.65618105846639,0.08788553518866456,0.01951754260409433
169,84,1,2,2,1.2702893,5.457136,0.37036583,1.4873662401842815,2.5525440310417067,0.03509465607729,0.3655317851003176,,,,,,DeepFixel MLP,0.65618105846639,2.691919449783134,0.33527117392271
170,85,0,2,2,0.8334587,2.827225,0.98097664,0.84106867056793,2.8470683423157497,0.632445509774467,0.9980749568379526,,,,,,DeepFixel MLP,0.8446899812190869,0.016588244064091595,0.34853113022553295
171,85,1,2,2,1.5295362,6.216337,0.019023387,1.318116071652818,2.945243112740431,0.0313921076752905,0.6913050056002212,,,,,,DeepFixel MLP,0.8446899812190869,2.8208733443424174,0.0123687206752905
172,86,0,2,2,0.43979496,2.7537766,0.77628684,0.4111378623223478,2.945243112740431,0.4808971521601963,0.9514389417912528,,,,,,DeepFixel MLP,0.9486861856173684,0.08392860336902355,0.29538968783980374
173,86,1,2,2,0.9627663,6.020641,0.22371316,1.0471975511965976,-0.2945243112740441,0.1429880158418835,0.945933429443484,,,,,,DeepFixel MLP,0.9486861856173684,0.08863658851794316,0.08072514415811649
174,87,0,2,2,0.4374572,0.6929605,0.5297557,0.4111378623223478,0.5890486225480861,0.377115959346917,0.982458249763522,,,,,,DeepFixel MLP,0.9777920616446696,0.05019645137892248,0.15263974065308306
175,87,1,2,2,1.4884609,3.275516,0.47024426,1.4873662401842815,-2.9452431127404317,0.3233252788762271,0.9731258735258173,,,,,,DeepFixel MLP,0.9777920616446696,0.0622214546515924,0.14691898112377294
176,88,0,2,2,1.3034725,1.8142086,0.51773286,1.318116071652818,1.7671458676442584,0.3270203904707273,0.984098688392904,,,,,,DeepFixel MLP,0.9782748369122397,0.04777948271752018,0.19071246952927268
177,88,1,2,2,0.8040711,2.9166727,0.48226714,0.84106867056793,2.8470683423157497,0.2697194630858481,0.9724509854315754,,,,,,DeepFixel MLP,0.9782748369122397,0.06300456587339921,0.21254767691415188
178,89,0,2,2,0.9627663,0.2625445,0.77635,0.9479697413828938,0.196349540849362,0.5115504226918705,0.9781701244232068,,,,,,DeepFixel MLP,0.9827132075616694,0.0560343054267437,0.26479957730812953
179,89,1,2,2,0.9617865,3.0920238,0.22364995,0.9479697413828938,3.141592653589793,0.135267908083668,0.9872562907001318,,,,,,DeepFixel MLP,0.9827132075616694,0.042752278201538214,0.08838204191633198
180,90,0,2,2,1.3208771,3.0728374,0.79405844,1.4033482475752073,3.0434178831651115,0.6934652996966462,0.9474705915732904,,,,,,DeepFixel MLP,0.6359684239365648,0.08734594956782053,0.10059314030335387
181,90,1,2,2,1.4186612,3.0063674,0.20594157,1.4033482475752073,-0.2945243112740441,0.0226320064906346,0.3244662562998392,,,,,,DeepFixel MLP,0.6359684239365648,2.784813086214289,0.1833095635093654
182,91,0,2,2,1.2247206,0.3525992,0.71818537,1.2309594173407747,0.2945243112740431,0.4526479619206818,0.9789279368902908,,,,,,DeepFixel MLP,0.9885302334534125,0.05504657277137649,0.26553740807931825
183,91,1,2,2,1.0630141,3.627759,0.2818146,1.0471975511965976,-2.650718801466388,0.1446445671189926,0.9981325300165342,,,,,,DeepFixel MLP,0.9885302334534125,0.016338116566086802,0.13717003288100743
184,92,0,2,2,0.75932765,2.2798676,0.7935579,0.7305737448965522,2.356194490192345,0.5023478382925791,0.9756660779057448,,,,,,DeepFixel MLP,0.9690695273134811,0.059184158968629864,0.2912100617074209
185,92,1,2,2,1.091808,1.4354419,0.2064421,1.141020895490369,1.3744467859455345,0.0918263751848684,0.9624729767212172,,,,,,DeepFixel MLP,0.9690695273134811,0.07365050588933239,0.11461572481513159
186,93,0,2,2,0.7995395,1.0422398,0.5286617,0.8410686705679301,1.0799224746714908,0.3366891703162037,0.9827070445127256,,,,,,DeepFixel MLP,0.9906792700849076,0.0498372733229411,0.1919725296837963
187,93,1,2,2,0.19273965,1.9259298,0.47133827,0.204480198968535,1.9634954084936207,0.3092803656672162,0.9986514956570895,,,,,,DeepFixel MLP,0.9906792700849076,0.013882503608407634,0.16205790433278383
188,94,0,2,2,0.41257334,0.0,0.6790345,0.4111378623223478,0.196349540849362,0.4074352191806901,0.9574282168196098,,,,,,DeepFixel MLP,0.9653156657625908,0.07850773329530902,0.2715992808193099
189,94,1,2,2,0.91356677,0.32818297,0.3209655,0.9479697413828938,0.3926990816987242,0.1660158299514992,0.9732031147055716,,,,,,DeepFixel MLP,0.9653156657625908,0.062131179813312606,0.15494967004850083
190,95,0,2,2,0.59685063,1.3801663,0.60958785,0.6223684885550205,1.4398966328953218,0.3872786192548774,0.9873100914630544,,,,,,DeepFixel MLP,0.9906282627561118,0.04266154318129515,0.22230923074512265
191,95,1,2,2,1.3048053,4.5432014,0.39041212,1.318116071652818,-1.767145867644259,0.2770487325156707,0.9939464340491692,,,,,,DeepFixel MLP,0.9906282627561118,0.029434966043358882,0.11336338748432928
192,96,0,2,2,0.8544683,4.349996,0.6608632,0.8410686705679301,-1.8653206380689409,0.4455380439457611,0.9807357238101764,,,,,,DeepFixel MLP,0.9882020656619476,0.05261755083440712,0.2153251560542389
193,96,1,2,2,1.4076132,0.269661,0.33913675,1.4033482475752073,0.2945243112740431,0.2343757800112728,0.9956684075137188,,,,,,DeepFixel MLP,0.9882020656619476,0.024892389877591937,0.10476096998872719
194,97,0,2,2,0.7306707,1.3882595,0.679525,0.7305737448965522,1.45859658916669,0.4645813072575616,0.9846544831539228,,,,,,DeepFixel MLP,0.9878802159019634,0.046933004937367566,0.21494369274243846
195,97,1,2,2,1.4922565,2.5880182,0.320475,1.4873662401842815,2.5525440310417067,0.2497312984926285,0.991105948650004,,,,,,DeepFixel MLP,0.9878802159019634,0.035694432731030644,0.0707437015073715
196,98,0,2,2,1.307886,2.03681,0.9361122,1.318116071652818,1.9634954084936205,0.6069175040657272,0.964486318768518,,,,,,DeepFixel MLP,0.8809833105490754,0.07162479987811586,0.32919469593427275
197,98,1,2,2,1.019126,4.6201324,0.06388778,1.2309594173407747,2.454369260617025,0.0255334054970916,0.7974803023296329,,,,,,DeepFixel MLP,0.8809833105490754,1.849730672746206,0.038354374502908406
198,99,0,2,2,0.12933698,1.0271963,0.93954736,0.1021064223826043,0.7853981633974482,0.6811799852846957,0.9894886208452168,,,,,,DeepFixel MLP,0.8199596386303778,0.03881411267486362,0.25836737471530435
199,99,1,2,2,0.710654,0.76974565,0.06045265,0.4111378623223478,2.552544031041707,0.025901891335972,0.6504306564155387,,,,,,DeepFixel MLP,0.8199596386303778,0.8764058526257861,0.034550758664028
200,100,0,2,2,0.65565425,4.355456,0.50923383,0.6223684885550205,-1.9634954084936205,0.3473933725506767,0.9890984385935292,,,,,,DeepFixel MLP,0.977140442073765,0.039530381717502304,0.1618404574493233
201,100,1,2,2,0.6384576,2.369884,0.49076614,0.6223684885550206,2.4870941840919194,0.3217250836588885,0.9651824455540008,,,,,,DeepFixel MLP,0.977140442073765,0.07091146378736174,0.1690410563411115
202,101,0,2,2,0.7827609,4.59789,0.92132556,0.7305737448965522,-1.6829960644231037,0.6396363760494965,0.9810304521715796,,,,,,DeepFixel MLP,0.9814521249362655,0.052210996392720456,0.28168918395050346
203,101,1,2,2,0.4963124,0.25421822,0.07867446,0.5160163873553204,0.1570796326794896,0.0350720718412913,0.9818737977009514,,,,,,DeepFixel MLP,0.9814521249362655,0.05103049042527424,0.043602388158708705
204,102,0,2,2,0.86770654,3.8798122,0.9077771,0.8410686705679301,-2.4543692606170264,0.6170403751893754,0.9847543403405806,,,,,,DeepFixel MLP,0.9433523514655633,0.04677927939429899,0.2907367248106246
205,102,1,2,2,0.72366047,1.6322156,0.092222944,0.8410686705679301,1.6689710972195777,0.0518223146394235,0.901950362590546,,,,,,DeepFixel MLP,0.9433523514655633,0.12022028340874223,0.0404006293605765
206,103,0,2,2,0.3349322,0.92016095,0.56448525,0.3073950510845033,0.7853981633974483,0.395013004560451,0.9821630020935014,,,,,,DeepFixel MLP,0.9801315520057553,0.05061945733684902,0.16947224543954903
207,103,1,2,2,1.2223531,2.5132859,0.43551472,1.2309594173407747,2.454369260617025,0.2909326053766782,0.9781001019180092,,,,,,DeepFixel MLP,0.9801315520057553,0.05612474951207731,0.14458211462332182
208,104,0,2,2,1.296752,5.937796,0.7472099,1.318116071652818,-0.3926990816987248,0.6112855036709957,0.9822979233244468,,,,,,DeepFixel MLP,0.8011606784126526,0.05042647636590782,0.13592439632900433
209,104,1,2,2,1.449305,5.5519843,0.25279012,0.9479697413828938,-0.7853981633974485,0.0330400366606764,0.6200234335008584,,,,,,DeepFixel MLP,0.8011606784126526,0.5037929704005494,0.2197500833393236
210,105,0,2,2,0.9462668,5.291475,0.56048644,0.9479697413828936,-0.9817477042468106,0.4015348975510917,0.9995219577089304,,,,,,DeepFixel MLP,0.9703975985454032,0.00826434446660389,0.15895154244890836
211,105,1,2,2,0.78804016,5.89648,0.43951356,0.84106867056793,-0.4908738521234055,0.2470621285007502,0.941273239381876,,,,,,DeepFixel MLP,0.9703975985454032,0.09244663214531092,0.19245143149924981
212,106,0,2,2,1.3703629,1.3006282,0.677915,1.4033482475752073,1.2762720155208531,0.4928595196484571,0.9884123151676116,,,,,,DeepFixel MLP,0.9736035893675371,0.04075969377078834,0.18505548035154296
213,106,1,2,2,1.0248133,4.896473,0.32208505,1.0471975511965974,-1.472621556370216,0.184151368912026,0.9587948635674626,,,,,,DeepFixel MLP,0.9736035893675371,0.07722059620915725,0.137933681087974
214,107,0,2,2,1.4090861,2.730789,0.67759156,1.4033482475752073,2.650718801466388,0.4420801307377457,0.956689086306652,,,,,,DeepFixel MLP,0.9661856639121678,0.07919568904895206,0.23551142926225427
215,107,1,2,2,1.3722193,3.7552102,0.3224084,1.318116071652818,-2.552544031041707,0.1979711341481955,0.9756822415176836,,,,,,DeepFixel MLP,0.9661856639121678,0.059164313295572174,0.12443726585180448
216,108,0,2,2,0.9200989,4.318702,0.7969696,0.9479697413828938,-1.9634954084936211,0.5672134539723479,0.994567259001189,,,,,,DeepFixel MLP,0.9837916037318217,0.027882155527649735,0.22975614602765204
217,108,1,2,2,1.2925252,0.4805259,0.20303039,1.2309594173407747,0.4908738521234052,0.1117956355028868,0.9730159484624544,,,,,,DeepFixel MLP,0.9837916037318217,0.06234965406729559,0.0912347544971132
218,109,0,2,2,0.2060244,2.9385536,0.7101289,0.204480198968535,2.748893571891069,0.461248871486104,0.9895875218281244,,,,,,DeepFixel MLP,0.9930336079938697,0.03863049393243906,0.24888002851389596
219,109,1,2,2,0.710654,0.76974565,0.28987113,0.7305737448965522,0.7853981633974483,0.214154592386409,0.9964796941596152,,,,,,DeepFixel MLP,0.9930336079938697,0.022437702444795163,0.07571653761359098
220,110,0,2,2,1.1746064,4.372383,0.7851408,1.141020895490369,-1.9634954084936211,0.5367705262692948,0.9759823463374028,,,,,,DeepFixel MLP,0.9864436392008196,0.05879522786463921,0.2483702737307052
221,110,1,2,2,0.8245151,5.809861,0.21485922,0.84106867056793,-0.4908738521234055,0.1323525234664783,0.9969049320642362,,,,,,DeepFixel MLP,0.9864436392008196,0.021037428160177,0.08250669653352169
222,111,0,2,2,0.53582484,4.841545,0.74633527,0.5160163873553204,-1.4137166941154071,0.4944614848683896,0.9958836413057844,,,,,,DeepFixel MLP,0.9960478882882955,0.024265275648266554,0.2518737851316104
223,111,1,2,2,1.4641,4.1240077,0.25366476,1.4873662401842815,-2.1598449493429825,0.1922089002377242,0.9962121352708064,,,,,,DeepFixel MLP,0.9960478882882955,0.023275722221644216,0.0614558597622758
224,112,0,2,2,0.9475288,0.4079598,0.9516826,0.9479697413828938,0.3926990816987242,0.6735230006724219,0.9989238500734636,,,,,,DeepFixel MLP,0.9410852133264413,0.012401094427668074,0.27815959932757817
225,112,1,2,2,0.74543303,2.6748571,0.048317365,0.6223684885550205,2.7488935718910685,0.0264599260733344,0.883246576579419,,,,,,DeepFixel MLP,0.9410852133264413,0.1315948343994861,0.021857438926665602
226,113,0,2,2,0.62831855,2.5880182,0.9847242,0.6223684885550206,2.4870941840919194,0.6500121476694752,0.97552206213032,,,,,,DeepFixel MLP,0.9025066075254854,0.059360362932728485,0.3347120523305248
227,113,1,2,2,0.67580384,0.13008463,0.015275748,0.3073950510845033,-2.8797932657906435,0.0269514418939773,0.8294911529206508,,,,,,DeepFixel MLP,0.9025066075254854,0.9812277865384785,0.011675693893977301
228,114,0,2,2,0.96290207,1.7163765,0.8873196,0.9479697413828938,1.7671458676442584,0.5970347961442115,0.9864671718249444,,,,,,DeepFixel MLP,0.9662644960840866,0.044061478943918944,0.2902848038557885
229,114,1,2,2,0.9709534,4.9537225,0.11268038,1.0471975511965976,-1.2762720155208538,0.0452640951431363,0.9460618203432288,,,,,,DeepFixel MLP,0.9662644960840866,0.08852942834166169,0.0674162848568637
230,115,0,2,2,1.3488619,3.278148,0.7412697,1.318116071652818,-2.9452431127404317,0.6347958109651773,0.9700232328600892,,,,,,DeepFixel MLP,0.596693475247683,0.0657471650549909,0.10647388903482269
231,115,1,2,2,1.1621684,3.3572958,0.2587303,0.9479697413828938,2.945243112740431,0.0235798883800656,0.2233637176352769,,,,,,DeepFixel MLP,0.596693475247683,0.4158804433590491,0.2351504116199344
232,116,0,2,2,1.3708869,1.4452434,0.9128511,1.4033482475752073,1.4726215563702154,0.5998798139356779,0.9876002873754556,,,,,,DeepFixel MLP,0.8974438703276354,0.0421690080813176,0.3129712860643221
233,116,1,2,2,0.90174824,4.608761,0.08714891,0.7305737448965522,-1.6829960644231037,0.0339401113263971,0.8072874532798152,,,,,,DeepFixel MLP,0.8974438703276354,0.1712873480479144,0.0532087986736029
234,117,0,2,2,1.1656685,4.536293,0.514757,1.141020895490369,-1.767145867644259,0.336959311524635,0.9933619027067518,,,,,,DeepFixel MLP,0.9838023871973379,0.03082618604380075,0.17779768847536503
235,117,1,2,2,1.0804663,3.9342618,0.48524305,1.141020895490369,-2.3561944901923453,0.2853518838022951,0.974242871687924,,,,,,DeepFixel MLP,0.9838023871973379,0.06090387389475183,0.19989116619770492
236,118,0,2,2,1.5041426,4.531407,0.9873025,1.4873662401842815,-1.767145867644259,0.6672742043631096,0.9963901302880548,,,,,,DeepFixel MLP,0.9339714443375926,0.022721688644771226,0.3200282956368904
237,118,1,2,2,0.8245151,0.4733239,0.012697517,0.7305737448965522,-1.9073955396795172,0.0334812671379669,0.8715527583871305,,,,,,DeepFixel MLP,0.9339714443375926,1.4194025706441786,0.0207837501379669
238,119,0,2,2,0.74112105,0.9608346,0.9065916,0.7305737448965524,1.009797638653862,0.6075120797886137,0.9916832928014484,,,,,,DeepFixel MLP,0.9616489601432542,0.03451336519829191,0.2990795202113864
239,119,1,2,2,0.5535744,4.712389,0.0934084,0.6223684885550206,-1.4398966328953222,0.0537631326678475,0.93161462748506,,,,,,DeepFixel MLP,0.9616489601432542,0.09991513195448902,0.039645267332152505
240,120,0,2,2,0.65565425,1.9277295,0.55092007,0.6223684885550205,1.9634954084936205,0.4064272543298066,0.9890984484284951,,,,,,DeepFixel MLP,0.9663005220573964,0.039530319708684786,0.1444928156701934
241,120,1,2,2,1.3127629,2.2547262,0.44907993,1.4033482475752073,2.258019719767664,0.2502283377556653,0.9435025956862976,,,,,,DeepFixel MLP,0.9663005220573964,0.09064248902147463,0.19885159224433474
242,121,0,2,2,1.1120028,5.104773,0.83732927,1.141020895490369,-1.1780972450961729,0.539410073490422,0.9941158512688362,,,,,,DeepFixel MLP,0.9754024993697629,0.02901948970228713,0.297919196509578
243,121,1,2,2,1.4090861,0.41080377,0.16267073,1.4033482475752073,0.4908738521234053,0.1016897725924443,0.9566891474706896,,,,,,DeepFixel MLP,0.9754024993697629,0.079195574516187,0.060980957407555714
244,122,0,2,2,0.7297539,5.216692,0.63880384,0.7305737448965524,-1.009797638653862,0.4280495325333751,0.9900176589444596,,,,,,DeepFixel MLP,0.9912731243031282,0.03782161032253369,0.21075430746662493
245,122,1,2,2,1.3902206,3.0738356,0.36119616,1.4033482475752073,3.0434178831651115,0.2449135482817158,0.9925285896617968,,,,,,DeepFixel MLP,0.9912731243031282,0.032708130278875466,0.11628261171828419
246,123,0,2,2,1.158223,4.712389,0.5956687,1.141020895490369,-1.5707963267948968,0.4449201861287115,0.9979299329240382,,,,,,DeepFixel MLP,0.979735332657703,0.01720210450964409,0.15074851387128857
247,123,1,2,2,1.2295184,5.51686,0.40433133,1.2309594173407747,-0.6872233929727678,0.2388450887121979,0.9615407323913678,,,,,,DeepFixel MLP,0.979735332657703,0.07457072850978443,0.1654862412878021
248,124,0,2,2,0.8244284,5.6337776,0.76387507,0.8410686705679301,-0.6872233929727678,0.4788281571350506,0.9926010702340846,,,,,,DeepFixel MLP,0.9895387792441082,0.0325486966287576,0.2850469128649494
249,124,1,2,2,1.3312842,4.1666784,0.23612495,1.318116071652818,-2.1598449493429825,0.1399113261284854,0.9864764882541318,,,,,,DeepFixel MLP,0.9895387792441082,0.04404619625029093,0.09621362387151461
250,125,0,2,2,0.6597098,4.4694843,0.5764684,0.6223684885550205,-1.7016960206944711,0.3743033453977473,0.9593977316681516,,,,,,DeepFixel MLP,0.9666380062563569,0.07664622434803295,0.2021650546022527
251,125,1,2,2,1.4386635,5.1525416,0.42353162,1.4033482475752073,-1.079922474671491,0.2873399737431888,0.9738782808445622,,,,,,DeepFixel MLP,0.9666380062563569,0.06133699310370793,0.13619164625681118
252,126,0,2,2,0.89141375,2.220967,0.9329717,0.8410686705679301,2.258019719767664,0.6254118275242063,0.976850618519786,,,,,,DeepFixel MLP,0.9316046194115444,0.05771493922672824,0.30755987247579364
253,126,1,2,2,0.39581668,5.252859,0.06702827,1.0471975511965974,2.8470683423157497,0.0311048145226191,0.8863586203033028,,,,,,DeepFixel MLP,0.9316046194115444,1.3553139782601002,0.035923455477380906
254,127,0,2,2,0.8833323,3.386553,0.65596217,0.8410686705679301,-2.84706834231575,0.4228094989638043,0.9777434805031388,,,,,,DeepFixel MLP,0.949110681408233,0.05658303563688239,0.2331526710361957
255,127,1,2,2,1.4076132,2.8719316,0.34403786,1.4873662401842815,2.945243112740431,0.1837068911007293,0.9204778823133272,,,,,,DeepFixel MLP,0.949110681408233,0.10793909983011421,0.16033096889927068
256,128,0,2,2,0.31415927,5.729611,0.6577347,0.4111378623223478,-0.5890486225480861,0.5749619696574717,0.9344491016812908,,,,,,DeepFixel MLP,0.5088162122536782,0.0977777684231978,0.0827727303425283
257,128,1,2,2,0.6159369,5.3985457,0.34226528,0.5160163873553204,-1.7278759594743864,0.0410755806701943,0.0831833228260657,,,,,,DeepFixel MLP,0.5088162122536782,0.4521012695498368,0.3011896993298057
258,129,0,2,2,1.2766433,3.0026262,0.8939565,1.2309594173407747,3.0434178831651115,0.5696211263856582,0.9750720897400876,,,,,,DeepFixel MLP,0.9784019868572928,0.059907713936452237,0.32433537361434184
259,129,1,2,2,1.2301036,4.7562237,0.106043495,1.2309594173407743,-1.472621556370216,0.077288656472082,0.981731883974498,,,,,,DeepFixel MLP,0.9784019868572928,0.05123098012154369,0.028754838527918006
260,130,0,2,2,1.019126,1.4785396,0.86500275,1.0471975511965976,1.4726215563702154,0.6368815485261721,0.99431313303223,,,,,,DeepFixel MLP,0.7301603176949978,0.02852799989008114,0.22812120147382797
261,130,1,2,2,1.1120028,1.9631804,0.13499726,1.4033482475752073,1.0799224746714908,0.0337282356843298,0.4660075023577655,,,,,,DeepFixel MLP,0.7301603176949978,0.8829690981761127,0.1012690243156702
262,131,0,2,2,0.64099085,5.946992,0.8769519,0.6223684885550205,-0.392699081698724,0.5895856399936815,0.9898142120694904,,,,,,DeepFixel MLP,0.9186999765115798,0.03820635094775687,0.2873662600063185
263,131,1,2,2,1.3701209,5.549731,0.12304811,0.8410686705679301,-0.8835729338221301,0.0409434576771166,0.847585740953669,,,,,,DeepFixel MLP,0.9186999765115798,0.5451080442269083,0.0821046523228834
264,132,0,2,2,0.9712667,2.241861,0.67209876,1.0471975511965976,2.258019719767664,0.4373923189613367,0.9588675240977548,,,,,,DeepFixel MLP,0.9569807821704825,0.07715153810279357,0.23470644103866334
265,132,1,2,2,1.0992529,1.3464079,0.32790127,1.0471975511965976,1.2762720155208531,0.2137307104850622,0.9550940402432104,,,,,,DeepFixel MLP,0.9569807821704825,0.08066121387154097,0.11417055951493782
266,133,0,2,2,0.79132,0.0,0.8572101,0.8410686705679301,-0.0981747704246809,0.5586286611379683,0.9477712241770404,,,,,,DeepFixel MLP,0.9657358073338607,0.08709147592960306,0.2985814388620317
267,133,1,2,2,0.84618837,1.4082233,0.1427899,0.84106867056793,1.4726215563702154,0.1134157830127423,0.9837003904906808,,,,,,DeepFixel MLP,0.9657358073338607,0.04837718569738524,0.029374116987257698
268,134,0,2,2,0.79452795,3.2547553,0.67026865,0.8410686705679301,-3.043417883165112,0.4379893216124702,0.9840801877539912,,,,,,DeepFixel MLP,0.9596041921199296,0.047807431613648116,0.23227932838752985
269,134,1,2,2,0.34598398,1.5707964,0.32973135,0.4111378623223478,1.3744467859455345,0.1941215876294638,0.935128196485868,,,,,,DeepFixel MLP,0.9596041921199296,0.09725930906107777,0.13560976237053618
270,135,0,2,2,0.72305834,4.999587,0.97458035,0.7305737448965524,-1.234197113910276,0.6604268936461484,0.9920819721275748,,,,,,DeepFixel MLP,0.8737126159605189,0.03367390759189338,0.3141534563538516
271,135,1,2,2,0.8549161,2.980336,0.025419679,1.141020895490369,-1.1780972450961729,0.0346137272080988,0.755343259793463,,,,,,DeepFixel MLP,0.8737126159605189,1.6582784108749307,0.009194048208098798
272,136,0,2,2,0.41518077,1.5707964,0.87237364,0.4111378623223478,1.3744467859455345,0.562110949631185,0.9570806662569358,,,,,,DeepFixel MLP,0.965992964477961,0.07883191446600818,0.31026269036881493
273,136,1,2,2,1.3778208,3.3450828,0.12762639,1.318116071652818,-2.9452431127404317,0.084978239658458,0.9749052626989864,,,,,,DeepFixel MLP,0.965992964477961,0.060109368156529994,0.04264815034154201
274,137,0,2,2,0.23561946,2.5880182,0.56296235,0.204480198968535,2.748893571891069,0.381344404643179,0.9847137002460582,,,,,,DeepFixel MLP,0.9730033591443987,0.046841908099709575,0.18161794535682096
275,137,1,2,2,1.121992,5.990568,0.43703762,1.0471975511965976,-0.2945243112740441,0.2595883978212923,0.9612930180427391,,,,,,DeepFixel MLP,0.9730033591443987,0.07481343303562994,0.17744922217870773
276,138,0,2,2,1.1743016,4.45066,0.50333846,0.9479697413828938,1.3744467859455345,0.3441225162064309,0.9674859954842342,,,,,,DeepFixel MLP,0.9769765911222374,2.1203931359799686,0.15921594379356913
277,138,1,2,2,0.96290207,1.4252161,0.4966615,1.141020895490369,-1.767145867644259,0.2982424868819017,0.9864671867602408,,,,,,DeepFixel MLP,0.9769765911222374,2.1028069286213524,0.1984190131180983
278,139,0,2,2,0.5302741,5.2520604,0.6214109,0.5160163873553204,-1.0995574287564278,0.4402326210131481,0.9904269052028072,,,,,,DeepFixel MLP,0.9918219796251608,0.037035865703934655,0.1811782789868519
279,139,1,2,2,1.3398488,2.3331926,0.37858906,1.318116071652818,2.356194490192345,0.2333268983913704,0.9932170540475144,,,,,,DeepFixel MLP,0.9918219796251608,0.031161426285483927,0.14526216160862956
280,140,0,2,2,1.2566371,5.729611,0.5740363,1.318116071652818,-0.5890486225480871,0.3384604475147644,0.9657936276403614,,,,,,DeepFixel MLP,0.9813492654542553,0.07027955256835643,0.23557585248523566
281,140,1,2,2,0.8245151,3.6149166,0.4259637,0.84106867056793,-2.650718801466388,0.2831234287811517,0.9969049032681492,,,,,,DeepFixel MLP,0.9813492654542553,0.0210375928643339,0.1428402712188483
282,141,0,2,2,1.2935516,5.668422,0.9671752,1.318116071652818,-0.5890486225480871,0.6331676525970027,0.991487679145304,,,,,,DeepFixel MLP,0.6620288651800398,0.034918069846692906,0.3340075474029973
283,141,1,2,2,1.153343,5.9225984,0.03282482,1.4033482475752073,-0.0981747704246809,0.0312110820818651,0.3325700512147755,,,,,,DeepFixel MLP,0.6620288651800398,0.35382101754692236,0.0016137379181348985
284,142,0,2,2,1.5301447,2.180383,0.9457412,1.4873662401842815,2.1598449493429825,0.5687978113924336,0.9843257716320096,,,,,,DeepFixel MLP,0.961285408966405,0.04743544845164406,0.3769433886075664
285,142,1,2,2,0.89912957,1.5707964,0.054258812,1.4873662401842815,-0.9817477042468108,0.0613827234553145,0.9382450463008004,,,,,,DeepFixel MLP,0.961285408966405,2.210229777739648,0.007123911455314505
286,143,0,2,2,0.86736286,1.01902,0.5156518,0.8410686705679301,1.0799224746714908,0.3385122745732757,0.9805205636114848,,,,,,DeepFixel MLP,0.9720396044964457,0.05291226481112643,0.1771395254267243
287,143,1,2,2,1.3701209,2.408138,0.48434818,1.318116071652818,2.356194490192345,0.3282190277804254,0.9635586453814066,,,,,,DeepFixel MLP,0.9720396044964457,0.07256481585567585,0.15612915221957463
288,144,0,2,2,0.84618837,1.4082233,0.8279716,0.84106867056793,1.4726215563702154,0.5186396124172946,0.9837003904906808,,,,,,DeepFixel MLP,0.9909164617877309,0.04837718569738524,0.3093319875827054
289,144,1,2,2,1.0630141,0.4861664,0.17202841,1.0471975511965976,0.4908738521234052,0.081379106137399,0.998132533084781,,,,,,DeepFixel MLP,0.9909164617877309,0.01633810488074246,0.09064930386260099
290,145,0,2,2,0.9475288,3.5495524,0.97716075,0.9479697413828936,-2.7488935718910694,0.6710564165201175,0.9989238503528558,,,,,,DeepFixel MLP,0.9640615655388801,0.012401050935126086,0.30610433347988253
291,145,1,2,2,1.1294748,2.0483818,0.022839244,1.141020895490369,-2.1598449493429825,0.0266639029014479,0.9291992807249044,,,,,,DeepFixel MLP,0.9640615655388801,1.791683179879143,0.003824658901447897
292,146,0,2,2,1.0210177,0.5535744,0.50251937,1.318116071652818,-0.3926990816987248,0.3247264174430241,0.9750756663957908,,,,,,DeepFixel MLP,0.9786867948601188,0.9105123886884475,0.17779295255697591
293,146,1,2,2,1.296752,5.937796,0.49748066,1.0471975511965976,0.4908738521234052,0.2952610323632362,0.9822979233244468,,,,,,DeepFixel MLP,0.9786867948601188,0.8036283504088688,0.20221962763676382
294,147,0,2,2,1.1074132,3.5631444,0.8771896,1.141020895490369,-2.7488935718910694,0.6087784096298904,0.9874034489859688,,,,,,DeepFixel MLP,0.9906273265978884,0.04250366249173662,0.26841119037010963
295,147,1,2,2,0.51855856,5.8717217,0.1228104,0.5160163873553204,-0.4712388980384692,0.071232936667575,0.9938512042098082,,,,,,DeepFixel MLP,0.9906273265978884,0.029666053026670896,0.051577463332424994
296,148,0,2,2,1.1294748,4.2348037,0.52764684,1.141020895490369,-1.9634954084936211,0.3280767889881744,0.9581635466269994,,,,,,DeepFixel MLP,0.9687252378553715,0.07781763377336658,0.19957005101182557
297,148,1,2,2,0.3244638,1.9996618,0.47235316,0.3073950510845033,1.832595714594046,0.3093546699142395,0.9792869290837436,,,,,,DeepFixel MLP,0.9687252378553715,0.05457258511718815,0.1629984900857605
298,149,0,2,2,1.3710847,4.36833,0.7188343,1.4033482475752073,-1.8653206380689409,0.4617913987312087,0.9762877389585504,,,,,,DeepFixel MLP,0.9774665301040026,0.05841753644639071,0.2570429012687913
299,149,1,2,2,0.51615083,5.6101303,0.2811657,0.5160163873553204,-0.7853981633974483,0.1818535667848983,0.9786453212494548,,,,,,DeepFixel MLP,0.9774665301040026,0.05541693714974208,0.09931213321510171
300,150,0,2,2,0.53582484,4.583233,0.980635,0.5160163873553204,-1.7278759594743864,0.6187186091082143,0.995883638963096,,,,,,DeepFixel MLP,0.9600034820166543,0.02426528702067972,0.36191639089178573
301,150,1,2,2,1.5049318,1.1081332,0.01936501,0.7305737448965524,-1.009797638653862,0.0271838928091242,0.9241233250702128,,,,,,DeepFixel MLP,0.9600034820166543,1.8727472819329478,0.007818882809124201
302,151,0,2,2,0.9475288,2.7336328,0.879387,0.9479697413828938,2.748893571891069,0.6143056819445782,0.998923841401172,,,,,,DeepFixel MLP,0.9738431432572454,0.012401137920209734,0.2650813180554218
303,151,1,2,2,1.0650716,0.1505415,0.12061298,1.141020895490369,0.196349540849362,0.0669075810998445,0.948762445113319,,,,,,DeepFixel MLP,0.9738431432572454,0.08624737784827215,0.05370539890015549
304,152,0,2,2,0.4712389,3.695167,0.9793267,0.5160163873553204,-2.670353755551324,0.626439326585616,0.9755235018940778,,,,,,DeepFixel MLP,0.9372098653379262,0.0593585792635245,0.35288737341438403
305,152,1,2,2,1.110786,3.852537,0.020673301,0.9479697413828938,-2.3561944901923453,0.0293267664910502,0.8988962287817744,,,,,,DeepFixel MLP,0.9372098653379262,0.17481697853958975,0.0086534654910502
306,153,0,2,2,1.0284797,3.5576322,0.69598925,1.0471975511965976,-2.650718801466388,0.4412146596636555,0.9687775008558664,,,,,,DeepFixel MLP,0.9728939836713753,0.06711264349366654,0.25477459033634453
307,153,1,2,2,1.1791382,6.21173,0.30401075,1.2309594173407747,-0.0981747704246809,0.2228605601732819,0.9770104664868842,,,,,,DeepFixel MLP,0.9728939836713753,0.05751384971292024,0.0811501898267181
308,154,0,2,2,0.6384576,0.77170867,0.73648345,0.6223684885550205,0.6544984694978736,0.4784766315898238,0.9651824300603598,,,,,,DeepFixel MLP,0.9625836659922145,0.07091147319730788,0.25800681841017625
309,154,1,2,2,1.2392242,4.9268064,0.26351655,1.2309594173407747,-1.2762720155208538,0.1618789724223609,0.9599849019240692,,,,,,DeepFixel MLP,0.9625836659922145,0.07608293895731907,0.10163757757763911
310,155,0,2,2,1.50476,1.9633567,0.69990706,1.4873662401842815,1.9634954084936205,0.4909714440717489,0.997883447400664,,,,,,DeepFixel MLP,0.9944321455078309,0.017394309782975348,0.2089356159282511
311,155,1,2,2,0.6136997,0.07068824,0.30009297,0.6223684885550205,0.1308996938995747,0.1850424684558439,0.9909808436149976,,,,,,DeepFixel MLP,0.9944321455078309,0.035945274330058466,0.11505050154415611
312,156,0,2,2,1.3011353,4.712389,0.6276925,1.318116071652818,-1.5707963267948968,0.4433989083287823,0.9979828347706466,,,,,,DeepFixel MLP,0.9925539056534676,0.01698077165282795,0.18429359167121767
313,156,1,2,2,1.17709,1.9889878,0.3723075,1.141020895490369,1.9634954084936205,0.235804601489884,0.9871249765362884,,,,,,DeepFixel MLP,0.9925539056534676,0.04297278052542886,0.13650289851011602
314,157,0,2,2,0.9712667,4.041324,0.9387616,1.0471975511965976,-2.258019719767664,0.5914459957270312,0.9588675341271474,,,,,,DeepFixel MLP,0.7744021363269207,0.07715149205979074,0.3473156042729688
315,157,1,2,2,1.1595315,3.9249787,0.06123843,0.8410686705679301,-2.84706834231575,0.0369505975308879,0.589936738526694,,,,,,DeepFixel MLP,0.7744021363269207,0.5162170462845999,0.024287832469112106
316,158,0,2,2,0.89912957,4.712389,0.53889084,0.9479697413828938,-1.5707963267948968,0.3740149867926736,0.9833885465417596,,,,,,DeepFixel MLP,0.9714456296664093,0.048840171382894725,0.1648758532073264
317,158,1,2,2,1.2173288,0.9882742,0.4611092,1.141020895490369,0.98174770424681,0.2676005202014868,0.9595027127910593,,,,,,DeepFixel MLP,0.9714456296664093,0.07654579823936426,0.19350867979851322
318,159,0,2,2,0.75932765,4.003318,0.9838101,0.7305737448965522,-2.356194490192345,0.6317258752498535,0.9756659934035968,,,,,,DeepFixel MLP,0.9060307610917588,0.059184332383734384,0.35208422475014656
319,159,1,2,2,1.3351768,3.695167,0.016189855,0.7305737448965522,-3.029392915961586,0.0362073177054847,0.8363955287799208,,,,,,DeepFixel MLP,0.9060307610917588,0.7066449445166905,0.0200174627054847
320,160,0,2,2,0.74543303,2.6748571,0.9606279,0.7305737448965524,2.580593965448758,0.5916009652683938,0.970583895370578,,,,,,DeepFixel MLP,0.9583228578569033,0.0651237049498142,0.3690269347316062
321,160,1,2,2,0.9709534,4.9537225,0.039372094,0.6223684885550205,-2.7488935718910685,0.0298146319578629,0.9460618203432286,,,,,,DeepFixel MLP,0.9583228578569033,1.0107511108419256,0.009557462042137102
322,161,0,2,2,1.2399288,1.2039618,0.66197103,1.2309594173407747,1.2762720155208531,0.4135462722324905,0.9671410338789588,,,,,,DeepFixel MLP,0.9690781501792266,0.06886680659727379,0.2484247577675095
323,161,1,2,2,1.2580642,2.7239814,0.33802894,1.318116071652818,2.748893571891069,0.2234170048230674,0.9710152664794944,,,,,,DeepFixel MLP,0.9690781501792266,0.0646400168054094,0.1146119351769326
324,162,0,2,2,1.4392166,1.0602366,0.87678194,1.4033482475752073,1.0799224746714908,0.6342999187807007,0.9883839702575936,,,,,,DeepFixel MLP,0.9504580632075994,0.040809679951195194,0.2424820212192993
325,162,1,2,2,0.710654,3.9113383,0.12321806,0.6223684885550206,-2.4870941840919194,0.0420243935901128,0.9125321561576052,,,,,,DeepFixel MLP,0.9504580632075994,0.11335041284682415,0.0811936664098872
326,163,0,2,2,1.1092144,6.209609,0.56915367,1.0471975511965976,-0.0981747704246809,0.3612124761113613,0.9700722157461964,,,,,,DeepFixel MLP,0.9847970786953474,0.06569295674192271,0.20794119388863863
327,163,1,2,2,0.9462668,0.99171066,0.4308463,0.9479697413828938,0.98174770424681,0.2951561013834399,0.9995219416444984,,,,,,DeepFixel MLP,0.9847970786953474,0.008264624716320034,0.13569019861656012
328,164,0,2,2,0.98553395,2.503627,0.5331325,0.9479697413828938,2.5525440310417062,0.380955524453222,0.9789188502531584,,,,,,DeepFixel MLP,0.9774973874283456,0.055058557445992355,0.152176975546778
329,164,1,2,2,0.9827457,4.3771815,0.4668675,0.9479697413828938,-1.9634954084936211,0.3420798226362629,0.9760759246035328,,,,,,DeepFixel MLP,0.9774973874283456,0.05867980208628154,0.12478767736373708
330,165,0,2,2,0.5445955,2.2427905,0.73385584,0.5160163873553204,2.356194490192345,0.7096651711522035,0.97153963041,,,,,,DeepFixel MLP,0.5172062493959615,0.06404739585561312,0.024190668847796526
331,165,1,2,2,0.23561946,2.5880182,0.26614413,1.2309594173407747,2.650718801466388,0.0271634726006179,0.062872868381923,,,,,,DeepFixel MLP,0.5172062493959615,0.9958553931402098,0.23898065739938207
332,166,0,2,2,0.23561946,5.729611,0.5752079,0.204480198968535,-0.3926990816987249,0.3501118043626818,0.9847137094547324,,,,,,DeepFixel MLP,0.9772238696753017,0.04684188435778155,0.2250960956373182
333,166,1,2,2,0.9942772,5.9422545,0.42479208,1.0471975511965976,-0.2945243112740441,0.228856785323814,0.9697340298958712,,,,,,DeepFixel MLP,0.9772238696753017,0.06606664485268052,0.195935294676186
334,167,0,2,2,0.6879088,4.0139174,0.6820471,0.7305737448965522,-2.356194490192345,0.4252189784806552,0.965229603352588,,,,,,DeepFixel MLP,0.9591456917441752,0.07086287971994379,0.2568281215193448
335,167,1,2,2,0.2599898,5.2552176,0.3179529,0.3073950510845033,-0.7853981633974483,0.1610660270700017,0.9530617801357624,,,,,,DeepFixel MLP,0.9591456917441752,0.08249294190085285,0.15688687292999828
336,168,0,2,2,0.39158684,5.064584,0.898751,0.4111378623223478,-1.3744467859455345,0.6126365046932074,0.9716863960363284,,,,,,DeepFixel MLP,0.8583907180004968,0.06388065399653878,0.28611449530679256
337,168,1,2,2,0.9827457,4.3771815,0.10124897,1.141020895490369,-1.767145867644259,0.0484203260896827,0.7450950399646652,,,,,,DeepFixel MLP,0.8583907180004968,0.1992240545389653,0.052828643910317295
338,169,0,2,2,1.3020546,4.627753,0.62757593,1.2309594173407747,-1.6689710972195784,0.4345776187394694,0.9638622743364078,,,,,,DeepFixel MLP,0.9755861872187737,0.07225841069330582,0.19299831126053063
339,169,1,2,2,0.59685063,1.7614263,0.37242404,0.6223684885550205,1.7016960206944711,0.2582475309220611,0.9873101001011394,,,,,,DeepFixel MLP,0.9755861872187737,0.04266151860473755,0.11417650907793891
340,170,0,2,2,1.0650716,2.9910512,0.9619524,1.0471975511965976,3.0434178831651115,0.6232400867131217,0.983307414632602,,,,,,DeepFixel MLP,0.9185764621683822,0.048959921955621474,0.33871231328687834
341,170,1,2,2,0.07853982,3.695167,0.038047586,1.4873662401842815,-2.9452431127404317,0.0328084472528097,0.8538455097041624,,,,,,DeepFixel MLP,0.9185764621683822,1.4138256866594203,0.0052391387471903
342,171,0,2,2,0.9854915,1.9928323,0.7153228,0.9479697413828938,1.9634954084936205,0.4866407658880859,0.9861251052530356,,,,,,DeepFixel MLP,0.9714071263618627,0.04461720570137646,0.22868203411191412
343,171,1,2,2,1.4090861,0.41080377,0.2846772,1.4033482475752073,0.4908738521234053,0.1764595490657031,0.9566891474706896,,,,,,DeepFixel MLP,0.9714071263618627,0.079195574516187,0.10821765093429692
344,172,0,2,2,1.2223531,0.6283067,0.9072762,1.2309594173407747,0.6872233929727672,0.636966661948286,0.9781000360286096,,,,,,DeepFixel MLP,0.9179550470719455,0.056124799360365095,0.270309538051714
345,172,1,2,2,1.3712474,3.623487,0.09272379,1.4873662401842815,0.98174770424681,0.0343977150269648,0.8578100581152813,,,,,,DeepFixel MLP,0.9179550470719455,2.569418459899392,0.0583260749730352
346,173,0,2,2,0.72366047,4.6509695,0.86324716,0.7305737448965522,-1.6829960644231037,0.6340894275310477,0.9917122939990648,,,,,,DeepFixel MLP,0.9895498844232147,0.03445296468722979,0.22915773246895232
347,173,1,2,2,1.5295337,2.939685,0.13675284,1.4873662401842815,2.945243112740431,0.0646745540560173,0.9873874748473646,,,,,,DeepFixel MLP,0.9895498844232147,0.0425307270670358,0.07207828594398269
348,174,0,2,2,1.08805,1.6174408,0.76272964,1.0471975511965976,1.6689710972195777,0.4918240165645851,0.974264056309738,,,,,,DeepFixel MLP,0.9656983620100964,0.06087865661550203,0.2709056234354149
349,174,1,2,2,1.3722193,2.527975,0.23727037,1.4033482475752073,2.454369260617025,0.1287290957605691,0.9571326677104548,,,,,,DeepFixel MLP,0.9656983620100964,0.07878341507415963,0.10854127423943091
350,175,0,2,2,1.2301036,4.6685543,0.7720824,1.2309594173407747,-1.6689710972195784,0.5002072965449499,0.981731868034902,,,,,,DeepFixel MLP,0.9784020010705838,0.051231017096250345,0.27187510345505006
351,175,1,2,2,1.2766433,6.144219,0.2279176,1.2309594173407747,-0.0981747704246809,0.1371494462475672,0.9750721341062658,,,,,,DeepFixel MLP,0.9784020010705838,0.059907623954250866,0.0907681537524328
352,176,0,2,2,0.36216927,2.787653,0.800176,0.3073950510845033,2.8797932657906435,0.4997896136435805,0.9728592776788538,,,,,,DeepFixel MLP,0.9779787265713427,0.06253190711668119,0.3003863863564195
353,176,1,2,2,0.4669916,4.859109,0.19982396,0.5160163873553204,-1.4137166941154071,0.1011938068154099,0.9830981754638314,,,,,,DeepFixel MLP,0.9779787265713427,0.049267427341246485,0.09863015318459009
354,177,0,2,2,0.5497787,5.729611,0.7260628,0.5160163873553204,-0.4712388980384692,0.4520727918266702,0.9799154646613112,,,,,,DeepFixel MLP,0.977410368467514,0.05373288708463148,0.2739900081733298
355,177,1,2,2,1.3778208,0.20349,0.27393723,1.318116071652818,0.196349540849362,0.1689785421276389,0.9749052722737166,,,,,,DeepFixel MLP,0.977410368467514,0.06010935161916767,0.10495868787236107
356,178,0,2,2,0.710654,5.5134397,0.9713795,0.7305737448965522,-0.7853981633974483,0.7180107622977564,0.996479694537346,,,,,,DeepFixel MLP,0.9508595121440502,0.02243771544834591,0.25336873770224355
357,178,1,2,2,0.72305834,1.8579944,0.02862046,0.7305737448965522,-1.45859658916669,0.0271937305904385,0.9052393297507544,,,,,,DeepFixel MLP,0.9508595121440502,1.4468390830296534,0.0014267294095615009
358,179,0,2,2,0.84618837,4.874962,0.90853924,0.8410686705679301,-1.472621556370216,0.5897712643971449,0.9837004815030554,,,,,,DeepFixel MLP,0.9643366334665011,0.04837718036516745,0.3187679756028551
359,179,1,2,2,1.0172219,3.1415927,0.09146075,1.0471975511965976,3.0434178831651115,0.0571251739221383,0.9449727854299468,,,,,,DeepFixel MLP,0.9643366334665011,0.08943427739091771,0.034335576077861696
360,180,0,2,2,0.42026097,3.3447616,0.6653589,0.4111378623223478,-2.945243112740431,0.4375730154758269,0.999364427026948,,,,,,DeepFixel MLP,0.9821930686839755,0.009529641135384936,0.2277858845241731
361,180,1,2,2,1.3710847,4.36833,0.3346411,1.318116071652818,-1.9634954084936211,0.1921456384749645,0.9650217103410028,,,,,,DeepFixel MLP,0.9821930686839755,0.0710767617169518,0.14249546152503553
362,181,0,2,2,1.5040374,1.4599379,0.5157888,1.141020895490369,-2.9452431127404317,0.3369879588131677,0.9480394040998662,,,,,,DeepFixel MLP,0.9713651212969587,1.8198534395048183,0.17880084118683237
363,181,1,2,2,1.1621684,3.3572958,0.48421118,1.4873662401842815,1.3744467859455345,0.3260162115357061,0.9946908384940514,,,,,,DeepFixel MLP,0.9713651212969587,1.9104138615595887,0.15819496846429393
364,182,0,2,2,1.2580642,0.41761118,0.9163885,1.318116071652818,0.3926990816987241,0.5627715119809384,0.971015295333789,,,,,,DeepFixel MLP,0.9782210269819726,0.06463999066107715,0.3536169880190616
365,182,1,2,2,1.4228436,5.357724,0.08361149,1.4033482475752073,-0.8835729338221299,0.0391320662491869,0.985426758630156,,,,,,DeepFixel MLP,0.9782210269819726,0.04573143198580734,0.044479423750813096
366,183,0,2,2,0.51855856,3.553056,0.82256764,0.5160163873553204,-2.670353755551324,0.6066047446411277,0.9938511604840036,,,,,,DeepFixel MLP,0.6101568283305582,0.029666181465411546,0.21596289535887236
367,183,1,2,2,0.7554567,2.8466022,0.17743237,0.1021064223826043,-0.7853981633974484,0.025906212815394,0.2264624961771127,,,,,,DeepFixel MLP,0.6101568283305582,0.8466197960910468,0.151526157184606
368,184,0,2,2,1.1059791,2.1950765,0.58525985,1.141020895490369,2.1598449493429825,0.3455296607496124,0.9844182646958832,,,,,,DeepFixel MLP,0.982080247161729,0.047294588077606406,0.23973018925038764
369,184,1,2,2,1.530143,5.435113,0.41474015,1.4873662401842815,-0.7853981633974483,0.2324963827464314,0.9797422296275748,,,,,,DeepFixel MLP,0.982080247161729,0.07577724302465434,0.18224376725356858
370,185,0,2,2,1.3361951,3.4166384,0.9659616,1.4033482475752073,-2.84706834231575,0.6870197452703575,0.9662426803022824,,,,,,DeepFixel MLP,0.8878560503120504,0.06981173417229043,0.2789418547296425
371,185,1,2,2,0.9712667,5.383454,0.034038454,0.9479697413828938,3.141592653589793,0.034295083045451,0.8094694203218183,,,,,,DeepFixel MLP,0.8878560503120504,1.6587419303181488,0.0002566290454509984
372,186,0,2,2,0.52578676,1.3063129,0.98203653,0.5160163873553204,1.413716694115407,0.6208946113127977,0.9794805202920888,,,,,,DeepFixel MLP,0.934381491058091,0.05431532712334957,0.36114191868720236
373,186,1,2,2,1.0132154,0.20475604,0.017963493,0.6223684885550205,2.2252947962927703,0.0275666421748103,0.8892824618240931,,,,,,DeepFixel MLP,0.934381491058091,1.3542325140218676,0.0096031491748103
374,187,0,2,2,0.7554567,3.4365833,0.8292814,0.7305737448965524,-2.8049934407051724,0.5687656585440539,0.9901513348691912,,,,,,DeepFixel MLP,0.9430158808416123,0.03756675447327011,0.260515741455946
375,187,1,2,2,1.0210177,2.5880182,0.17071863,1.141020895490369,2.5525440310417062,0.0526632510707671,0.8958804268140332,,,,,,DeepFixel MLP,0.9430158808416123,0.12401003428337237,0.1180553789292329
376,188,0,2,2,0.72305834,1.2835982,0.99548054,0.7305737448965522,1.2341971139102754,0.659800606819396,0.9920819914417104,,,,,,DeepFixel MLP,0.9413224013748416,0.03367383818074922,0.33567993318060396
377,188,1,2,2,1.5049318,2.0334594,0.0045194374,1.2309594173407747,1.2762720155208531,0.0273711967897315,0.8905628113079729,,,,,,DeepFixel MLP,0.9413224013748416,0.7874430599994515,0.0228517593897315
378,189,0,2,2,0.72366047,4.6509695,0.81736237,0.7305737448965522,-1.6829960644231037,0.5868610295725919,0.9917122939990646,,,,,,DeepFixel MLP,0.966974944565863,0.03445296468722979,0.2305013404274081
379,189,1,2,2,1.4186612,3.0063674,0.18263763,1.4873662401842815,2.945243112740431,0.1181417435999295,0.9422375951326614,,,,,,DeepFixel MLP,0.966974944565863,0.09167029440731161,0.06449588640007049
380,190,0,2,2,1.3208771,3.0728374,0.79405844,1.4033482475752073,3.0434178831651115,0.6934652996966462,0.9474705915732904,,,,,,DeepFixel MLP,0.6359684239365648,0.08734594956782053,0.10059314030335387
381,190,1,2,2,1.4186612,3.0063674,0.20594157,1.4033482475752073,-0.2945243112740441,0.0226320064906346,0.3244662562998392,,,,,,DeepFixel MLP,0.6359684239365648,2.784813086214289,0.1833095635093654
382,191,0,2,2,1.2247206,0.3525992,0.71818537,1.2309594173407747,0.2945243112740431,0.4526479619206818,0.9789279368902908,,,,,,DeepFixel MLP,0.9885302334534125,0.05504657277137649,0.26553740807931825
383,191,1,2,2,1.0630141,3.627759,0.2818146,1.0471975511965976,-2.650718801466388,0.1446445671189926,0.9981325300165342,,,,,,DeepFixel MLP,0.9885302334534125,0.016338116566086802,0.13717003288100743
384,192,0,2,2,0.75932765,2.2798676,0.7935579,0.7305737448965522,2.356194490192345,0.5023478382925791,0.9756660779057448,,,,,,DeepFixel MLP,0.9690695273134811,0.059184158968629864,0.2912100617074209
385,192,1,2,2,1.091808,1.4354419,0.2064421,1.141020895490369,1.3744467859455345,0.0918263751848684,0.9624729767212172,,,,,,DeepFixel MLP,0.9690695273134811,0.07365050588933239,0.11461572481513159
386,193,0,2,2,0.7995395,1.0422398,0.5286617,0.8410686705679301,1.0799224746714908,0.3366891703162037,0.9827070445127256,,,,,,DeepFixel MLP,0.9906792700849076,0.0498372733229411,0.1919725296837963
387,193,1,2,2,0.19273965,1.9259298,0.47133827,0.204480198968535,1.9634954084936207,0.3092803656672162,0.9986514956570895,,,,,,DeepFixel MLP,0.9906792700849076,0.013882503608407634,0.16205790433278383
388,194,0,2,2,0.41257334,0.0,0.6790345,0.4111378623223478,0.196349540849362,0.4074352191806901,0.9574282168196098,,,,,,DeepFixel MLP,0.9653156657625908,0.07850773329530902,0.2715992808193099
389,194,1,2,2,0.91356677,0.32818297,0.3209655,0.9479697413828938,0.3926990816987242,0.1660158299514992,0.9732031147055716,,,,,,DeepFixel MLP,0.9653156657625908,0.062131179813312606,0.15494967004850083
390,195,0,2,2,0.59685063,1.3801663,0.60958785,0.6223684885550205,1.4398966328953218,0.3872786192548774,0.9873100914630544,,,,,,DeepFixel MLP,0.9906282627561118,0.04266154318129515,0.22230923074512265
391,195,1,2,2,1.3048053,4.5432014,0.39041212,1.318116071652818,-1.767145867644259,0.2770487325156707,0.9939464340491692,,,,,,DeepFixel MLP,0.9906282627561118,0.029434966043358882,0.11336338748432928
392,196,0,2,2,0.8544683,4.349996,0.6608632,0.8410686705679301,-1.8653206380689409,0.4455380439457611,0.9807357238101764,,,,,,DeepFixel MLP,0.9882020656619476,0.05261755083440712,0.2153251560542389
393,196,1,2,2,1.4076132,0.269661,0.33913675,1.4033482475752073,0.2945243112740431,0.2343757800112728,0.9956684075137188,,,,,,DeepFixel MLP,0.9882020656619476,0.024892389877591937,0.10476096998872719
394,197,0,2,2,0.7306707,1.3882595,0.679525,0.7305737448965522,1.45859658916669,0.4645813072575616,0.9846544831539228,,,,,,DeepFixel MLP,0.9878802159019634,0.046933004937367566,0.21494369274243846
395,197,1,2,2,1.4922565,2.5880182,0.320475,1.4873662401842815,2.5525440310417067,0.2497312984926285,0.991105948650004,,,,,,DeepFixel MLP,0.9878802159019634,0.035694432731030644,0.0707437015073715
396,198,0,2,2,1.307886,2.03681,0.9361122,1.318116071652818,1.9634954084936205,0.6069175040657272,0.964486318768518,,,,,,DeepFixel MLP,0.8809833105490754,0.07162479987811586,0.32919469593427275
397,198,1,2,2,1.019126,4.6201324,0.06388778,1.2309594173407747,2.454369260617025,0.0255334054970916,0.7974803023296329,,,,,,DeepFixel MLP,0.8809833105490754,1.849730672746206,0.038354374502908406
398,199,0,2,2,0.12933698,1.0271963,0.93954736,0.1021064223826043,0.7853981633974482,0.6811799852846957,0.9894886208452168,,,,,,DeepFixel MLP,0.8199596386303778,0.03881411267486362,0.25836737471530435
399,199,1,2,2,0.710654,0.76974565,0.06045265,0.4111378623223478,2.552544031041707,0.025901891335972,0.6504306564155387,,,,,,DeepFixel MLP,0.8199596386303778,0.8764058526257861,0.034550758664028
400,200,0,2,2,0.65565425,4.355456,0.50923383,0.6223684885550205,-1.9634954084936205,0.3473933725506767,0.9890984385935292,,,,,,DeepFixel MLP,0.977140442073765,0.039530381717502304,0.1618404574493233
401,200,1,2,2,0.6384576,2.369884,0.49076614,0.6223684885550206,2.4870941840919194,0.3217250836588885,0.9651824455540008,,,,,,DeepFixel MLP,0.977140442073765,0.07091146378736174,0.1690410563411115
402,201,0,2,2,0.7827609,4.59789,0.92132556,0.7305737448965522,-1.6829960644231037,0.6396363760494965,0.9810304521715796,,,,,,DeepFixel MLP,0.9814521249362655,0.052210996392720456,0.28168918395050346
403,201,1,2,2,0.4963124,0.25421822,0.07867446,0.5160163873553204,0.1570796326794896,0.0350720718412913,0.9818737977009514,,,,,,DeepFixel MLP,0.9814521249362655,0.05103049042527424,0.043602388158708705
404,202,0,2,2,0.86770654,3.8798122,0.9077771,0.8410686705679301,-2.4543692606170264,0.6170403751893754,0.9847543403405806,,,,,,DeepFixel MLP,0.9433523514655633,0.04677927939429899,0.2907367248106246
405,202,1,2,2,0.72366047,1.6322156,0.092222944,0.8410686705679301,1.6689710972195777,0.0518223146394235,0.901950362590546,,,,,,DeepFixel MLP,0.9433523514655633,0.12022028340874223,0.0404006293605765
406,203,0,2,2,0.3349322,0.92016095,0.56448525,0.3073950510845033,0.7853981633974483,0.395013004560451,0.9821630020935014,,,,,,DeepFixel MLP,0.9801315520057553,0.05061945733684902,0.16947224543954903
407,203,1,2,2,1.2223531,2.5132859,0.43551472,1.2309594173407747,2.454369260617025,0.2909326053766782,0.9781001019180092,,,,,,DeepFixel MLP,0.9801315520057553,0.05612474951207731,0.14458211462332182
408,204,0,2,2,1.296752,5.937796,0.7472099,1.318116071652818,-0.3926990816987248,0.6112855036709957,0.9822979233244468,,,,,,DeepFixel MLP,0.8011606784126526,0.05042647636590782,0.13592439632900433
409,204,1,2,2,1.449305,5.5519843,0.25279012,0.9479697413828938,-0.7853981633974485,0.0330400366606764,0.6200234335008584,,,,,,DeepFixel MLP,0.8011606784126526,0.5037929704005494,0.2197500833393236
410,205,0,2,2,0.9462668,5.291475,0.56048644,0.9479697413828936,-0.9817477042468106,0.4015348975510917,0.9995219577089304,,,,,,DeepFixel MLP,0.9703975985454032,0.00826434446660389,0.15895154244890836
411,205,1,2,2,0.78804016,5.89648,0.43951356,0.84106867056793,-0.4908738521234055,0.2470621285007502,0.941273239381876,,,,,,DeepFixel MLP,0.9703975985454032,0.09244663214531092,0.19245143149924981
412,206,0,2,2,1.3703629,1.3006282,0.677915,1.4033482475752073,1.2762720155208531,0.4928595196484571,0.9884123151676116,,,,,,DeepFixel MLP,0.9736035893675371,0.04075969377078834,0.18505548035154296
413,206,1,2,2,1.0248133,4.896473,0.32208505,1.0471975511965974,-1.472621556370216,0.184151368912026,0.9587948635674626,,,,,,DeepFixel MLP,0.9736035893675371,0.07722059620915725,0.137933681087974
414,207,0,2,2,1.4090861,2.730789,0.67759156,1.4033482475752073,2.650718801466388,0.4420801307377457,0.956689086306652,,,,,,DeepFixel MLP,0.9661856639121678,0.07919568904895206,0.23551142926225427
415,207,1,2,2,1.3722193,3.7552102,0.3224084,1.318116071652818,-2.552544031041707,0.1979711341481955,0.9756822415176836,,,,,,DeepFixel MLP,0.9661856639121678,0.059164313295572174,0.12443726585180448
416,208,0,2,2,0.9200989,4.318702,0.7969696,0.9479697413828938,-1.9634954084936211,0.5672134539723479,0.994567259001189,,,,,,DeepFixel MLP,0.9837916037318217,0.027882155527649735,0.22975614602765204
417,208,1,2,2,1.2925252,0.4805259,0.20303039,1.2309594173407747,0.4908738521234052,0.1117956355028868,0.9730159484624544,,,,,,DeepFixel MLP,0.9837916037318217,0.06234965406729559,0.0912347544971132
418,209,0,2,2,0.2060244,2.9385536,0.7101289,0.204480198968535,2.748893571891069,0.461248871486104,0.9895875218281244,,,,,,DeepFixel MLP,0.9930336079938697,0.03863049393243906,0.24888002851389596
419,209,1,2,2,0.710654,0.76974565,0.28987113,0.7305737448965522,0.7853981633974483,0.214154592386409,0.9964796941596152,,,,,,DeepFixel MLP,0.9930336079938697,0.022437702444795163,0.07571653761359098
420,210,0,2,2,1.019126,1.4785396,0.86500275,1.0471975511965976,1.4726215563702154,0.6368815485261721,0.99431313303223,,,,,,DeepFixel MLP,0.7301603176949978,0.02852799989008114,0.22812120147382797
421,210,1,2,2,1.1120028,1.9631804,0.13499726,1.4033482475752073,1.0799224746714908,0.0337282356843298,0.4660075023577655,,,,,,DeepFixel MLP,0.7301603176949978,0.8829690981761127,0.1012690243156702
422,211,0,2,2,0.64099085,5.946992,0.8769519,0.6223684885550205,-0.392699081698724,0.5895856399936815,0.9898142120694904,,,,,,DeepFixel MLP,0.9186999765115798,0.03820635094775687,0.2873662600063185
423,211,1,2,2,1.3701209,5.549731,0.12304811,0.8410686705679301,-0.8835729338221301,0.0409434576771166,0.847585740953669,,,,,,DeepFixel MLP,0.9186999765115798,0.5451080442269083,0.0821046523228834
424,212,0,2,2,0.9712667,2.241861,0.67209876,1.0471975511965976,2.258019719767664,0.4373923189613367,0.9588675240977548,,,,,,DeepFixel MLP,0.9569807821704825,0.07715153810279357,0.23470644103866334
425,212,1,2,2,1.0992529,1.3464079,0.32790127,1.0471975511965976,1.2762720155208531,0.2137307104850622,0.9550940402432104,,,,,,DeepFixel MLP,0.9569807821704825,0.08066121387154097,0.11417055951493782
426,213,0,2,2,0.79132,0.0,0.8572101,0.8410686705679301,-0.0981747704246809,0.5586286611379683,0.9477712241770404,,,,,,DeepFixel MLP,0.9657358073338607,0.08709147592960306,0.2985814388620317
427,213,1,2,2,0.84618837,1.4082233,0.1427899,0.84106867056793,1.4726215563702154,0.1134157830127423,0.9837003904906808,,,,,,DeepFixel MLP,0.9657358073338607,0.04837718569738524,0.029374116987257698
428,214,0,2,2,0.79452795,3.2547553,0.67026865,0.8410686705679301,-3.043417883165112,0.4379893216124702,0.9840801877539912,,,,,,DeepFixel MLP,0.9596041921199296,0.047807431613648116,0.23227932838752985
429,214,1,2,2,0.34598398,1.5707964,0.32973135,0.4111378623223478,1.3744467859455345,0.1941215876294638,0.935128196485868,,,,,,DeepFixel MLP,0.9596041921199296,0.09725930906107777,0.13560976237053618
430,215,0,2,2,0.72305834,4.999587,0.97458035,0.7305737448965524,-1.234197113910276,0.6604268936461484,0.9920819721275748,,,,,,DeepFixel MLP,0.8737126159605189,0.03367390759189338,0.3141534563538516
431,215,1,2,2,0.8549161,2.980336,0.025419679,1.141020895490369,-1.1780972450961729,0.0346137272080988,0.755343259793463,,,,,,DeepFixel MLP,0.8737126159605189,1.6582784108749307,0.009194048208098798
432,216,0,2,2,0.41518077,1.5707964,0.87237364,0.4111378623223478,1.3744467859455345,0.562110949631185,0.9570806662569358,,,,,,DeepFixel MLP,0.965992964477961,0.07883191446600818,0.31026269036881493
433,216,1,2,2,1.3778208,3.3450828,0.12762639,1.318116071652818,-2.9452431127404317,0.084978239658458,0.9749052626989864,,,,,,DeepFixel MLP,0.965992964477961,0.060109368156529994,0.04264815034154201
434,217,0,2,2,0.23561946,2.5880182,0.56296235,0.204480198968535,2.748893571891069,0.381344404643179,0.9847137002460582,,,,,,DeepFixel MLP,0.9730033591443987,0.046841908099709575,0.18161794535682096
435,217,1,2,2,1.121992,5.990568,0.43703762,1.0471975511965976,-0.2945243112740441,0.2595883978212923,0.9612930180427391,,,,,,DeepFixel MLP,0.9730033591443987,0.07481343303562994,0.17744922217870773
436,218,0,2,2,1.1743016,4.45066,0.50333846,0.9479697413828938,1.3744467859455345,0.3441225162064309,0.9674859954842342,,,,,,DeepFixel MLP,0.9769765911222374,2.1203931359799686,0.15921594379356913
437,218,1,2,2,0.96290207,1.4252161,0.4966615,1.141020895490369,-1.767145867644259,0.2982424868819017,0.9864671867602408,,,,,,DeepFixel MLP,0.9769765911222374,2.1028069286213524,0.1984190131180983
438,219,0,2,2,0.5302741,5.2520604,0.6214109,0.5160163873553204,-1.0995574287564278,0.4402326210131481,0.9904269052028072,,,,,,DeepFixel MLP,0.9918219796251608,0.037035865703934655,0.1811782789868519
439,219,1,2,2,1.3398488,2.3331926,0.37858906,1.318116071652818,2.356194490192345,0.2333268983913704,0.9932170540475144,,,,,,DeepFixel MLP,0.9918219796251608,0.031161426285483927,0.14526216160862956
440,220,0,2,2,1.2566371,5.729611,0.5740363,1.318116071652818,-0.5890486225480871,0.3384604475147644,0.9657936276403614,,,,,,DeepFixel MLP,0.9813492654542553,0.07027955256835643,0.23557585248523566
441,220,1,2,2,0.8245151,3.6149166,0.4259637,0.84106867056793,-2.650718801466388,0.2831234287811517,0.9969049032681492,,,,,,DeepFixel MLP,0.9813492654542553,0.0210375928643339,0.1428402712188483
442,221,0,2,2,1.2935516,5.668422,0.9671752,1.318116071652818,-0.5890486225480871,0.6331676525970027,0.991487679145304,,,,,,DeepFixel MLP,0.6620288651800398,0.034918069846692906,0.3340075474029973
443,221,1,2,2,1.153343,5.9225984,0.03282482,1.4033482475752073,-0.0981747704246809,0.0312110820818651,0.3325700512147755,,,,,,DeepFixel MLP,0.6620288651800398,0.35382101754692236,0.0016137379181348985
444,222,0,2,2,1.5301447,2.180383,0.9457412,1.4873662401842815,2.1598449493429825,0.5687978113924336,0.9843257716320096,,,,,,DeepFixel MLP,0.961285408966405,0.04743544845164406,0.3769433886075664
445,222,1,2,2,0.89912957,1.5707964,0.054258812,1.4873662401842815,-0.9817477042468108,0.0613827234553145,0.9382450463008004,,,,,,DeepFixel MLP,0.961285408966405,2.210229777739648,0.007123911455314505
446,223,0,2,2,0.86736286,1.01902,0.5156518,0.8410686705679301,1.0799224746714908,0.3385122745732757,0.9805205636114848,,,,,,DeepFixel MLP,0.9720396044964457,0.05291226481112643,0.1771395254267243
447,223,1,2,2,1.3701209,2.408138,0.48434818,1.318116071652818,2.356194490192345,0.3282190277804254,0.9635586453814066,,,,,,DeepFixel MLP,0.9720396044964457,0.07256481585567585,0.15612915221957463
448,224,0,2,2,0.84618837,1.4082233,0.8279716,0.84106867056793,1.4726215563702154,0.5186396124172946,0.9837003904906808,,,,,,DeepFixel MLP,0.9909164617877309,0.04837718569738524,0.3093319875827054
449,224,1,2,2,1.0630141,0.4861664,0.17202841,1.0471975511965976,0.4908738521234052,0.081379106137399,0.998132533084781,,,,,,DeepFixel MLP,0.9909164617877309,0.01633810488074246,0.09064930386260099
450,225,0,2,2,0.9475288,3.5495524,0.97716075,0.9479697413828936,-2.7488935718910694,0.6710564165201175,0.9989238503528558,,,,,,DeepFixel MLP,0.9640615655388801,0.012401050935126086,0.30610433347988253
451,225,1,2,2,1.1294748,2.0483818,0.022839244,1.141020895490369,-2.1598449493429825,0.0266639029014479,0.9291992807249044,,,,,,DeepFixel MLP,0.9640615655388801,1.791683179879143,0.003824658901447897
452,226,0,2,2,1.0210177,0.5535744,0.50251937,1.318116071652818,-0.3926990816987248,0.3247264174430241,0.9750756663957908,,,,,,DeepFixel MLP,0.9786867948601188,0.9105123886884475,0.17779295255697591
453,226,1,2,2,1.296752,5.937796,0.49748066,1.0471975511965976,0.4908738521234052,0.2952610323632362,0.9822979233244468,,,,,,DeepFixel MLP,0.9786867948601188,0.8036283504088688,0.20221962763676382
454,227,0,2,2,1.1074132,3.5631444,0.8771896,1.141020895490369,-2.7488935718910694,0.6087784096298904,0.9874034489859688,,,,,,DeepFixel MLP,0.9906273265978884,0.04250366249173662,0.26841119037010963
455,227,1,2,2,0.51855856,5.8717217,0.1228104,0.5160163873553204,-0.4712388980384692,0.071232936667575,0.9938512042098082,,,,,,DeepFixel MLP,0.9906273265978884,0.029666053026670896,0.051577463332424994
456,228,0,2,2,1.1294748,4.2348037,0.52764684,1.141020895490369,-1.9634954084936211,0.3280767889881744,0.9581635466269994,,,,,,DeepFixel MLP,0.9687252378553715,0.07781763377336658,0.19957005101182557
457,228,1,2,2,0.3244638,1.9996618,0.47235316,0.3073950510845033,1.832595714594046,0.3093546699142395,0.9792869290837436,,,,,,DeepFixel MLP,0.9687252378553715,0.05457258511718815,0.1629984900857605
458,229,0,2,2,1.3710847,4.36833,0.7188343,1.4033482475752073,-1.8653206380689409,0.4617913987312087,0.9762877389585504,,,,,,DeepFixel MLP,0.9774665301040026,0.05841753644639071,0.2570429012687913
459,229,1,2,2,0.51615083,5.6101303,0.2811657,0.5160163873553204,-0.7853981633974483,0.1818535667848983,0.9786453212494548,,,,,,DeepFixel MLP,0.9774665301040026,0.05541693714974208,0.09931213321510171
460,230,0,2,2,0.53582484,4.583233,0.980635,0.5160163873553204,-1.7278759594743864,0.6187186091082143,0.995883638963096,,,,,,DeepFixel MLP,0.9600034820166543,0.02426528702067972,0.36191639089178573
461,230,1,2,2,1.5049318,1.1081332,0.01936501,0.7305737448965524,-1.009797638653862,0.0271838928091242,0.9241233250702128,,,,,,DeepFixel MLP,0.9600034820166543,1.8727472819329478,0.007818882809124201
462,231,0,2,2,0.9475288,2.7336328,0.879387,0.9479697413828938,2.748893571891069,0.6143056819445782,0.998923841401172,,,,,,DeepFixel MLP,0.9738431432572454,0.012401137920209734,0.2650813180554218
463,231,1,2,2,1.0650716,0.1505415,0.12061298,1.141020895490369,0.196349540849362,0.0669075810998445,0.948762445113319,,,,,,DeepFixel MLP,0.9738431432572454,0.08624737784827215,0.05370539890015549
464,232,0,2,2,0.4712389,3.695167,0.9793267,0.5160163873553204,-2.670353755551324,0.626439326585616,0.9755235018940778,,,,,,DeepFixel MLP,0.9372098653379262,0.0593585792635245,0.35288737341438403
465,232,1,2,2,1.110786,3.852537,0.020673301,0.9479697413828938,-2.3561944901923453,0.0293267664910502,0.8988962287817744,,,,,,DeepFixel MLP,0.9372098653379262,0.17481697853958975,0.0086534654910502
466,233,0,2,2,1.0284797,3.5576322,0.69598925,1.0471975511965976,-2.650718801466388,0.4412146596636555,0.9687775008558664,,,,,,DeepFixel MLP,0.9728939836713753,0.06711264349366654,0.25477459033634453
467,233,1,2,2,1.1791382,6.21173,0.30401075,1.2309594173407747,-0.0981747704246809,0.2228605601732819,0.9770104664868842,,,,,,DeepFixel MLP,0.9728939836713753,0.05751384971292024,0.0811501898267181
468,234,0,2,2,0.6384576,0.77170867,0.73648345,0.6223684885550205,0.6544984694978736,0.4784766315898238,0.9651824300603598,,,,,,DeepFixel MLP,0.9625836659922145,0.07091147319730788,0.25800681841017625
469,234,1,2,2,1.2392242,4.9268064,0.26351655,1.2309594173407747,-1.2762720155208538,0.1618789724223609,0.9599849019240692,,,,,,DeepFixel MLP,0.9625836659922145,0.07608293895731907,0.10163757757763911
470,235,0,2,2,1.50476,1.9633567,0.69990706,1.4873662401842815,1.9634954084936205,0.4909714440717489,0.997883447400664,,,,,,DeepFixel MLP,0.9944321455078309,0.017394309782975348,0.2089356159282511
471,235,1,2,2,0.6136997,0.07068824,0.30009297,0.6223684885550205,0.1308996938995747,0.1850424684558439,0.9909808436149976,,,,,,DeepFixel MLP,0.9944321455078309,0.035945274330058466,0.11505050154415611
472,236,0,2,2,1.3011353,4.712389,0.6276925,1.318116071652818,-1.5707963267948968,0.4433989083287823,0.9979828347706466,,,,,,DeepFixel MLP,0.9925539056534676,0.01698077165282795,0.18429359167121767
473,236,1,2,2,1.17709,1.9889878,0.3723075,1.141020895490369,1.9634954084936205,0.235804601489884,0.9871249765362884,,,,,,DeepFixel MLP,0.9925539056534676,0.04297278052542886,0.13650289851011602
474,237,0,2,2,0.9712667,4.041324,0.9387616,1.0471975511965976,-2.258019719767664,0.5914459957270312,0.9588675341271474,,,,,,DeepFixel MLP,0.7744021363269207,0.07715149205979074,0.3473156042729688
475,237,1,2,2,1.1595315,3.9249787,0.06123843,0.8410686705679301,-2.84706834231575,0.0369505975308879,0.589936738526694,,,,,,DeepFixel MLP,0.7744021363269207,0.5162170462845999,0.024287832469112106
476,238,0,2,2,0.89912957,4.712389,0.53889084,0.9479697413828938,-1.5707963267948968,0.3740149867926736,0.9833885465417596,,,,,,DeepFixel MLP,0.9714456296664093,0.048840171382894725,0.1648758532073264
477,238,1,2,2,1.2173288,0.9882742,0.4611092,1.141020895490369,0.98174770424681,0.2676005202014868,0.9595027127910593,,,,,,DeepFixel MLP,0.9714456296664093,0.07654579823936426,0.19350867979851322
478,239,0,2,2,0.75932765,4.003318,0.9838101,0.7305737448965522,-2.356194490192345,0.6317258752498535,0.9756659934035968,,,,,,DeepFixel MLP,0.9060307610917588,0.059184332383734384,0.35208422475014656
479,239,1,2,2,1.3351768,3.695167,0.016189855,0.7305737448965522,-3.029392915961586,0.0362073177054847,0.8363955287799208,,,,,,DeepFixel MLP,0.9060307610917588,0.7066449445166905,0.0200174627054847
480,240,0,2,2,0.74543303,2.6748571,0.9606279,0.7305737448965524,2.580593965448758,0.5916009652683938,0.970583895370578,,,,,,DeepFixel MLP,0.9583228578569033,0.0651237049498142,0.3690269347316062
481,240,1,2,2,0.9709534,4.9537225,0.039372094,0.6223684885550205,-2.7488935718910685,0.0298146319578629,0.9460618203432286,,,,,,DeepFixel MLP,0.9583228578569033,1.0107511108419256,0.009557462042137102
482,241,0,2,2,1.2399288,1.2039618,0.66197103,1.2309594173407747,1.2762720155208531,0.4135462722324905,0.9671410338789588,,,,,,DeepFixel MLP,0.9690781501792266,0.06886680659727379,0.2484247577675095
483,241,1,2,2,1.2580642,2.7239814,0.33802894,1.318116071652818,2.748893571891069,0.2234170048230674,0.9710152664794944,,,,,,DeepFixel MLP,0.9690781501792266,0.0646400168054094,0.1146119351769326
484,242,0,2,2,1.4392166,1.0602366,0.87678194,1.4033482475752073,1.0799224746714908,0.6342999187807007,0.9883839702575936,,,,,,DeepFixel MLP,0.9504580632075994,0.040809679951195194,0.2424820212192993
485,242,1,2,2,0.710654,3.9113383,0.12321806,0.6223684885550206,-2.4870941840919194,0.0420243935901128,0.9125321561576052,,,,,,DeepFixel MLP,0.9504580632075994,0.11335041284682415,0.0811936664098872
486,243,0,2,2,1.1092144,6.209609,0.56915367,1.0471975511965976,-0.0981747704246809,0.3612124761113613,0.9700722157461964,,,,,,DeepFixel MLP,0.9847970786953474,0.06569295674192271,0.20794119388863863
487,243,1,2,2,0.9462668,0.99171066,0.4308463,0.9479697413828938,0.98174770424681,0.2951561013834399,0.9995219416444984,,,,,,DeepFixel MLP,0.9847970786953474,0.008264624716320034,0.13569019861656012
488,244,0,2,2,0.98553395,2.503627,0.5331325,0.9479697413828938,2.5525440310417062,0.380955524453222,0.9789188502531584,,,,,,DeepFixel MLP,0.9774973874283456,0.055058557445992355,0.152176975546778
489,244,1,2,2,0.9827457,4.3771815,0.4668675,0.9479697413828938,-1.9634954084936211,0.3420798226362629,0.9760759246035328,,,,,,DeepFixel MLP,0.9774973874283456,0.05867980208628154,0.12478767736373708
490,245,0,2,2,0.5445955,2.2427905,0.73385584,0.5160163873553204,2.356194490192345,0.7096651711522035,0.97153963041,,,,,,DeepFixel MLP,0.5172062493959615,0.06404739585561312,0.024190668847796526
491,245,1,2,2,0.23561946,2.5880182,0.26614413,1.2309594173407747,2.650718801466388,0.0271634726006179,0.062872868381923,,,,,,DeepFixel MLP,0.5172062493959615,0.9958553931402098,0.23898065739938207
492,246,0,2,2,0.23561946,5.729611,0.5752079,0.204480198968535,-0.3926990816987249,0.3501118043626818,0.9847137094547324,,,,,,DeepFixel MLP,0.9772238696753017,0.04684188435778155,0.2250960956373182
493,246,1,2,2,0.9942772,5.9422545,0.42479208,1.0471975511965976,-0.2945243112740441,0.228856785323814,0.9697340298958712,,,,,,DeepFixel MLP,0.9772238696753017,0.06606664485268052,0.195935294676186
494,247,0,2,2,0.6879088,4.0139174,0.6820471,0.7305737448965522,-2.356194490192345,0.4252189784806552,0.965229603352588,,,,,,DeepFixel MLP,0.9591456917441752,0.07086287971994379,0.2568281215193448
495,247,1,2,2,0.2599898,5.2552176,0.3179529,0.3073950510845033,-0.7853981633974483,0.1610660270700017,0.9530617801357624,,,,,,DeepFixel MLP,0.9591456917441752,0.08249294190085285,0.15688687292999828
496,248,0,2,2,0.39158684,5.064584,0.898751,0.4111378623223478,-1.3744467859455345,0.6126365046932074,0.9716863960363284,,,,,,DeepFixel MLP,0.8583907180004968,0.06388065399653878,0.28611449530679256
497,248,1,2,2,0.9827457,4.3771815,0.10124897,1.141020895490369,-1.767145867644259,0.0484203260896827,0.7450950399646652,,,,,,DeepFixel MLP,0.8583907180004968,0.1992240545389653,0.052828643910317295
498,249,0,2,2,1.3020546,4.627753,0.62757593,1.2309594173407747,-1.6689710972195784,0.4345776187394694,0.9638622743364078,,,,,,DeepFixel MLP,0.9755861872187737,0.07225841069330582,0.19299831126053063
499,249,1,2,2,0.59685063,1.7614263,0.37242404,0.6223684885550205,1.7016960206944711,0.2582475309220611,0.9873101001011394,,,,,,DeepFixel MLP,0.9755861872187737,0.04266151860473755,0.11417650907793891
500,250,0,3,3,1.2702893,5.457136,0.52114266,1.2309594173407747,-0.8835729338221301,0.3046683684632823,0.9686171898074842,,,,,,DeepFixel MLP,0.8444840564504031,0.0672862948127942,0.21647429153671766
501,250,1,3,3,0.74543303,2.6748571,0.34545162,0.7305737448965524,2.580593965448758,0.2827552478212339,0.970583895370578,,,,,,DeepFixel MLP,0.8444840564504031,0.0651237049498142,0.06269637217876611
502,250,2,3,3,0.9709534,4.9537225,0.13340572,1.4033482475752073,-1.6689710972195784,0.0398544479194723,0.5942510841731474,,,,,,DeepFixel MLP,0.8444840564504031,0.532565328543179,0.09355127208052771
503,251,0,3,3,1.4476854,3.4830668,0.52810794,1.4873662401842815,-2.7488935718910694,0.345127176981422,0.971070362075857,,,,,,DeepFixel MLP,0.9818097166106584,0.06457801766639697,0.18298076301857807
504,251,1,3,3,1.530108,5.551593,0.29977897,1.4873662401842815,-0.7853981633974483,0.1459359028818932,0.9748368380793688,,,,,,DeepFixel MLP,0.9818097166106584,0.06863195862031927,0.15384306711810677
505,251,2,3,3,0.9462668,2.149882,0.17211312,0.9479697413828938,2.1598449493429825,0.1045173534058072,0.9995219496767492,,,,,,DeepFixel MLP,0.9818097166106584,0.00826461962461234,0.06759576659419281
506,252,0,3,3,0.7306707,1.3882595,0.52034056,0.7305737448965522,1.45859658916669,0.6187543133861423,0.9846544831539228,,,,,,DeepFixel MLP,0.7495038930559749,0.046933004937367566,0.09841375338614233
507,252,1,3,3,0.83994687,1.6254524,0.45534655,1.141020895490369,1.7671458676442584,0.0576633038497201,0.4174414803005176,,,,,,DeepFixel MLP,0.7495038930559749,0.3231654982378733,0.39768324615027995
508,252,2,3,3,0.2599898,1.0279676,0.024312895,1.2309594173407747,1.2762720155208531,0.0366480404780124,0.8464157157134845,,,,,,DeepFixel MLP,0.7495038930559749,0.979947527087499,0.0123351454780124
509,253,0,3,3,1.4376104,4.4884377,0.88205075,1.4873662401842815,-1.767145867644259,0.6115944431669041,0.977558469063356,,,,,,DeepFixel MLP,0.7743979779986208,0.05681932846313543,0.27045630683309585
510,253,1,3,3,0.9942772,0.34093064,0.08354233,1.0471975511965976,0.2945243112740431,0.043487649513752,0.9697340869288076,,,,,,DeepFixel MLP,0.7743979779986208,0.06606655956168044,0.040054680486247995
511,253,2,3,3,1.17709,4.2941976,0.03440691,1.141020895490369,0.7853981633974482,0.0212939697810055,0.3759013780036989,,,,,,DeepFixel MLP,0.7743979779986208,2.244269278255156,0.0131129402189945
512,254,0,3,3,1.2866695,4.1084647,0.5459797,1.318116071652818,-2.1598449493429825,0.4274152843156457,0.9916594961477484,,,,,,DeepFixel MLP,0.7331808591298875,0.03456282196109762,0.11856441568435427
513,254,1,3,3,0.68906546,6.0294347,0.3297564,0.7305737448965522,-0.336599212884621,0.1845873433491046,0.967879163743262,,,,,,DeepFixel MLP,0.7331808591298875,0.06808094318574116,0.1451690566508954
514,254,2,3,3,1.1074132,5.8616333,0.12426395,1.141020895490369,0.196349540849362,0.0268748704756142,0.2400039174986521,,,,,,DeepFixel MLP,0.7331808591298875,0.5565696512304413,0.0973890795243858
515,255,0,3,3,1.3048053,1.7399837,0.60496897,1.318116071652818,1.7671458676442584,0.4433614215394326,0.9939463693586024,,,,,,DeepFixel MLP,0.974356294027011,0.029435144647588795,0.16160754846056746
516,255,1,3,3,1.4090861,2.730789,0.23522107,1.318116071652818,2.748893571891069,0.1189733101723738,0.9409844842059488,,,,,,DeepFixel MLP,0.974356294027011,0.0926779630923302,0.11624775982762621
517,255,2,3,3,0.59104544,2.0105636,0.15980996,0.6223684885550205,1.9634954084936205,0.1174801949412719,0.988138028516482,,,,,,DeepFixel MLP,0.974356294027011,0.04124104233830156,0.0423297650587281
518,256,0,3,3,0.6002842,4.144542,0.45911598,0.6223684885550205,-1.9634954084936205,0.2613757243958984,0.9276652580957768,,,,,,DeepFixel MLP,0.9699935937926698,0.10282567010224854,0.19774025560410158
519,256,1,3,3,1.3398488,5.4747853,0.29354808,1.318116071652818,-0.7853981633974483,0.1591134219603245,0.9932170804727184,,,,,,DeepFixel MLP,0.9699935937926698,0.03116139399379709,0.1344346580396755
520,256,2,3,3,0.65565425,5.069322,0.24733594,0.6223684885550206,-1.178097245096173,0.0725515001798731,0.9890984428095144,,,,,,DeepFixel MLP,0.9699935937926698,0.03953036910136607,0.17478443982012692
521,257,0,3,3,0.15707964,5.729611,0.37754267,0.204480198968535,-0.3926990816987249,0.248160852419201,0.9786696271217036,,,,,,DeepFixel MLP,0.954795110541309,0.05538517455857968,0.12938181758079903
522,257,1,3,3,1.3208771,3.2103481,0.36895558,1.4033482475752073,-3.043417883165112,0.2157067624050712,0.9474706582014228,,,,,,DeepFixel MLP,0.954795110541309,0.08734588745082109,0.1532488175949288
523,257,2,3,3,0.89912957,1.5707964,0.25350174,0.8410686705679301,1.6689710972195777,0.1464740246792732,0.9382450463008004,,,,,,DeepFixel MLP,0.954795110541309,0.09484637301337792,0.10702771532072677
524,258,0,3,3,1.0172219,4.712389,0.67940855,0.9479697413828938,-1.5707963267948968,0.4454863182537774,0.9667760413386765,,,,,,DeepFixel MLP,0.7106732076525776,0.06925215861710826,0.23392223174622262
525,258,1,3,3,0.3977915,1.3996177,0.21358192,0.4111378623223478,1.3744467859455345,0.1747846424071901,0.9980676669325336,,,,,,DeepFixel MLP,0.7106732076525776,0.016619662546894006,0.0387972775928099
526,258,2,3,3,0.7297539,4.208086,0.1070095,0.204480198968535,-2.748893571891069,0.0327395390428125,0.1671759146865227,,,,,,DeepFixel MLP,0.7106732076525776,0.5815692945982033,0.07426996095718749
527,259,0,3,3,0.6879088,0.8723247,0.72033197,0.7305737448965522,0.7853981633974483,0.4542013155534795,0.965229647436789,,,,,,DeepFixel MLP,0.9622008881145954,0.07086285560956676,0.26613065444652056
528,259,1,3,3,0.5497787,5.729611,0.17161892,0.6223684885550205,-0.6544984694978739,0.1399972722896517,0.9424451450541076,,,,,,DeepFixel MLP,0.9622008881145954,0.09150243122859109,0.03162164771034831
529,259,2,3,3,1.2247206,2.7889934,0.1080491,1.2309594173407747,2.8470683423157497,0.051783574097302,0.9789278718528894,,,,,,DeepFixel MLP,0.9622008881145954,0.055046622912651964,0.056265525902697996
530,260,0,3,3,1.2702893,5.457136,0.52114266,1.2309594173407747,-0.8835729338221301,0.3046683684632823,0.9686171898074842,,,,,,DeepFixel MLP,0.8444840564504031,0.0672862948127942,0.21647429153671766
531,260,1,3,3,0.74543303,2.6748571,0.34545162,0.7305737448965524,2.580593965448758,0.2827552478212339,0.970583895370578,,,,,,DeepFixel MLP,0.8444840564504031,0.0651237049498142,0.06269637217876611
532,260,2,3,3,0.9709534,4.9537225,0.13340572,1.4033482475752073,-1.6689710972195784,0.0398544479194723,0.5942510841731474,,,,,,DeepFixel MLP,0.8444840564504031,0.532565328543179,0.09355127208052771
533,261,0,3,3,1.4476854,3.4830668,0.52810794,1.4873662401842815,-2.7488935718910694,0.345127176981422,0.971070362075857,,,,,,DeepFixel MLP,0.9818097166106584,0.06457801766639697,0.18298076301857807
534,261,1,3,3,1.530108,5.551593,0.29977897,1.4873662401842815,-0.7853981633974483,0.1459359028818932,0.9748368380793688,,,,,,DeepFixel MLP,0.9818097166106584,0.06863195862031927,0.15384306711810677
535,261,2,3,3,0.9462668,2.149882,0.17211312,0.9479697413828938,2.1598449493429825,0.1045173534058072,0.9995219496767492,,,,,,DeepFixel MLP,0.9818097166106584,0.00826461962461234,0.06759576659419281
536,262,0,3,3,0.7306707,1.3882595,0.52034056,0.7305737448965522,1.45859658916669,0.6187543133861423,0.9846544831539228,,,,,,DeepFixel MLP,0.7495038930559749,0.046933004937367566,0.09841375338614233
537,262,1,3,3,0.83994687,1.6254524,0.45534655,1.141020895490369,1.7671458676442584,0.0576633038497201,0.4174414803005176,,,,,,DeepFixel MLP,0.7495038930559749,0.3231654982378733,0.39768324615027995
538,262,2,3,3,0.2599898,1.0279676,0.024312895,1.2309594173407747,1.2762720155208531,0.0366480404780124,0.8464157157134845,,,,,,DeepFixel MLP,0.7495038930559749,0.979947527087499,0.0123351454780124
539,263,0,3,3,1.4376104,4.4884377,0.88205075,1.4873662401842815,-1.767145867644259,0.6115944431669041,0.977558469063356,,,,,,DeepFixel MLP,0.7743979779986208,0.05681932846313543,0.27045630683309585
540,263,1,3,3,0.9942772,0.34093064,0.08354233,1.0471975511965976,0.2945243112740431,0.043487649513752,0.9697340869288076,,,,,,DeepFixel MLP,0.7743979779986208,0.06606655956168044,0.040054680486247995
541,263,2,3,3,1.17709,4.2941976,0.03440691,1.141020895490369,0.7853981633974482,0.0212939697810055,0.3759013780036989,,,,,,DeepFixel MLP,0.7743979779986208,2.244269278255156,0.0131129402189945
542,264,0,3,3,1.2566371,0.5535744,0.4995555,1.141020895490369,0.3926990816987241,0.3739056484131498,0.7682095101372879,,,,,,DeepFixel MLP,0.6806716107402008,0.1891727804655097,0.12564985158685016
543,264,1,3,3,1.50476,1.1782359,0.2758402,1.4873662401842815,1.1780972450961724,0.1262511262572381,0.997883447461943,,,,,,DeepFixel MLP,0.6806716107402008,0.017394309358103634,0.14958907374276187
544,264,2,3,3,1.0132154,0.20475604,0.22460432,1.4873662401842815,0.0,0.0379144116627803,0.275921874621371,,,,,,DeepFixel MLP,0.6806716107402008,0.5114883111926295,0.1866899083372197
545,265,0,3,3,0.7393803,3.322433,0.50595164,0.7305737448965522,-3.029392915961586,0.3827951473050846,0.9847034588734572,,,,,,DeepFixel MLP,0.6850413140609085,0.046857675435729086,0.12315649269491541
546,265,1,3,3,1.3902206,6.2154284,0.24803445,1.318116071652818,-0.1963495408493634,0.2236212404480877,0.8597842045364747,,,,,,DeepFixel MLP,0.6850413140609085,0.14478382682100532,0.024413209551912285
547,265,2,3,3,1.153343,5.9225984,0.24601392,1.4033482475752073,-0.6872233929727678,0.0287657139299841,0.2106362787727936,,,,,,DeepFixel MLP,0.6850413140609085,0.39950264890338155,0.2172482060700159
548,266,0,3,3,0.59685063,4.903019,0.70637816,0.6223684885550206,-1.4398966328953222,0.4817135061725983,0.98731010873922,,,,,,DeepFixel MLP,0.973699603354624,0.042661539888700445,0.2246646538274017
549,266,1,3,3,0.79215926,1.9996316,0.18482381,0.8410686705679301,2.061670178918302,0.1274469927582397,0.9692533759845068,,,,,,DeepFixel MLP,0.973699603354624,0.06659424684420104,0.0573768172417603
550,266,2,3,3,1.5047058,1.2477354,0.108798,1.4873662401842815,1.1780972450961724,0.0308989963157761,0.9645353253401454,,,,,,DeepFixel MLP,0.973699603354624,0.07157475434648448,0.07789900368422391
551,267,0,3,3,0.6136997,3.0709045,0.62924266,0.6223684885550205,3.010692959690218,0.4142671589755652,0.9909808211178353,,,,,,DeepFixel MLP,0.9855858279182551,0.03594532290554459,0.21497550102443475
552,267,1,3,3,1.4884609,6.149262,0.19661519,0.84106867056793,1.4726215563702154,0.105591679487915,0.9731258531700736,,,,,,DeepFixel MLP,0.9855858279182551,1.5425137340695136,0.091023510512085
553,267,2,3,3,0.83994687,1.5161402,0.17414212,1.4873662401842815,-0.1963495408493634,0.0866985198251401,0.9926508094668564,,,,,,DeepFixel MLP,0.9855858279182551,1.619978515497473,0.08744360017485991
554,268,0,3,3,1.5040054,4.7537413,0.8632888,1.4873662401842815,-1.5707963267948968,0.5976821307780794,0.9862187429566324,,,,,,DeepFixel MLP,0.924573604883229,0.04446578060637439,0.26560666922192055
555,268,1,3,3,1.3778208,3.3450828,0.13224226,1.318116071652818,-2.9452431127404317,0.0684075479958746,0.9749052626989864,,,,,,DeepFixel MLP,0.924573604883229,0.060109368156529994,0.0638347120041254
556,268,2,3,3,1.371135,1.3738586,0.0044689314,1.141020895490369,-1.1780972450961729,0.0204706798856475,0.8125968089940686,,,,,,DeepFixel MLP,0.924573604883229,2.288833027883685,0.016001748485647498
557,269,0,3,3,1.50476,1.1782359,0.53537005,1.4873662401842815,1.1780972450961724,0.3425229968032882,0.9978834474619432,,,,,,DeepFixel MLP,0.9629151525753686,0.017394309358103634,0.19284705319671186
558,269,1,3,3,0.9187362,4.4094954,0.4431812,0.8410686705679301,-1.8653206380689409,0.2472251471266682,0.9580394701890724,,,,,,DeepFixel MLP,0.9629151525753686,0.07793448344939001,0.1959560528733318
559,269,2,3,3,0.9030912,0.4785392,0.021448778,1.0471975511965976,-1.2762720155208538,0.0307418824562807,0.93282254007509,,,,,,DeepFixel MLP,0.9629151525753686,1.384561654519801,0.009293104456280697
560,270,0,3,3,0.15707964,5.729611,0.70709,0.204480198968535,-0.3926990816987249,0.4593100614345652,0.9786696271217036,,,,,,DeepFixel MLP,0.9624824791194612,0.05538517455857968,0.2477799385654348
561,270,1,3,3,0.7306707,1.7533331,0.22252071,0.7305737448965522,1.6829960644231032,0.1176324015211319,0.9846544969542956,,,,,,DeepFixel MLP,0.9624824791194612,0.046932969187467755,0.10488830847886811
562,270,2,3,3,1.5049318,2.0334594,0.07038929,1.4033482475752073,1.0799224746714908,0.0361737514222526,0.9241233132823842,,,,,,DeepFixel MLP,0.9624824791194612,0.9515286774429103,0.034215538577747395
563,271,0,3,3,0.7393803,0.18084033,0.5877128,0.7305737448965522,0.1121997376282069,0.402727225714972,0.9847034643995712,,,,,,DeepFixel MLP,0.8597182741595489,0.046857664631299034,0.18498557428502804
564,271,1,3,3,1.5041426,4.531407,0.3064924,1.4873662401842815,-1.767145867644259,0.2264804291772691,0.9963901302880548,,,,,,DeepFixel MLP,0.8597182741595489,0.022721688644771226,0.0800119708227309
565,271,2,3,3,0.15707964,0.5535744,0.105794795,0.1021064223826043,-2.356194490192345,0.0357614884657133,0.5980612277910211,,,,,,DeepFixel MLP,0.8597182741595489,0.25751650221707634,0.07003330653428669
566,272,0,3,3,0.2060244,6.0801463,0.5309879,0.204480198968535,-0.3926990816987249,0.338840587891287,0.989587512302768,,,,,,DeepFixel MLP,0.6861221881608789,0.038630503343158734,0.19214731210871294
567,272,1,3,3,0.8244284,0.64940786,0.41243738,0.8410686705679301,0.6872233929727672,0.2965352850975302,0.992601120652166,,,,,,DeepFixel MLP,0.6861221881608789,0.032548599477810816,0.11590209490246983
568,272,2,3,3,0.863938,0.5535744,0.056574695,1.318116071652818,0.98174770424681,0.023403626512418,0.0761779315277025,,,,,,DeepFixel MLP,0.6861221881608789,0.5878109247372838,0.033171068487582
569,273,0,3,3,0.59678394,2.7132165,0.47693166,0.6223684885550205,2.7488935718910685,0.5300436196930686,0.9925162616862244,,,,,,DeepFixel MLP,0.7264492702188513,0.0327351722307735,0.05311195969306859
570,273,1,3,3,0.6136997,3.0709045,0.28018478,1.2309594173407747,-0.2945243112740441,0.1694305463320309,0.1960311301067522,,,,,,DeepFixel MLP,0.7264492702188513,1.8306168666398812,0.11075423366796913
571,273,2,3,3,1.2647837,6.002568,0.24288356,1.0471975511965974,2.8470683423157497,0.0250056545785253,0.9908004188635772,,,,,,DeepFixel MLP,0.7264492702188513,2.3118730037352586,0.2178779054214747
572,274,0,3,3,0.7325137,3.0807288,0.733638,0.7305737448965522,3.029392915961586,0.4939853625328221,0.991763518457944,,,,,,DeepFixel MLP,0.7978732557917394,0.03434607505034015,0.2396526374671779
573,274,1,3,3,0.48437756,1.5707964,0.19157138,0.5160163873553204,1.413716694115407,0.1256286658397061,0.9540331502395578,,,,,,DeepFixel MLP,0.7978732557917394,0.08162228079655061,0.0659427141602939
574,274,2,3,3,0.5302741,1.031125,0.074790604,1.4033482475752073,-1.6689710972195784,0.0264938963378835,0.4478230986777164,,,,,,DeepFixel MLP,0.7978732557917394,1.8829399199385701,0.048296707662116495
575,275,0,3,3,1.1595315,3.9249787,0.57044554,1.141020895490369,-2.3561944901923453,0.3901872345685475,0.997579709186801,,,,,,DeepFixel MLP,0.9772426404786639,0.018601511054134847,0.18025830543145255
576,275,1,3,3,0.4963124,0.25421822,0.28026816,0.5160163873553204,0.1570796326794896,0.2059850517833227,0.9818737977009512,,,,,,DeepFixel MLP,0.9772426404786639,0.05103049042527424,0.0742831082166773
577,275,2,3,3,0.269661,3.1415927,0.14928629,0.3073950510845033,2.8797932657906435,0.0737696905987166,0.95227441454824,,,,,,DeepFixel MLP,0.9772426404786639,0.08319240810550996,0.07551659940128339
578,276,0,3,3,1.0650716,6.1326437,0.51521736,1.0471975511965976,-0.0981747704246809,0.361905860247491,0.983307331636622,,,,,,DeepFixel MLP,0.9724182199985366,0.048960046407924965,0.15331149975250896
579,276,1,3,3,1.4386635,1.1306436,0.36155894,1.4033482475752073,1.0799224746714908,0.23420227283974,0.9738783242616108,,,,,,DeepFixel MLP,0.9724182199985366,0.06133690645823846,0.12735666716026
580,276,2,3,3,1.0995574,3.695167,0.12322371,1.0471975511965976,-2.650718801466388,0.0809889923582164,0.9600690040973772,,,,,,DeepFixel MLP,0.9724182199985366,0.07600183960868123,0.0422347176417836
581,277,0,3,3,1.4884609,6.149262,0.40918416,1.4873662401842815,-0.1963495408493634,0.2086959215045574,0.9731258531700736,,,,,,DeepFixel MLP,0.9744434046019959,0.062221493741358644,0.20048823849544262
582,277,1,3,3,0.9075959,6.1801047,0.33342913,0.8410686705679301,-0.0981747704246809,0.1595164141016052,0.9692175057224568,,,,,,DeepFixel MLP,0.9744434046019959,0.06663346610045927,0.17391271589839483
583,277,2,3,3,0.41219375,3.992655,0.2573867,1.0471975511965976,-0.0981747704246809,0.1545890476192448,0.9809868549134572,,,,,,DeepFixel MLP,0.9744434046019959,1.3118176345916672,0.10279765238075522
584,278,0,3,3,1.4901359,0.79132,0.79568577,1.4873662401842815,0.7853981633974483,0.5935244204797353,0.9997024996686824,,,,,,DeepFixel MLP,0.7734021271793344,0.006519479385020689,0.20216134952026465
585,278,1,3,3,1.3361951,2.866547,0.1360513,1.2309594173407747,2.8470683423157497,0.0791002292797054,0.9219938258822348,,,,,,DeepFixel MLP,0.7734021271793344,0.1068789543940842,0.05695107072029458
586,278,2,3,3,1.0995574,2.5880182,0.06826296,1.0471975511965976,0.4908738521234052,0.0270885578533383,0.398510055987086,,,,,,DeepFixel MLP,0.7734021271793344,1.7321532087675129,0.041174402146661696
587,279,0,3,3,0.6879088,0.8723247,0.732396,0.6223684885550205,0.916297857297023,0.4659012785470879,0.9652971666061252,,,,,,DeepFixel MLP,0.9570699401810461,0.07079322419913332,0.26649472145291214
588,279,1,3,3,0.4374572,3.8345532,0.15747628,1.2309594173407747,0.098174770424681,0.0880677615018734,0.9824582284945494,,,,,,DeepFixel MLP,0.9570699401810461,1.5996745272106196,0.0694085184981266
589,279,2,3,3,1.134745,0.14586625,0.11012772,0.4111378623223478,-2.552544031041707,0.0567119803263605,0.9234544254424636,,,,,,DeepFixel MLP,0.9570699401810461,1.510852595342217,0.053415739673639495
590,280,0,3,3,1.2702893,5.457136,0.52114266,1.2309594173407747,-0.8835729338221301,0.3046683684632823,0.9686171898074842,,,,,,DeepFixel MLP,0.8444840564504031,0.0672862948127942,0.21647429153671766
591,280,1,3,3,0.74543303,2.6748571,0.34545162,0.7305737448965524,2.580593965448758,0.2827552478212339,0.970583895370578,,,,,,DeepFixel MLP,0.8444840564504031,0.0651237049498142,0.06269637217876611
592,280,2,3,3,0.9709534,4.9537225,0.13340572,1.4033482475752073,-1.6689710972195784,0.0398544479194723,0.5942510841731474,,,,,,DeepFixel MLP,0.8444840564504031,0.532565328543179,0.09355127208052771
593,281,0,3,3,1.4476854,3.4830668,0.52810794,1.4873662401842815,-2.7488935718910694,0.345127176981422,0.971070362075857,,,,,,DeepFixel MLP,0.9818097166106584,0.06457801766639697,0.18298076301857807
594,281,1,3,3,1.530108,5.551593,0.29977897,1.4873662401842815,-0.7853981633974483,0.1459359028818932,0.9748368380793688,,,,,,DeepFixel MLP,0.9818097166106584,0.06863195862031927,0.15384306711810677
595,281,2,3,3,0.9462668,2.149882,0.17211312,0.9479697413828938,2.1598449493429825,0.1045173534058072,0.9995219496767492,,,,,,DeepFixel MLP,0.9818097166106584,0.00826461962461234,0.06759576659419281
596,282,0,3,3,0.7306707,1.3882595,0.52034056,0.7305737448965522,1.45859658916669,0.6187543133861423,0.9846544831539228,,,,,,DeepFixel MLP,0.7495038930559749,0.046933004937367566,0.09841375338614233
597,282,1,3,3,0.83994687,1.6254524,0.45534655,1.141020895490369,1.7671458676442584,0.0576633038497201,0.4174414803005176,,,,,,DeepFixel MLP,0.7495038930559749,0.3231654982378733,0.39768324615027995
598,282,2,3,3,0.2599898,1.0279676,0.024312895,1.2309594173407747,1.2762720155208531,0.0366480404780124,0.8464157157134845,,,,,,DeepFixel MLP,0.7495038930559749,0.979947527087499,0.0123351454780124
599,283,0,3,3,1.4376104,4.4884377,0.88205075,1.4873662401842815,-1.767145867644259,0.6115944431669041,0.977558469063356,,,,,,DeepFixel MLP,0.7743979779986208,0.05681932846313543,0.27045630683309585
600,283,1,3,3,0.9942772,0.34093064,0.08354233,1.0471975511965976,0.2945243112740431,0.043487649513752,0.9697340869288076,,,,,,DeepFixel MLP,0.7743979779986208,0.06606655956168044,0.040054680486247995
601,283,2,3,3,1.17709,4.2941976,0.03440691,1.141020895490369,0.7853981633974482,0.0212939697810055,0.3759013780036989,,,,,,DeepFixel MLP,0.7743979779986208,2.244269278255156,0.0131129402189945
602,284,0,3,3,1.2566371,0.5535744,0.4995555,1.141020895490369,0.3926990816987241,0.3739056484131498,0.7682095101372879,,,,,,DeepFixel MLP,0.6806716107402008,0.1891727804655097,0.12564985158685016
603,284,1,3,3,1.50476,1.1782359,0.2758402,1.4873662401842815,1.1780972450961724,0.1262511262572381,0.997883447461943,,,,,,DeepFixel MLP,0.6806716107402008,0.017394309358103634,0.14958907374276187
604,284,2,3,3,1.0132154,0.20475604,0.22460432,1.4873662401842815,0.0,0.0379144116627803,0.275921874621371,,,,,,DeepFixel MLP,0.6806716107402008,0.5114883111926295,0.1866899083372197
605,285,0,3,3,0.7393803,3.322433,0.50595164,0.7305737448965522,-3.029392915961586,0.3827951473050846,0.9847034588734572,,,,,,DeepFixel MLP,0.6850413140609085,0.046857675435729086,0.12315649269491541
606,285,1,3,3,1.3902206,6.2154284,0.24803445,1.318116071652818,-0.1963495408493634,0.2236212404480877,0.8597842045364747,,,,,,DeepFixel MLP,0.6850413140609085,0.14478382682100532,0.024413209551912285
607,285,2,3,3,1.153343,5.9225984,0.24601392,1.4033482475752073,-0.6872233929727678,0.0287657139299841,0.2106362787727936,,,,,,DeepFixel MLP,0.6850413140609085,0.39950264890338155,0.2172482060700159
608,286,0,3,3,0.59685063,4.903019,0.70637816,0.6223684885550206,-1.4398966328953222,0.4817135061725983,0.98731010873922,,,,,,DeepFixel MLP,0.973699603354624,0.042661539888700445,0.2246646538274017
609,286,1,3,3,0.79215926,1.9996316,0.18482381,0.8410686705679301,2.061670178918302,0.1274469927582397,0.9692533759845068,,,,,,DeepFixel MLP,0.973699603354624,0.06659424684420104,0.0573768172417603
610,286,2,3,3,1.5047058,1.2477354,0.108798,1.4873662401842815,1.1780972450961724,0.0308989963157761,0.9645353253401454,,,,,,DeepFixel MLP,0.973699603354624,0.07157475434648448,0.07789900368422391
611,287,0,3,3,0.6136997,3.0709045,0.62924266,0.6223684885550205,3.010692959690218,0.4142671589755652,0.9909808211178353,,,,,,DeepFixel MLP,0.9855858279182551,0.03594532290554459,0.21497550102443475
612,287,1,3,3,1.4884609,6.149262,0.19661519,0.84106867056793,1.4726215563702154,0.105591679487915,0.9731258531700736,,,,,,DeepFixel MLP,0.9855858279182551,1.5425137340695136,0.091023510512085
613,287,2,3,3,0.83994687,1.5161402,0.17414212,1.4873662401842815,-0.1963495408493634,0.0866985198251401,0.9926508094668564,,,,,,DeepFixel MLP,0.9855858279182551,1.619978515497473,0.08744360017485991
614,288,0,3,3,1.5040054,4.7537413,0.8632888,1.4873662401842815,-1.5707963267948968,0.5976821307780794,0.9862187429566324,,,,,,DeepFixel MLP,0.924573604883229,0.04446578060637439,0.26560666922192055
615,288,1,3,3,1.3778208,3.3450828,0.13224226,1.318116071652818,-2.9452431127404317,0.0684075479958746,0.9749052626989864,,,,,,DeepFixel MLP,0.924573604883229,0.060109368156529994,0.0638347120041254
616,288,2,3,3,1.371135,1.3738586,0.0044689314,1.141020895490369,-1.1780972450961729,0.0204706798856475,0.8125968089940686,,,,,,DeepFixel MLP,0.924573604883229,2.288833027883685,0.016001748485647498
617,289,0,3,3,1.50476,1.1782359,0.53537005,1.4873662401842815,1.1780972450961724,0.3425229968032882,0.9978834474619432,,,,,,DeepFixel MLP,0.9629151525753686,0.017394309358103634,0.19284705319671186
618,289,1,3,3,0.9187362,4.4094954,0.4431812,0.8410686705679301,-1.8653206380689409,0.2472251471266682,0.9580394701890724,,,,,,DeepFixel MLP,0.9629151525753686,0.07793448344939001,0.1959560528733318
619,289,2,3,3,0.9030912,0.4785392,0.021448778,1.0471975511965976,-1.2762720155208538,0.0307418824562807,0.93282254007509,,,,,,DeepFixel MLP,0.9629151525753686,1.384561654519801,0.009293104456280697
620,290,0,3,3,0.15707964,5.729611,0.70709,0.204480198968535,-0.3926990816987249,0.4593100614345652,0.9786696271217036,,,,,,DeepFixel MLP,0.9624824791194612,0.05538517455857968,0.2477799385654348
621,290,1,3,3,0.7306707,1.7533331,0.22252071,0.7305737448965522,1.6829960644231032,0.1176324015211319,0.9846544969542956,,,,,,DeepFixel MLP,0.9624824791194612,0.046932969187467755,0.10488830847886811
622,290,2,3,3,1.5049318,2.0334594,0.07038929,1.4033482475752073,1.0799224746714908,0.0361737514222526,0.9241233132823842,,,,,,DeepFixel MLP,0.9624824791194612,0.9515286774429103,0.034215538577747395
623,291,0,3,3,0.7393803,0.18084033,0.5877128,0.7305737448965522,0.1121997376282069,0.402727225714972,0.9847034643995712,,,,,,DeepFixel MLP,0.8597182741595489,0.046857664631299034,0.18498557428502804
624,291,1,3,3,1.5041426,4.531407,0.3064924,1.4873662401842815,-1.767145867644259,0.2264804291772691,0.9963901302880548,,,,,,DeepFixel MLP,0.8597182741595489,0.022721688644771226,0.0800119708227309
625,291,2,3,3,0.15707964,0.5535744,0.105794795,0.1021064223826043,-2.356194490192345,0.0357614884657133,0.5980612277910211,,,,,,DeepFixel MLP,0.8597182741595489,0.25751650221707634,0.07003330653428669
626,292,0,3,3,0.2060244,6.0801463,0.5309879,0.204480198968535,-0.3926990816987249,0.338840587891287,0.989587512302768,,,,,,DeepFixel MLP,0.6861221881608789,0.038630503343158734,0.19214731210871294
627,292,1,3,3,0.8244284,0.64940786,0.41243738,0.8410686705679301,0.6872233929727672,0.2965352850975302,0.992601120652166,,,,,,DeepFixel MLP,0.6861221881608789,0.032548599477810816,0.11590209490246983
628,292,2,3,3,0.863938,0.5535744,0.056574695,1.318116071652818,0.98174770424681,0.023403626512418,0.0761779315277025,,,,,,DeepFixel MLP,0.6861221881608789,0.5878109247372838,0.033171068487582
629,293,0,3,3,0.59678394,2.7132165,0.47693166,0.6223684885550205,2.7488935718910685,0.5300436196930686,0.9925162616862244,,,,,,DeepFixel MLP,0.7264492702188513,0.0327351722307735,0.05311195969306859
630,293,1,3,3,0.6136997,3.0709045,0.28018478,1.2309594173407747,-0.2945243112740441,0.1694305463320309,0.1960311301067522,,,,,,DeepFixel MLP,0.7264492702188513,1.8306168666398812,0.11075423366796913
631,293,2,3,3,1.2647837,6.002568,0.24288356,1.0471975511965974,2.8470683423157497,0.0250056545785253,0.9908004188635772,,,,,,DeepFixel MLP,0.7264492702188513,2.3118730037352586,0.2178779054214747
632,294,0,3,3,0.7325137,3.0807288,0.733638,0.7305737448965522,3.029392915961586,0.4939853625328221,0.991763518457944,,,,,,DeepFixel MLP,0.7978732557917394,0.03434607505034015,0.2396526374671779
633,294,1,3,3,0.48437756,1.5707964,0.19157138,0.5160163873553204,1.413716694115407,0.1256286658397061,0.9540331502395578,,,,,,DeepFixel MLP,0.7978732557917394,0.08162228079655061,0.0659427141602939
634,294,2,3,3,0.5302741,1.031125,0.074790604,1.4033482475752073,-1.6689710972195784,0.0264938963378835,0.4478230986777164,,,,,,DeepFixel MLP,0.7978732557917394,1.8829399199385701,0.048296707662116495
635,295,0,3,3,1.1595315,3.9249787,0.57044554,1.141020895490369,-2.3561944901923453,0.3901872345685475,0.997579709186801,,,,,,DeepFixel MLP,0.9772426404786639,0.018601511054134847,0.18025830543145255
636,295,1,3,3,0.4963124,0.25421822,0.28026816,0.5160163873553204,0.1570796326794896,0.2059850517833227,0.9818737977009512,,,,,,DeepFixel MLP,0.9772426404786639,0.05103049042527424,0.0742831082166773
637,295,2,3,3,0.269661,3.1415927,0.14928629,0.3073950510845033,2.8797932657906435,0.0737696905987166,0.95227441454824,,,,,,DeepFixel MLP,0.9772426404786639,0.08319240810550996,0.07551659940128339
638,296,0,3,3,1.0650716,6.1326437,0.51521736,1.0471975511965976,-0.0981747704246809,0.361905860247491,0.983307331636622,,,,,,DeepFixel MLP,0.9724182199985366,0.048960046407924965,0.15331149975250896
639,296,1,3,3,1.4386635,1.1306436,0.36155894,1.4033482475752073,1.0799224746714908,0.23420227283974,0.9738783242616108,,,,,,DeepFixel MLP,0.9724182199985366,0.06133690645823846,0.12735666716026
640,296,2,3,3,1.0995574,3.695167,0.12322371,1.0471975511965976,-2.650718801466388,0.0809889923582164,0.9600690040973772,,,,,,DeepFixel MLP,0.9724182199985366,0.07600183960868123,0.0422347176417836
641,297,0,3,3,1.4884609,6.149262,0.40918416,1.4873662401842815,-0.1963495408493634,0.2086959215045574,0.9731258531700736,,,,,,DeepFixel MLP,0.9744434046019959,0.062221493741358644,0.20048823849544262
642,297,1,3,3,0.9075959,6.1801047,0.33342913,0.8410686705679301,-0.0981747704246809,0.1595164141016052,0.9692175057224568,,,,,,DeepFixel MLP,0.9744434046019959,0.06663346610045927,0.17391271589839483
643,297,2,3,3,0.41219375,3.992655,0.2573867,1.0471975511965976,-0.0981747704246809,0.1545890476192448,0.9809868549134572,,,,,,DeepFixel MLP,0.9744434046019959,1.3118176345916672,0.10279765238075522
644,298,0,3,3,1.4901359,0.79132,0.79568577,1.4873662401842815,0.7853981633974483,0.5935244204797353,0.9997024996686824,,,,,,DeepFixel MLP,0.7734021271793344,0.006519479385020689,0.20216134952026465
645,298,1,3,3,1.3361951,2.866547,0.1360513,1.2309594173407747,2.8470683423157497,0.0791002292797054,0.9219938258822348,,,,,,DeepFixel MLP,0.7734021271793344,0.1068789543940842,0.05695107072029458
646,298,2,3,3,1.0995574,2.5880182,0.06826296,1.0471975511965976,0.4908738521234052,0.0270885578533383,0.398510055987086,,,,,,DeepFixel MLP,0.7734021271793344,1.7321532087675129,0.041174402146661696
647,299,0,3,3,0.6879088,0.8723247,0.732396,0.6223684885550205,0.916297857297023,0.4659012785470879,0.9652971666061252,,,,,,DeepFixel MLP,0.9570699401810461,0.07079322419913332,0.26649472145291214
648,299,1,3,3,0.4374572,3.8345532,0.15747628,1.2309594173407747,0.098174770424681,0.0880677615018734,0.9824582284945494,,,,,,DeepFixel MLP,0.9570699401810461,1.5996745272106196,0.0694085184981266
649,299,2,3,3,1.134745,0.14586625,0.11012772,0.4111378623223478,-2.552544031041707,0.0567119803263605,0.9234544254424636,,,,,,DeepFixel MLP,0.9570699401810461,1.510852595342217,0.053415739673639495
650,300,0,3,3,1.2702893,5.457136,0.52114266,1.2309594173407747,-0.8835729338221301,0.3046683684632823,0.9686171898074842,,,,,,DeepFixel MLP,0.8444840564504031,0.0672862948127942,0.21647429153671766
651,300,1,3,3,0.74543303,2.6748571,0.34545162,0.7305737448965524,2.580593965448758,0.2827552478212339,0.970583895370578,,,,,,DeepFixel MLP,0.8444840564504031,0.0651237049498142,0.06269637217876611
652,300,2,3,3,0.9709534,4.9537225,0.13340572,1.4033482475752073,-1.6689710972195784,0.0398544479194723,0.5942510841731474,,,,,,DeepFixel MLP,0.8444840564504031,0.532565328543179,0.09355127208052771
653,301,0,3,3,1.4476854,3.4830668,0.52810794,1.4873662401842815,-2.7488935718910694,0.345127176981422,0.971070362075857,,,,,,DeepFixel MLP,0.9818097166106584,0.06457801766639697,0.18298076301857807
654,301,1,3,3,1.530108,5.551593,0.29977897,1.4873662401842815,-0.7853981633974483,0.1459359028818932,0.9748368380793688,,,,,,DeepFixel MLP,0.9818097166106584,0.06863195862031927,0.15384306711810677
655,301,2,3,3,0.9462668,2.149882,0.17211312,0.9479697413828938,2.1598449493429825,0.1045173534058072,0.9995219496767492,,,,,,DeepFixel MLP,0.9818097166106584,0.00826461962461234,0.06759576659419281
656,302,0,3,3,0.7306707,1.3882595,0.52034056,0.7305737448965522,1.45859658916669,0.6187543133861423,0.9846544831539228,,,,,,DeepFixel MLP,0.7495038930559749,0.046933004937367566,0.09841375338614233
657,302,1,3,3,0.83994687,1.6254524,0.45534655,1.141020895490369,1.7671458676442584,0.0576633038497201,0.4174414803005176,,,,,,DeepFixel MLP,0.7495038930559749,0.3231654982378733,0.39768324615027995
658,302,2,3,3,0.2599898,1.0279676,0.024312895,1.2309594173407747,1.2762720155208531,0.0366480404780124,0.8464157157134845,,,,,,DeepFixel MLP,0.7495038930559749,0.979947527087499,0.0123351454780124
659,303,0,3,3,1.4376104,4.4884377,0.88205075,1.4873662401842815,-1.767145867644259,0.6115944431669041,0.977558469063356,,,,,,DeepFixel MLP,0.7743979779986208,0.05681932846313543,0.27045630683309585
660,303,1,3,3,0.9942772,0.34093064,0.08354233,1.0471975511965976,0.2945243112740431,0.043487649513752,0.9697340869288076,,,,,,DeepFixel MLP,0.7743979779986208,0.06606655956168044,0.040054680486247995
661,303,2,3,3,1.17709,4.2941976,0.03440691,1.141020895490369,0.7853981633974482,0.0212939697810055,0.3759013780036989,,,,,,DeepFixel MLP,0.7743979779986208,2.244269278255156,0.0131129402189945
662,304,0,3,3,1.2866695,4.1084647,0.5459797,1.318116071652818,-2.1598449493429825,0.4274152843156457,0.9916594961477484,,,,,,DeepFixel MLP,0.7331808591298875,0.03456282196109762,0.11856441568435427
663,304,1,3,3,0.68906546,6.0294347,0.3297564,0.7305737448965522,-0.336599212884621,0.1845873433491046,0.967879163743262,,,,,,DeepFixel MLP,0.7331808591298875,0.06808094318574116,0.1451690566508954
664,304,2,3,3,1.1074132,5.8616333,0.12426395,1.141020895490369,0.196349540849362,0.0268748704756142,0.2400039174986521,,,,,,DeepFixel MLP,0.7331808591298875,0.5565696512304413,0.0973890795243858
665,305,0,3,3,1.3048053,1.7399837,0.60496897,1.318116071652818,1.7671458676442584,0.4433614215394326,0.9939463693586024,,,,,,DeepFixel MLP,0.974356294027011,0.029435144647588795,0.16160754846056746
666,305,1,3,3,1.4090861,2.730789,0.23522107,1.318116071652818,2.748893571891069,0.1189733101723738,0.9409844842059488,,,,,,DeepFixel MLP,0.974356294027011,0.0926779630923302,0.11624775982762621
667,305,2,3,3,0.59104544,2.0105636,0.15980996,0.6223684885550205,1.9634954084936205,0.1174801949412719,0.988138028516482,,,,,,DeepFixel MLP,0.974356294027011,0.04124104233830156,0.0423297650587281
668,306,0,3,3,0.6002842,4.144542,0.45911598,0.6223684885550205,-1.9634954084936205,0.2613757243958984,0.9276652580957768,,,,,,DeepFixel MLP,0.9699935937926698,0.10282567010224854,0.19774025560410158
669,306,1,3,3,1.3398488,5.4747853,0.29354808,1.318116071652818,-0.7853981633974483,0.1591134219603245,0.9932170804727184,,,,,,DeepFixel MLP,0.9699935937926698,0.03116139399379709,0.1344346580396755
670,306,2,3,3,0.65565425,5.069322,0.24733594,0.6223684885550206,-1.178097245096173,0.0725515001798731,0.9890984428095144,,,,,,DeepFixel MLP,0.9699935937926698,0.03953036910136607,0.17478443982012692
671,307,0,3,3,0.15707964,5.729611,0.37754267,0.204480198968535,-0.3926990816987249,0.248160852419201,0.9786696271217036,,,,,,DeepFixel MLP,0.954795110541309,0.05538517455857968,0.12938181758079903
672,307,1,3,3,1.3208771,3.2103481,0.36895558,1.4033482475752073,-3.043417883165112,0.2157067624050712,0.9474706582014228,,,,,,DeepFixel MLP,0.954795110541309,0.08734588745082109,0.1532488175949288
673,307,2,3,3,0.89912957,1.5707964,0.25350174,0.8410686705679301,1.6689710972195777,0.1464740246792732,0.9382450463008004,,,,,,DeepFixel MLP,0.954795110541309,0.09484637301337792,0.10702771532072677
674,308,0,3,3,1.0172219,4.712389,0.67940855,0.9479697413828938,-1.5707963267948968,0.4454863182537774,0.9667760413386765,,,,,,DeepFixel MLP,0.7106732076525776,0.06925215861710826,0.23392223174622262
675,308,1,3,3,0.3977915,1.3996177,0.21358192,0.4111378623223478,1.3744467859455345,0.1747846424071901,0.9980676669325336,,,,,,DeepFixel MLP,0.7106732076525776,0.016619662546894006,0.0387972775928099
676,308,2,3,3,0.7297539,4.208086,0.1070095,0.204480198968535,-2.748893571891069,0.0327395390428125,0.1671759146865227,,,,,,DeepFixel MLP,0.7106732076525776,0.5815692945982033,0.07426996095718749
677,309,0,3,3,0.6879088,0.8723247,0.72033197,0.7305737448965522,0.7853981633974483,0.4542013155534795,0.965229647436789,,,,,,DeepFixel MLP,0.9622008881145954,0.07086285560956676,0.26613065444652056
678,309,1,3,3,0.5497787,5.729611,0.17161892,0.6223684885550205,-0.6544984694978739,0.1399972722896517,0.9424451450541076,,,,,,DeepFixel MLP,0.9622008881145954,0.09150243122859109,0.03162164771034831
679,309,2,3,3,1.2247206,2.7889934,0.1080491,1.2309594173407747,2.8470683423157497,0.051783574097302,0.9789278718528894,,,,,,DeepFixel MLP,0.9622008881145954,0.055046622912651964,0.056265525902697996
680,310,0,3,3,1.2702893,5.457136,0.52114266,1.2309594173407747,-0.8835729338221301,0.3046683684632823,0.9686171898074842,,,,,,DeepFixel MLP,0.8444840564504031,0.0672862948127942,0.21647429153671766
681,310,1,3,3,0.74543303,2.6748571,0.34545162,0.7305737448965524,2.580593965448758,0.2827552478212339,0.970583895370578,,,,,,DeepFixel MLP,0.8444840564504031,0.0651237049498142,0.06269637217876611
682,310,2,3,3,0.9709534,4.9537225,0.13340572,1.4033482475752073,-1.6689710972195784,0.0398544479194723,0.5942510841731474,,,,,,DeepFixel MLP,0.8444840564504031,0.532565328543179,0.09355127208052771
683,311,0,3,3,1.4476854,3.4830668,0.52810794,1.4873662401842815,-2.7488935718910694,0.345127176981422,0.971070362075857,,,,,,DeepFixel MLP,0.9818097166106584,0.06457801766639697,0.18298076301857807
684,311,1,3,3,1.530108,5.551593,0.29977897,1.4873662401842815,-0.7853981633974483,0.1459359028818932,0.9748368380793688,,,,,,DeepFixel MLP,0.9818097166106584,0.06863195862031927,0.15384306711810677
685,311,2,3,3,0.9462668,2.149882,0.17211312,0.9479697413828938,2.1598449493429825,0.1045173534058072,0.9995219496767492,,,,,,DeepFixel MLP,0.9818097166106584,0.00826461962461234,0.06759576659419281
686,312,0,3,3,0.7306707,1.3882595,0.52034056,0.7305737448965522,1.45859658916669,0.6187543133861423,0.9846544831539228,,,,,,DeepFixel MLP,0.7495038930559749,0.046933004937367566,0.09841375338614233
687,312,1,3,3,0.83994687,1.6254524,0.45534655,1.141020895490369,1.7671458676442584,0.0576633038497201,0.4174414803005176,,,,,,DeepFixel MLP,0.7495038930559749,0.3231654982378733,0.39768324615027995
688,312,2,3,3,0.2599898,1.0279676,0.024312895,1.2309594173407747,1.2762720155208531,0.0366480404780124,0.8464157157134845,,,,,,DeepFixel MLP,0.7495038930559749,0.979947527087499,0.0123351454780124
689,313,0,3,3,1.4376104,4.4884377,0.88205075,1.4873662401842815,-1.767145867644259,0.6115944431669041,0.977558469063356,,,,,,DeepFixel MLP,0.7743979779986208,0.05681932846313543,0.27045630683309585
690,313,1,3,3,0.9942772,0.34093064,0.08354233,1.0471975511965976,0.2945243112740431,0.043487649513752,0.9697340869288076,,,,,,DeepFixel MLP,0.7743979779986208,0.06606655956168044,0.040054680486247995
691,313,2,3,3,1.17709,4.2941976,0.03440691,1.141020895490369,0.7853981633974482,0.0212939697810055,0.3759013780036989,,,,,,DeepFixel MLP,0.7743979779986208,2.244269278255156,0.0131129402189945
692,314,0,3,3,1.2566371,0.5535744,0.4995555,1.141020895490369,0.3926990816987241,0.3739056484131498,0.7682095101372879,,,,,,DeepFixel MLP,0.6806716107402008,0.1891727804655097,0.12564985158685016
693,314,1,3,3,1.50476,1.1782359,0.2758402,1.4873662401842815,1.1780972450961724,0.1262511262572381,0.997883447461943,,,,,,DeepFixel MLP,0.6806716107402008,0.017394309358103634,0.14958907374276187
694,314,2,3,3,1.0132154,0.20475604,0.22460432,1.4873662401842815,0.0,0.0379144116627803,0.275921874621371,,,,,,DeepFixel MLP,0.6806716107402008,0.5114883111926295,0.1866899083372197
695,315,0,3,3,0.7393803,3.322433,0.50595164,0.7305737448965522,-3.029392915961586,0.3827951473050846,0.9847034588734572,,,,,,DeepFixel MLP,0.6850413140609085,0.046857675435729086,0.12315649269491541
696,315,1,3,3,1.3902206,6.2154284,0.24803445,1.318116071652818,-0.1963495408493634,0.2236212404480877,0.8597842045364747,,,,,,DeepFixel MLP,0.6850413140609085,0.14478382682100532,0.024413209551912285
697,315,2,3,3,1.153343,5.9225984,0.24601392,1.4033482475752073,-0.6872233929727678,0.0287657139299841,0.2106362787727936,,,,,,DeepFixel MLP,0.6850413140609085,0.39950264890338155,0.2172482060700159
698,316,0,3,3,0.59685063,4.903019,0.70637816,0.6223684885550206,-1.4398966328953222,0.4817135061725983,0.98731010873922,,,,,,DeepFixel MLP,0.973699603354624,0.042661539888700445,0.2246646538274017
699,316,1,3,3,0.79215926,1.9996316,0.18482381,0.8410686705679301,2.061670178918302,0.1274469927582397,0.9692533759845068,,,,,,DeepFixel MLP,0.973699603354624,0.06659424684420104,0.0573768172417603
700,316,2,3,3,1.5047058,1.2477354,0.108798,1.4873662401842815,1.1780972450961724,0.0308989963157761,0.9645353253401454,,,,,,DeepFixel MLP,0.973699603354624,0.07157475434648448,0.07789900368422391
701,317,0,3,3,0.6136997,3.0709045,0.62924266,0.6223684885550205,3.010692959690218,0.4142671589755652,0.9909808211178353,,,,,,DeepFixel MLP,0.9855858279182551,0.03594532290554459,0.21497550102443475
702,317,1,3,3,1.4884609,6.149262,0.19661519,0.84106867056793,1.4726215563702154,0.105591679487915,0.9731258531700736,,,,,,DeepFixel MLP,0.9855858279182551,1.5425137340695136,0.091023510512085
703,317,2,3,3,0.83994687,1.5161402,0.17414212,1.4873662401842815,-0.1963495408493634,0.0866985198251401,0.9926508094668564,,,,,,DeepFixel MLP,0.9855858279182551,1.619978515497473,0.08744360017485991
704,318,0,3,3,1.5040054,4.7537413,0.8632888,1.4873662401842815,-1.5707963267948968,0.5976821307780794,0.9862187429566324,,,,,,DeepFixel MLP,0.924573604883229,0.04446578060637439,0.26560666922192055
705,318,1,3,3,1.3778208,3.3450828,0.13224226,1.318116071652818,-2.9452431127404317,0.0684075479958746,0.9749052626989864,,,,,,DeepFixel MLP,0.924573604883229,0.060109368156529994,0.0638347120041254
706,318,2,3,3,1.371135,1.3738586,0.0044689314,1.141020895490369,-1.1780972450961729,0.0204706798856475,0.8125968089940686,,,,,,DeepFixel MLP,0.924573604883229,2.288833027883685,0.016001748485647498
707,319,0,3,3,1.50476,1.1782359,0.53537005,1.4873662401842815,1.1780972450961724,0.3425229968032882,0.9978834474619432,,,,,,DeepFixel MLP,0.9629151525753686,0.017394309358103634,0.19284705319671186
708,319,1,3,3,0.9187362,4.4094954,0.4431812,0.8410686705679301,-1.8653206380689409,0.2472251471266682,0.9580394701890724,,,,,,DeepFixel MLP,0.9629151525753686,0.07793448344939001,0.1959560528733318
709,319,2,3,3,0.9030912,0.4785392,0.021448778,1.0471975511965976,-1.2762720155208538,0.0307418824562807,0.93282254007509,,,,,,DeepFixel MLP,0.9629151525753686,1.384561654519801,0.009293104456280697
710,320,0,3,3,1.2702893,5.457136,0.52114266,1.2309594173407747,-0.8835729338221301,0.3046683684632823,0.9686171898074842,,,,,,DeepFixel MLP,0.8444840564504031,0.0672862948127942,0.21647429153671766
711,320,1,3,3,0.74543303,2.6748571,0.34545162,0.7305737448965524,2.580593965448758,0.2827552478212339,0.970583895370578,,,,,,DeepFixel MLP,0.8444840564504031,0.0651237049498142,0.06269637217876611
712,320,2,3,3,0.9709534,4.9537225,0.13340572,1.4033482475752073,-1.6689710972195784,0.0398544479194723,0.5942510841731474,,,,,,DeepFixel MLP,0.8444840564504031,0.532565328543179,0.09355127208052771
713,321,0,3,3,1.4476854,3.4830668,0.52810794,1.4873662401842815,-2.7488935718910694,0.345127176981422,0.971070362075857,,,,,,DeepFixel MLP,0.9818097166106584,0.06457801766639697,0.18298076301857807
714,321,1,3,3,1.530108,5.551593,0.29977897,1.4873662401842815,-0.7853981633974483,0.1459359028818932,0.9748368380793688,,,,,,DeepFixel MLP,0.9818097166106584,0.06863195862031927,0.15384306711810677
715,321,2,3,3,0.9462668,2.149882,0.17211312,0.9479697413828938,2.1598449493429825,0.1045173534058072,0.9995219496767492,,,,,,DeepFixel MLP,0.9818097166106584,0.00826461962461234,0.06759576659419281
716,322,0,3,3,0.7306707,1.3882595,0.52034056,0.7305737448965522,1.45859658916669,0.6187543133861423,0.9846544831539228,,,,,,DeepFixel MLP,0.7495038930559749,0.046933004937367566,0.09841375338614233
717,322,1,3,3,0.83994687,1.6254524,0.45534655,1.141020895490369,1.7671458676442584,0.0576633038497201,0.4174414803005176,,,,,,DeepFixel MLP,0.7495038930559749,0.3231654982378733,0.39768324615027995
718,322,2,3,3,0.2599898,1.0279676,0.024312895,1.2309594173407747,1.2762720155208531,0.0366480404780124,0.8464157157134845,,,,,,DeepFixel MLP,0.7495038930559749,0.979947527087499,0.0123351454780124
719,323,0,3,3,1.4376104,4.4884377,0.88205075,1.4873662401842815,-1.767145867644259,0.6115944431669041,0.977558469063356,,,,,,DeepFixel MLP,0.7743979779986208,0.05681932846313543,0.27045630683309585
720,323,1,3,3,0.9942772,0.34093064,0.08354233,1.0471975511965976,0.2945243112740431,0.043487649513752,0.9697340869288076,,,,,,DeepFixel MLP,0.7743979779986208,0.06606655956168044,0.040054680486247995
721,323,2,3,3,1.17709,4.2941976,0.03440691,1.141020895490369,0.7853981633974482,0.0212939697810055,0.3759013780036989,,,,,,DeepFixel MLP,0.7743979779986208,2.244269278255156,0.0131129402189945
722,324,0,3,3,0.64099085,3.477786,0.6991726,0.6223684885550205,-2.7488935718910685,0.4734471212357429,0.9898142186032431,,,,,,DeepFixel MLP,0.9876651660860012,0.03820633072732614,0.22572547876425714
723,324,1,3,3,1.4901359,5.491865,0.16523455,1.4873662401842815,-0.7853981633974483,0.0973345074694611,0.999702489526864,,,,,,DeepFixel MLP,0.9876651660860012,0.0065197565324632825,0.06790004253053891
724,324,2,3,3,0.6598044,2.0457747,0.1355928,0.6223684885550205,1.9634954084936205,0.061605734967516,0.9734787901278964,,,,,,DeepFixel MLP,0.9876651660860012,0.061808083670297706,0.073987065032484
725,325,0,3,3,1.3035436,1.2531335,0.6629855,1.318116071652818,1.1780972450961724,0.3936176100015712,0.9621577878921542,,,,,,DeepFixel MLP,0.8746858022846425,0.07396280306454346,0.2693678899984288
726,325,1,3,3,1.4896209,5.378173,0.33394185,1.4033482475752073,-0.8835729338221299,0.1682549675346574,0.9514112814463556,,,,,,DeepFixel MLP,0.8746858022846425,0.08885525599030496,0.16568688246534258
727,325,2,3,3,0.9496694,0.72725767,0.0030726579,1.2309594173407747,1.6689710972195777,0.0261312720127763,0.7104883375154177,,,,,,DeepFixel MLP,0.8746858022846425,0.8696143636515002,0.0230586141127763
728,326,0,3,3,1.2392242,4.4979715,0.69242334,1.318116071652818,-1.767145867644259,0.4127293302710844,0.954979252022203,,,,,,DeepFixel MLP,0.6808032683936122,0.08076573964397588,0.27969400972891567
729,326,1,3,3,0.3244638,4.2835236,0.2963272,0.3073950510845033,-1.832595714594046,0.1991731230543764,0.979286941423532,,,,,,DeepFixel MLP,0.6808032683936122,0.05457255782078004,0.09715407694562361
730,326,2,3,3,0.2599898,4.1695604,0.011249486,0.7305737448965522,-1.45859658916669,0.0316671784032637,0.1081436117351014,,,,,,DeepFixel MLP,0.6808032683936122,0.5437016916709094,0.020417692403263698
731,327,0,3,3,0.3295198,1.7763342,0.6215569,0.3073950510845033,1.832595714594046,0.5036115940573918,0.9944140347226742,,,,,,DeepFixel MLP,0.7349401084950671,0.028273267504977887,0.11794530594260821
732,327,1,3,3,1.0041758,4.1991434,0.24099214,0.9479697413828938,-1.9634954084936211,0.1799306383612813,0.9107423167844908,,,,,,DeepFixel MLP,0.7349401084950671,0.1145379263372485,0.06106150163871871
733,327,2,3,3,0.83994687,4.657733,0.13745095,0.5160163873553204,0.4712388980384689,0.0192006565605214,0.2996639739780362,,,,,,DeepFixel MLP,0.7349401084950671,1.1634697165831678,0.11825029343947858
734,328,0,3,3,1.2580642,0.41761118,0.48879105,1.318116071652818,0.3926990816987241,0.3311396899549377,0.9710152953337888,,,,,,DeepFixel MLP,0.9046755364090209,0.06463999066107715,0.1576513600450623
735,328,1,3,3,0.84618837,1.4082233,0.45649573,0.84106867056793,1.4726215563702154,0.3301532437100887,0.9837003904906808,,,,,,DeepFixel MLP,0.9046755364090209,0.04837718569738524,0.1263424862899113
736,328,2,3,3,0.7853982,3.695167,0.054713212,1.141020895490369,1.7671458676442584,0.0259819268514954,0.759310923402593,,,,,,DeepFixel MLP,0.9046755364090209,1.500883755535475,0.028731285148504596
737,329,0,3,3,0.3295198,1.7763342,0.5678775,0.3073950510845033,1.832595714594046,0.4085169181835235,0.9944140347226742,,,,,,DeepFixel MLP,0.986966415103734,0.028273267504977887,0.15936058181647655
738,329,1,3,3,0.20319815,5.433647,0.33763087,0.204480198968535,-1.1780972450961722,0.1768161705008792,0.9695803073203786,,,,,,DeepFixel MLP,0.986966415103734,0.06623578030925867,0.16081469949912083
739,329,2,3,3,0.8245151,3.6149166,0.09449167,0.84106867056793,-2.650718801466388,0.068612558624123,0.9969049032681494,,,,,,DeepFixel MLP,0.986966415103734,0.0210375928643339,0.025879111375877006
0,0,0,2,2,0.74543303,2.6748571,0.9606279,0.7305737448965524,2.580593965448758,0.9331088153395036,0.9705838953705782,,,,,,DeepFixel Spherical CNN,0.9787214812913347,0.0651237049498142,0.02751908466049635
1,0,1,2,2,0.9709534,4.9537225,0.039372094,0.7305737448965522,-1.6829960644231037,0.0125614849915365,0.9868590672120912,,,,,,DeepFixel Spherical CNN,0.9787214812913347,0.35632988749269034,0.026810609008463503
2,1,0,2,2,1.5049913,2.1029568,0.5273066,0.1021064223826043,-0.7853981633974484,0.450313684706212,0.9754863456445944,,,,,,DeepFixel Spherical CNN,0.9742918576438157,1.6038519124731137,0.07699291529378793
3,1,1,2,2,0.15707964,5.729611,0.47269338,1.4873662401842815,2.1598449493429825,0.361103829413963,0.973097369643037,,,,,,DeepFixel Spherical CNN,0.9742918576438157,1.6303416035421272,0.11158955058603698
4,2,0,2,2,0.51855856,5.8717217,0.5056738,0.84106867056793,3.0434178831651115,0.4735957413586451,0.9938512042098084,,,,,,DeepFixel Spherical CNN,0.9884673275756952,1.3411998269473557,0.03207805864135488
5,2,1,2,2,0.8549161,2.980336,0.49432617,0.5160163873553204,-0.4712388980384692,0.4689381716106965,0.983083450941582,,,,,,DeepFixel Spherical CNN,0.9884673275756952,1.3527939393721138,0.0253879983893035
6,3,0,2,2,0.25901362,4.975305,0.99070084,0.204480198968535,-1.1780972450961722,0.9364255481856716,0.9732795627333858,,,,,,DeepFixel Spherical CNN,0.6037305608399592,0.06204175375212412,0.05427529181432844
7,3,1,2,2,0.39581668,4.171919,0.009299144,0.6223684885550205,-0.1308996938995748,0.0190182812560044,0.2341815589465327,,,,,,DeepFixel Spherical CNN,0.6037305608399592,0.8497469367391285,0.0097191372560044
8,4,0,2,2,1.3208771,3.0728374,0.8801843,1.318116071652818,3.141592653589793,0.9477139512166254,0.9692004508897653,,,,,,DeepFixel Spherical CNN,0.8280140526398825,0.06665202889190555,0.06752965121662535
9,4,1,2,2,0.9496694,2.414335,0.119815685,0.8410686705679301,1.86532063806894,0.0107990421153982,0.6868276543899998,,,,,,DeepFixel Spherical CNN,0.8280140526398825,0.4393464140354068,0.1090166428846018
10,5,0,2,2,1.1621684,6.067482,0.5972573,1.141020895490369,-0.1963495408493634,0.6042285290208143,0.994690790151158,,,,,,DeepFixel Spherical CNN,0.9795886365024826,0.02756281167437944,0.0069712290208142624
11,5,1,2,2,1.307886,4.2463756,0.40274265,1.318116071652818,-1.9634954084936211,0.331388121316708,0.9644864828538072,,,,,,DeepFixel Spherical CNN,0.9795886365024826,0.07162451965081323,0.071354528683292
12,6,0,2,2,0.86736286,4.1606126,0.75820947,0.8410686705679301,-2.061670178918302,0.7004090038882359,0.980520548394178,,,,,,DeepFixel Spherical CNN,0.9720395861652228,0.05291229986775054,0.05780046611176415
13,6,1,2,2,1.3701209,0.7334546,0.24179052,1.318116071652818,0.7853981633974483,0.1959863922022998,0.9635586239362676,,,,,,DeepFixel Spherical CNN,0.9720395861652228,0.07256485226854881,0.04580412779770021
14,7,0,2,2,0.7095543,5.9107223,0.94616544,0.7305737448965522,-0.336599212884621,0.8900861996271452,0.9930082206265752,,,,,,DeepFixel Spherical CNN,0.9381121642369827,0.03163848228058579,0.05607924037285483
15,7,1,2,2,1.530143,2.2935205,0.053834558,0.3073950510845033,-0.2617993877991503,0.0218998103081511,0.8832161078473902,,,,,,DeepFixel Spherical CNN,0.9381121642369827,1.7855469765660834,0.0319347476918489
16,8,0,2,2,1.0210177,2.5880182,0.7451026,1.0471975511965976,2.650718801466388,0.8981247055121043,0.9750756080771384,,,,,,DeepFixel Spherical CNN,0.5157269659596199,0.05990341792542193,0.15302210551210438
17,8,1,2,2,1.0630141,2.6554263,0.2548974,0.5160163873553204,2.356194490192345,0.0101279875594045,0.0563783238421012,,,,,,DeepFixel Spherical CNN,0.5157269659596199,0.5827898628703915,0.2447694124405955
18,9,0,2,2,1.2295184,5.51686,0.860313,1.318116071652818,-0.7853981633974483,0.8314752245303654,0.9437334686062856,,,,,,DeepFixel Spherical CNN,0.9648281963384209,0.0904538015426275,0.02883777546963462
19,9,1,2,2,0.6666479,5.6158776,0.139687,0.6223684885550205,-0.6544984694978739,0.0687366195934806,0.985922924070556,,,,,,DeepFixel Spherical CNN,0.9648281963384209,0.04494252910321022,0.07095038040651941
20,10,0,2,2,0.74543303,2.6748571,0.9606279,0.7305737448965524,2.580593965448758,0.9331088153395036,0.9705838953705782,,,,,,DeepFixel Spherical CNN,0.9787214812913347,0.0651237049498142,0.02751908466049635
21,10,1,2,2,0.9709534,4.9537225,0.039372094,0.7305737448965522,-1.6829960644231037,0.0125614849915365,0.9868590672120912,,,,,,DeepFixel Spherical CNN,0.9787214812913347,0.35632988749269034,0.026810609008463503
22,11,0,2,2,1.2399288,1.2039618,0.66197103,1.2309594173407747,1.2762720155208531,0.6147323264977095,0.9671410338789588,,,,,,DeepFixel Spherical CNN,0.96437767164145,0.06886680659727379,0.047238703502290535
23,11,1,2,2,1.2580642,2.7239814,0.33802894,1.2309594173407747,2.650718801466388,0.3333869194999111,0.9616143094039412,,,,,,DeepFixel Spherical CNN,0.96437767164145,0.07449852154508185,0.004642020500088884
24,12,0,2,2,1.4392166,1.0602366,0.87678194,1.4033482475752073,1.0799224746714908,0.8981516703800875,0.988383970257594,,,,,,DeepFixel Spherical CNN,0.9504580632075996,0.040809679951195194,0.021369730380087493
25,12,1,2,2,0.710654,3.9113383,0.12321806,1.4873662401842815,-1.9634954084936211,0.0311716892114767,0.9125321561576052,,,,,,DeepFixel Spherical CNN,0.9504580632075996,0.8502813593846049,0.0920463707885233
26,13,0,2,2,1.1092144,6.209609,0.56915367,1.0471975511965976,-0.0981747704246809,0.5315419635377855,0.9700722157461964,,,,,,DeepFixel Spherical CNN,0.9847970786953474,0.06569295674192271,0.037611706462214456
27,13,1,2,2,0.9462668,0.99171066,0.4308463,0.9479697413828938,0.98174770424681,0.4296994920132609,0.9995219416444984,,,,,,DeepFixel Spherical CNN,0.9847970786953474,0.008264624716320034,0.0011468079867391068
28,14,0,2,2,0.98553395,2.503627,0.5331325,0.9479697413828938,2.5525440310417062,0.5007239926001897,0.9789188502531584,,,,,,DeepFixel Spherical CNN,0.9774973874283455,0.055058557445992355,0.03240850739981027
29,14,1,2,2,0.9827457,4.3771815,0.4668675,0.9479697413828938,-1.9634954084936211,0.4612645081959648,0.9760759246035324,,,,,,DeepFixel Spherical CNN,0.9774973874283455,0.05867980208628154,0.005602991804035173
30,15,0,2,2,0.5445955,2.2427905,0.73385584,0.5160163873553204,2.356194490192345,0.9082677066917884,0.97153963041,,,,,,DeepFixel Spherical CNN,0.5172062493959615,0.06404739585561312,0.17441186669178832
31,15,1,2,2,0.23561946,2.5880182,0.26614413,0.6223684885550205,-3.010692959690218,0.030221593338416,0.062872868381923,,,,,,DeepFixel Spherical CNN,0.5172062493959615,0.46127397211758414,0.23592253666158397
32,16,0,2,2,0.23561946,5.729611,0.5752079,0.204480198968535,-0.3926990816987249,0.5353137573801926,0.9847137094547324,,,,,,DeepFixel Spherical CNN,0.9772238696753017,0.04684188435778155,0.03989414261980739
33,16,1,2,2,0.9942772,5.9422545,0.42479208,1.0471975511965976,-0.2945243112740441,0.4215942579487705,0.9697340298958712,,,,,,DeepFixel Spherical CNN,0.9772238696753017,0.06606664485268052,0.0031978220512295374
34,17,0,2,2,0.6879088,4.0139174,0.6820471,0.7305737448965522,-2.356194490192345,0.6238573700657578,0.9652296033525882,,,,,,DeepFixel Spherical CNN,0.9678543119916888,0.07086287971994379,0.05818972993424221
35,17,1,2,2,0.2599898,5.2552176,0.3179529,0.204480198968535,-1.1780972450961722,0.3387920938608439,0.9704790206307894,,,,,,DeepFixel Spherical CNN,0.9678543119916888,0.0652408047078876,0.02083919386084393
36,18,0,2,2,0.39158684,5.064584,0.898751,0.4111378623223478,-0.9817477042468108,0.8262820646875673,0.9388513174703178,,,,,,DeepFixel Spherical CNN,0.8988714611440314,0.09437037338893357,0.0724689353124327
37,18,1,2,2,0.9827457,4.3771815,0.10124897,0.8410686705679301,-1.8653206380689409,0.0335602440409287,0.858891604817745,,,,,,DeepFixel Spherical CNN,0.8988714611440314,0.14526595655330418,0.0676887259590713
38,19,0,2,2,1.3020546,4.627753,0.62757593,1.2309594173407747,-1.6689710972195784,0.5613332723051336,0.963862274336408,,,,,,DeepFixel Spherical CNN,0.9755861872187739,0.07225841069330582,0.06624265769486637
39,19,1,2,2,0.59685063,1.7614263,0.37242404,0.6223684885550205,1.7016960206944711,0.3901775353436963,0.9873101001011396,,,,,,DeepFixel Spherical CNN,0.9755861872187739,0.04266151860473755,0.0177534953436963
40,20,0,2,2,1.4137167,0.5535744,0.870513,1.4033482475752073,0.4908738521234053,0.9176164917485472,0.972680725125026,,,,,,DeepFixel Spherical CNN,0.5356128350387701,0.06273904720226628,0.04710349174854722
41,20,1,2,2,1.3361951,0.27504563,0.12948701,1.4873662401842815,-2.552544031041707,0.0214989142309546,0.0985449449525143,,,,,,DeepFixel Spherical CNN,0.5356128350387701,2.6962484564171083,0.10798809576904542
42,21,0,2,2,0.66996557,4.581433,0.65038496,0.7305737448965522,-1.6829960644231037,0.6890944772720556,0.9734858571212712,,,,,,DeepFixel Spherical CNN,0.9404553977867949,0.06179975364423793,0.03870951727205563
43,21,1,2,2,1.0248133,4.528305,0.34961504,1.141020895490369,-1.767145867644259,0.195979708418695,0.9074249384523184,,,,,,DeepFixel Spherical CNN,0.9404553977867949,0.11671053077699046,0.153635331581305
44,22,0,2,2,0.62831855,2.5880182,0.79345727,0.6223684885550206,2.4870941840919194,0.9121495803335796,0.9755220621303202,,,,,,DeepFixel Spherical CNN,0.5159277584801366,0.059360362932728485,0.11869231033357963
45,22,1,2,2,0.4712389,2.5880182,0.20654273,1.318116071652818,1.9634954084936205,0.0084682813240718,0.0563334548299529,,,,,,DeepFixel Spherical CNN,0.5159277584801366,0.9528616966454411,0.19807444867592822
46,23,0,2,2,0.81180364,2.1971908,0.8965813,0.8410686705679301,2.258019719767664,0.8666600395740858,0.9801215938726696,,,,,,DeepFixel Spherical CNN,0.7281189044090561,0.0534547235484045,0.029921260425914253
47,23,1,2,2,0.9617865,3.1911614,0.10341869,0.84106867056793,-2.650718801466388,0.0263645596602044,0.4761162149454427,,,,,,DeepFixel Spherical CNN,0.7281189044090561,0.36492126854605084,0.07705413033979559
48,24,0,2,2,1.5049318,2.0334594,0.878003,1.4873662401842815,1.9634954084936205,0.8187578630396533,0.964171121660356,,,,,,DeepFixel Spherical CNN,0.9249477961286183,0.07194543422222005,0.05924513696034672
49,24,1,2,2,0.70685834,2.5880182,0.121996984,1.4873662401842815,-1.178097245096173,0.0794954913348292,0.8857244705968805,,,,,,DeepFixel Spherical CNN,0.9249477961286183,2.050661928006163,0.04250149266517081
50,25,0,2,2,1.3050178,5.104271,0.92342734,1.318116071652818,-1.178097245096173,0.9087810317233568,0.9987951351659682,,,,,,DeepFixel Spherical CNN,0.9207211960247768,0.013122059056706784,0.01464630827664326
51,25,1,2,2,0.46961638,0.951566,0.07657266,1.5707963267948966,2.061670178918302,0.0191200887909758,0.8426472568835853,,,,,,DeepFixel Spherical CNN,0.9207211960247768,1.3682270100142844,0.0574525712090242
52,26,0,2,2,1.0636185,4.259246,0.68625957,1.0471975511965976,-2.061670178918302,0.6229887812121551,0.9905960356434792,,,,,,DeepFixel Spherical CNN,0.9769118129393204,0.03670636384675514,0.06327078878784498
53,26,1,2,2,0.34339198,3.0186098,0.31374043,0.4111378623223478,2.945243112740431,0.3167506813547007,0.9632275902351616,,,,,,DeepFixel Spherical CNN,0.9769118129393204,0.07289752727743465,0.003010251354700677
54,27,0,2,2,1.1597081,1.6607231,0.8392176,1.2309594173407747,1.6689710972195777,0.7516985949535554,0.9644487493409404,,,,,,DeepFixel Spherical CNN,0.9687873385631081,0.07166306661624773,0.08751900504644461
55,27,1,2,2,1.4884609,3.0076692,0.1607824,1.4873662401842815,2.945243112740431,0.1750955621193601,0.9731259277852756,,,,,,DeepFixel Spherical CNN,0.9687873385631081,0.0622213478568268,0.014313162119360096
56,28,0,2,2,1.4601859,3.2087626,0.6018067,1.4033482475752073,-3.043417883165112,0.4286778069996924,0.9710514041828238,,,,,,DeepFixel Spherical CNN,0.9753968227542797,0.0645994270322768,0.17312889300030765
57,28,1,2,2,1.530143,3.989665,0.3981933,1.5707963267948966,0.883572933822129,0.194173267352322,0.9797422413257356,,,,,,DeepFixel Spherical CNN,0.9753968227542797,3.0876270139706725,0.20402003264767798
58,29,0,2,2,0.6597098,4.9552937,0.5378153,1.4033482475752073,0.2945243112740431,0.4738241853928933,0.9593977186577238,,,,,,DeepFixel Spherical CNN,0.9775330630857213,1.4701119372927014,0.06399111460710671
59,29,1,2,2,1.4076132,0.269661,0.46218476,0.6223684885550206,-1.4398966328953222,0.4714728893472252,0.9956684075137188,,,,,,DeepFixel Spherical CNN,0.9775330630857213,1.5183355417182416,0.009288129347225227
60,30,0,2,2,1.4090861,2.730789,0.61990565,1.318116071652818,2.748893571891069,0.8229812761083436,0.940984484205949,,,,,,DeepFixel Spherical CNN,0.5029257081498542,0.0926779630923302,0.20307562610834362
61,30,1,2,2,1.1074132,2.7200408,0.38009435,1.4873662401842815,-0.3926990816987249,0.0413263085648528,0.0648669320937592,,,,,,DeepFixel Spherical CNN,0.5029257081498542,2.594066302417544,0.3387680414351472
62,31,0,2,2,0.9854915,1.9928323,0.515769,0.9479697413828938,1.9634954084936205,0.4093616586396866,0.9861251052530356,,,,,,DeepFixel Spherical CNN,0.9728330866312973,0.04461720570137646,0.10640734136031343
63,31,1,2,2,1.4896209,4.0466046,0.484231,1.4873662401842815,-2.1598449493429825,0.3189673434783362,0.9595410680095589,,,,,,DeepFixel Spherical CNN,0.9728330866312973,0.07650909560798984,0.1652636565216638
64,32,0,2,2,0.74543303,0.46673557,0.6201109,0.7305737448965524,0.5609986881410345,0.5063124375972853,0.9705839291337328,,,,,,DeepFixel Spherical CNN,0.9843257971671343,0.06512369420707105,0.11379846240271474
65,32,1,2,2,0.3977915,1.741975,0.3798891,0.4111378623223478,1.7671458676442586,0.4618288073775343,0.9980676652005358,,,,,,DeepFixel Spherical CNN,0.9843257971671343,0.016619651665421824,0.08193970737753431
66,33,0,2,2,1.5047058,1.8938574,0.6764204,1.4873662401842815,1.9634954084936205,0.5913632526489961,0.9645354082270464,,,,,,DeepFixel Spherical CNN,0.976473886398544,0.07157461269663543,0.08505714735100389
67,33,1,2,2,1.3703629,4.4422207,0.3235796,1.4033482475752073,-1.8653206380689409,0.2825044075601357,0.9884123645700418,,,,,,DeepFixel Spherical CNN,0.976473886398544,0.040759605072085536,0.04107519243986435
68,34,0,2,2,1.369063,1.6129135,0.9706473,1.318116071652818,1.5707963267948966,0.9362784212212868,0.9703234292362308,,,,,,DeepFixel Spherical CNN,0.7375525681415265,0.06541409455159947,0.0343688787787132
69,34,1,2,2,1.2935516,5.668422,0.029352745,1.4873662401842815,-1.5707963267948968,0.014010192460273,0.5047817070468221,,,,,,DeepFixel Spherical CNN,0.7375525681415265,0.9574345055729397,0.015342552539727
70,35,0,2,2,1.4641,2.1591775,0.9512515,1.4873662401842815,2.1598449493429825,0.8703858060226667,0.9962121346835864,,,,,,DeepFixel Spherical CNN,0.9631083381596783,0.02327572526702196,0.08086569397733334
71,35,1,2,2,1.0316828,2.4240792,0.04874849,0.9479697413828938,2.356194490192345,0.0373544411378975,0.9300045416357704,,,,,,DeepFixel Spherical CNN,0.9631083381596783,0.10111083450594784,0.011394048862102497
72,36,0,2,2,0.53582484,4.841545,0.86637753,0.5160163873553204,-1.4137166941154071,0.8105402050995643,0.9958836413057844,,,,,,DeepFixel Spherical CNN,0.9756785442116234,0.024265275648266554,0.05583732490043569
73,36,1,2,2,1.4090861,2.730789,0.13362245,1.4873662401842815,2.748893571891069,0.0899782393802759,0.9554734471174624,,,,,,DeepFixel Spherical CNN,0.9756785442116234,0.080314902905598,0.04364421061972411
74,37,0,2,2,0.83994687,4.657733,0.53507304,0.84106867056793,-1.6689710972195784,0.5283943686846955,0.9926507800445044,,,,,,DeepFixel Spherical CNN,0.980325419716263,0.03243897111423802,0.00667867131530453
75,37,1,2,2,1.5040374,1.4599379,0.464927,1.5707963267948966,1.4726215563702154,0.3075430920879642,0.9680000593880216,,,,,,DeepFixel Spherical CNN,0.980325419716263,0.06795138246178564,0.15738390791203577
76,38,0,2,2,0.51855856,3.553056,0.82256764,0.5160163873553204,-2.670353755551324,0.8193180346767625,0.9938511604840036,,,,,,DeepFixel Spherical CNN,0.971676540120697,0.029666181465411546,0.003249605323237592
77,38,1,2,2,0.7554567,2.8466022,0.17743237,0.84106867056793,2.8470683423157497,0.0898038294560002,0.9495019197573904,,,,,,DeepFixel Spherical CNN,0.971676540120697,0.08561261987413737,0.08762854054399981
78,39,0,2,2,1.1059791,2.1950765,0.58525985,1.141020895490369,2.1598449493429825,0.3840647098201594,0.9844182646958828,,,,,,DeepFixel Spherical CNN,0.9820802471617288,0.047294588077606406,0.20119514017984064
79,39,1,2,2,1.530143,5.435113,0.41474015,1.4873662401842815,-0.7853981633974483,0.2821647975221972,0.9797422296275748,,,,,,DeepFixel Spherical CNN,0.9820802471617288,0.07577724302465434,0.13257535247780278
80,40,0,2,2,1.0650716,2.9910512,0.9619524,1.0471975511965976,3.0434178831651115,0.8988128441771105,0.983307414632602,,,,,,DeepFixel Spherical CNN,0.6852822538209248,0.048959921955621474,0.06313955582288955
81,40,1,2,2,0.07853982,3.695167,0.038047586,0.9479697413828938,-2.1598449493429825,0.0103299086051752,0.3872570930092476,,,,,,DeepFixel Spherical CNN,0.6852822538209248,0.8769365707738812,0.0277176773948248
82,41,0,2,2,0.9854915,1.9928323,0.7153228,0.9479697413828938,1.9634954084936205,0.6648862898988108,0.9861251052530354,,,,,,DeepFixel Spherical CNN,0.96355478799823,0.04461720570137646,0.050436510101189214
83,41,1,2,2,1.4090861,0.41080377,0.2846772,1.318116071652818,0.3926990816987241,0.2598913015742943,0.9409844707434246,,,,,,DeepFixel Spherical CNN,0.96355478799823,0.09267798485361992,0.02478589842570572
84,42,0,2,2,1.2223531,0.6283067,0.9072762,1.2309594173407747,0.6872233929727672,0.8618449741931252,0.9781000360286094,,,,,,DeepFixel Spherical CNN,0.8756198690729828,0.056124799360365095,0.04543122580687475
85,42,1,2,2,1.3712474,3.623487,0.09272379,1.4033482475752073,-2.258019719767664,0.0188812783125663,0.7731397021173563,,,,,,DeepFixel Spherical CNN,0.8756198690729828,0.396129182339381,0.07384251168743369
86,43,0,2,2,0.72366047,4.6509695,0.86324716,0.7305737448965522,-1.6829960644231037,0.863257019392978,0.9917122939990648,,,,,,DeepFixel Spherical CNN,0.9895498844232147,0.03445296468722979,9.85939297803995e-06
87,43,1,2,2,1.5295337,2.939685,0.13675284,1.4873662401842815,2.945243112740431,0.0538194837147363,0.9873874748473646,,,,,,DeepFixel Spherical CNN,0.9895498844232147,0.0425307270670358,0.08293335628526369
88,44,0,2,2,1.08805,1.6174408,0.76272964,1.0471975511965976,1.6689710972195777,0.6908587571253462,0.974264056309738,,,,,,DeepFixel Spherical CNN,0.974973138687115,0.06087865661550203,0.07187088287465382
89,44,1,2,2,1.3722193,2.527975,0.23727037,1.318116071652818,2.5525440310417067,0.2248659162154903,0.975682221064492,,,,,,DeepFixel Spherical CNN,0.974973138687115,0.059164355563884545,0.012404453784509717
90,45,0,2,2,1.2301036,4.6685543,0.7720824,1.2309594173407747,-1.6689710972195784,0.7017566801460966,0.981731868034902,,,,,,DeepFixel Spherical CNN,0.9743353195101022,0.051231017096250345,0.07032571985390335
91,45,1,2,2,1.2766433,6.144219,0.2279176,1.318116071652818,-0.1963495408493634,0.2585176080490899,0.9669387709853025,,,,,,DeepFixel Spherical CNN,0.9743353195101022,0.06908065002086797,0.03060000804908991
92,46,0,2,2,0.36216927,2.787653,0.800176,0.4111378623223478,2.945243112740431,0.6462096964560875,0.9591590217026416,,,,,,DeepFixel Spherical CNN,0.9672050358169755,0.07687409874242701,0.1539663035439125
93,46,1,2,2,0.4669916,4.859109,0.19982396,0.4111378623223478,-1.3744467859455345,0.2756067858310141,0.9752510499313094,,,,,,DeepFixel Spherical CNN,0.9672050358169755,0.05969058425706608,0.07578282583101412
94,47,0,2,2,0.5497787,5.729611,0.7260628,0.5160163873553204,-0.4712388980384692,0.7323563936790949,0.9799154646613112,,,,,,DeepFixel Spherical CNN,0.977410368467514,0.05373288708463148,0.006293593679094878
95,47,1,2,2,1.3778208,0.20349,0.27393723,1.318116071652818,0.196349540849362,0.1935559284833608,0.9749052722737168,,,,,,DeepFixel Spherical CNN,0.977410368467514,0.06010935161916767,0.08038130151663916
96,48,0,2,2,0.710654,5.5134397,0.9713795,0.7305737448965522,-0.7853981633974483,0.9606674230795452,0.996479694537346,,,,,,DeepFixel Spherical CNN,0.7878844405261635,0.02243771544834591,0.010712076920454727
97,48,1,2,2,0.72305834,1.8579944,0.02862046,0.7305737448965522,1.45859658916669,0.00878636585043,0.579289186514981,,,,,,DeepFixel Spherical CNN,0.7878844405261635,0.2645101515961896,0.01983409414957
98,49,0,2,2,0.84618837,4.874962,0.90853924,0.8410686705679301,-1.472621556370216,0.8469547913707126,0.9837004815030554,,,,,,DeepFixel Spherical CNN,0.9752382614208481,0.04837718036516745,0.06158444862928736
99,49,1,2,2,1.0172219,3.1415927,0.09146075,0.9479697413828938,3.141592653589793,0.0952627764658914,0.9667760413386408,,,,,,DeepFixel Spherical CNN,0.9752382614208481,0.06925215861711789,0.003802026465891409
100,50,0,2,2,1.3361951,3.4166384,0.9659616,1.318116071652818,-2.9452431127404317,0.91742033369227,0.957457502081599,,,,,,DeepFixel Spherical CNN,0.9468071716153167,0.07848038153770497,0.048541266307729924
101,50,1,2,2,0.9712667,5.383454,0.034038454,1.5707963267948966,0.2945243112740431,0.0337033829664883,0.9361568411490344,,,,,,DeepFixel Spherical CNN,0.9468071716153167,1.262350407961054,0.00033507103351169965
102,51,0,2,2,1.03421,4.987464,0.71881276,1.0471975511965976,-1.2762720155208538,0.6812861067171293,0.996851397152132,,,,,,DeepFixel Spherical CNN,0.9892642713994397,0.021218792182026002,0.03752665328287075
103,51,1,2,2,1.3561286,2.1952715,0.28118724,1.318116071652818,2.1598449493429825,0.2724242837060638,0.9816771456467474,,,,,,DeepFixel Spherical CNN,0.9892642713994397,0.051308161445970495,0.008762956293936197
104,52,0,2,2,1.4376104,1.7947475,0.5737465,1.4873662401842815,1.7671458676442584,0.5206742546752693,0.9775585378829952,,,,,,DeepFixel Spherical CNN,0.9750047616572852,0.05681927701687396,0.05307224532473076
105,52,1,2,2,0.8040711,2.9166727,0.4262535,0.84106867056793,2.8470683423157497,0.3935687708043217,0.9724509854315752,,,,,,DeepFixel Spherical CNN,0.9750047616572852,0.06300456587339921,0.03268472919567833
106,53,0,2,2,1.5301099,3.7541156,0.7572228,1.4873662401842815,-2.552544031041707,0.4438864357166491,0.9834543945344892,,,,,,DeepFixel Spherical CNN,0.9908735626079606,0.0487427965937796,0.3133363642833509
107,53,1,2,2,1.4104978,5.6100397,0.24277726,1.5707963267948966,0.6872233929727672,0.2914379141711967,0.998292730681432,,,,,,DeepFixel Spherical CNN,0.9908735626079606,1.363106485777431,0.04866065417119669
108,54,0,2,2,1.3312842,5.2580996,0.69755197,1.3181160716528175,-0.9817477042468108,0.6585632036552684,0.9864765017511684,,,,,,DeepFixel Spherical CNN,0.9633382581345128,0.04404615994262824,0.038988766344731585
109,54,1,2,2,1.2248124,3.1415927,0.302448,1.318116071652818,3.141592653589793,0.25252220614045,0.9402000145178572,,,,,,DeepFixel Spherical CNN,0.9633382581345128,0.09330367165282887,0.04992579385954998
110,55,0,2,2,1.1656685,1.7468925,0.69870394,1.141020895490369,1.7671458676442584,0.5742766701066602,0.993361943960638,,,,,,DeepFixel Spherical CNN,0.996532216743751,0.030826080190429407,0.12442726989333985
111,55,1,2,2,1.4901359,5.491865,0.30129606,1.4873662401842815,-0.7853981633974483,0.2478255570553312,0.999702489526864,,,,,,DeepFixel Spherical CNN,0.996532216743751,0.0065197565324632825,0.05347050294466876
112,56,0,2,2,0.6669452,3.5999432,0.66566753,0.6223684885550205,-2.7488935718910685,0.5716849704886751,0.9753988487160866,,,,,,DeepFixel Spherical CNN,0.9697849700523171,0.059510716133822084,0.09398255951132495
113,56,1,2,2,1.5049318,1.1081332,0.33433247,1.4873662401842815,1.1780972450961724,0.2615095167130553,0.9641710913885476,,,,,,DeepFixel Spherical CNN,0.9697849700523171,0.07194548604466076,0.07282295328694471
114,57,0,2,2,1.307886,4.2463756,0.746937,1.318116071652818,-1.9634954084936211,0.6522743769462442,0.9644864828538072,,,,,,DeepFixel Spherical CNN,0.9629304697381672,0.07162451965081323,0.09466262305375572
115,57,1,2,2,0.57318515,3.4342096,0.253063,0.6223684885550205,-2.7488935718910685,0.2624935806746619,0.9613744566225272,,,,,,DeepFixel Spherical CNN,0.9629304697381672,0.07473370956528798,0.009430580674661904
116,58,0,2,2,1.3822494,4.0100193,0.63855916,1.4033482475752073,-2.258019719767664,0.5371990365573018,0.9953351460072074,,,,,,DeepFixel Spherical CNN,0.9971294937041897,0.025833509815781506,0.10136012344269818
117,58,1,2,2,0.9475288,2.7336328,0.36144084,0.9479697413828938,2.748893571891069,0.3384140861590601,0.998923841401172,,,,,,DeepFixel Spherical CNN,0.9971294937041897,0.012401137920209734,0.023026753840939884
118,59,0,2,2,1.110786,3.852537,0.51528203,1.141020895490369,-2.3561944901923453,0.7264537173260032,0.9624355190867334,,,,,,DeepFixel Spherical CNN,0.856001027539897,0.07368760056131336,0.21117168732600322
119,59,1,2,2,1.3735037,4.2238097,0.48471797,1.5707963267948966,1.0799224746714908,0.1496832175669479,0.7495665359930606,,,,,,DeepFixel Spherical CNN,0.856001027539897,2.944286857536859,0.3350347524330521
120,60,0,2,2,1.0284797,3.5576322,0.8783177,1.0471975511965976,-2.650718801466388,0.8147914916266161,0.9687775008558664,,,,,,DeepFixel Spherical CNN,0.977818295683546,0.06711264349366654,0.06352620837338385
121,60,1,2,2,0.9709534,1.3294629,0.12168229,0.9479697413828938,1.3744467859455345,0.1189382591026106,0.9868590905112254,,,,,,DeepFixel Spherical CNN,0.977818295683546,0.04341606705480656,0.0027440308973893934
122,61,0,2,2,0.70685834,3.695167,0.9004195,0.7305737448965524,-2.580593965448758,0.8584919807273517,0.9959010382488236,,,,,,DeepFixel Spherical CNN,0.9090396459995911,0.024213851252593472,0.04192751927264837
123,61,1,2,2,0.7554567,0.29499057,0.0995805,0.5160163873553204,0.1570796326794896,0.0574892828579295,0.8221782537503587,,,,,,DeepFixel Spherical CNN,0.9090396459995911,0.2526282575277333,0.0420912171420705
124,62,0,2,2,0.9862045,0.1280499,0.5316448,1.2309594173407747,-2.650718801466388,0.4779591233945009,0.9697317812978744,,,,,,DeepFixel Spherical CNN,0.9713738589756264,2.1544841194930786,0.05368567660549911
125,62,1,2,2,1.2925252,3.6221185,0.4683552,1.0471975511965976,0.098174770424681,0.4732622900464993,0.9730159366533784,,,,,,DeepFixel Spherical CNN,0.9713738589756264,2.259107863118638,0.004907090046499252
126,63,0,2,2,1.3701209,3.8750472,0.5992861,1.4033482475752073,-2.454369260617025,0.4834135459907482,0.9779649424977592,,,,,,DeepFixel Spherical CNN,0.9871210604593992,0.056298831048763924,0.11587255400925184
127,63,1,2,2,0.3926991,5.729611,0.4007139,0.4111378623223478,-0.5890486225480861,0.3770381205162443,0.9962771784210392,,,,,,DeepFixel Spherical CNN,0.9871210604593992,0.023074794893871656,0.02367577948375571
128,64,0,2,2,1.2399288,1.2039618,0.7451932,1.2309594173407747,1.2762720155208531,0.6772141245763869,0.9671410338789588,,,,,,DeepFixel Spherical CNN,0.9554399337469794,0.06886680659727379,0.06797907542361314
129,64,1,2,2,0.57318515,3.4342096,0.25480685,0.5160163873553204,-2.9845130209103035,0.2690579050177792,0.943738833615,,,,,,DeepFixel Spherical CNN,0.9554399337469794,0.0904494082395194,0.014251055017779235
130,65,0,2,2,1.3973969,1.0036933,0.7219484,1.318116071652818,0.98174770424681,0.6731296701315654,0.9534684137114662,,,,,,DeepFixel Spherical CNN,0.9684420827076246,0.08212949300528409,0.04881872986843461
131,65,1,2,2,1.0992529,4.4880004,0.27805164,1.141020895490369,-1.767145867644259,0.2738825315434801,0.9834157517037828,,,,,,DeepFixel Spherical CNN,0.9684420827076246,0.04879998433706246,0.00416910845651991
132,66,0,2,2,1.2702893,2.3155434,0.949933,1.318116071652818,2.356194490192345,0.9044728118695228,0.9735059136211196,,,,,,DeepFixel Spherical CNN,0.7962294940430596,0.06177621700731656,0.04546018813047725
133,66,1,2,2,0.6597098,1.8137009,0.050066993,1.4873662401842815,-0.7853981633974483,0.0107039716130479,0.6189530744649996,,,,,,DeepFixel Spherical CNN,0.7962294940430596,2.0456613187530555,0.03936302138695209
134,67,0,2,2,1.1960598,2.0718026,0.64131844,1.2309594173407747,2.061670178918302,0.5460099194772328,0.9908693738485882,,,,,,DeepFixel Spherical CNN,0.9848986228507389,0.03616737123488859,0.09530852052276728
135,67,1,2,2,1.2247206,2.7889934,0.35868156,1.2309594173407747,2.8470683423157497,0.3766079814913251,0.9789278718528897,,,,,,DeepFixel Spherical CNN,0.9848986228507389,0.055046622912651964,0.017926421491325062
136,68,0,2,2,0.8549161,2.980336,0.74524796,0.84106867056793,3.0434178831651115,0.7413655783945224,0.983083450941582,,,,,,DeepFixel Spherical CNN,0.9672807654787596,0.049288962657952747,0.003882381605477603
137,68,1,2,2,0.46961638,0.951566,0.25475207,0.5160163873553204,1.0995574287564276,0.2242952668352635,0.9514780800159373,,,,,,DeepFixel Spherical CNN,0.9672807654787596,0.08389426312230885,0.030456803164736507
138,69,0,2,2,1.2247206,5.9305863,0.6741785,1.2309594173407747,-0.2945243112740441,0.6280096630518148,0.9789281037334682,,,,,,DeepFixel Spherical CNN,0.9734482618816203,0.055046392359006525,0.04616883694818519
139,69,1,2,2,0.9862045,3.2696426,0.3258215,0.9479697413828938,-2.9452431127404317,0.3246644609943978,0.9679684200297722,,,,,,DeepFixel Spherical CNN,0.9734482618816203,0.06798531193494228,0.0011570390056022117
140,70,0,2,2,0.42026097,3.3447616,0.6653589,0.4111378623223478,-2.945243112740431,0.6009980606058496,0.9993644270269484,,,,,,DeepFixel Spherical CNN,0.9878260829927494,0.009529641135384936,0.06436083939415038
141,70,1,2,2,1.3710847,4.36833,0.3346411,1.4033482475752073,-1.8653206380689409,0.3375073155445411,0.9762877389585504,,,,,,DeepFixel Spherical CNN,0.9878260829927494,0.05841753644639071,0.002866215544541084
142,71,0,2,2,1.5040374,1.4599379,0.5157888,1.141020895490369,-2.9452431127404317,0.4608023766974113,0.9480394040998662,,,,,,DeepFixel Spherical CNN,0.9713651212969587,1.8198534395048183,0.05498642330258874
143,71,1,2,2,1.1621684,3.3572958,0.48421118,1.4873662401842815,1.3744467859455345,0.3888880037047338,0.9946908384940514,,,,,,DeepFixel Spherical CNN,0.9713651212969587,1.9104138615595887,0.09532317629526621
144,72,0,2,2,1.2580642,0.41761118,0.9163885,1.318116071652818,0.3926990816987241,0.8924285482269635,0.9710152953337892,,,,,,DeepFixel Spherical CNN,0.906928403575715,0.06463999066107715,0.02395995177303656
145,72,1,2,2,1.4228436,5.357724,0.08361149,1.2309594173407747,-0.6872233929727678,0.0300872087643131,0.842841511817641,,,,,,DeepFixel Spherical CNN,0.906928403575715,0.30009559680198555,0.053524281235686894
146,73,0,2,2,0.51855856,3.553056,0.82256764,0.5160163873553204,-2.670353755551324,0.8193180346767625,0.9938511604840036,,,,,,DeepFixel Spherical CNN,0.971676540120697,0.029666181465411546,0.003249605323237592
147,73,1,2,2,0.7554567,2.8466022,0.17743237,0.84106867056793,2.8470683423157497,0.0898038294560002,0.9495019197573904,,,,,,DeepFixel Spherical CNN,0.971676540120697,0.08561261987413737,0.08762854054399981
148,74,0,2,2,1.1059791,2.1950765,0.58525985,1.141020895490369,2.1598449493429825,0.3840647098201594,0.9844182646958828,,,,,,DeepFixel Spherical CNN,0.9820802471617288,0.047294588077606406,0.20119514017984064
149,74,1,2,2,1.530143,5.435113,0.41474015,1.4873662401842815,-0.7853981633974483,0.2821647975221972,0.9797422296275748,,,,,,DeepFixel Spherical CNN,0.9820802471617288,0.07577724302465434,0.13257535247780278
150,75,0,2,2,1.3361951,3.4166384,0.9659616,1.318116071652818,-2.9452431127404317,0.91742033369227,0.957457502081599,,,,,,DeepFixel Spherical CNN,0.9468071716153167,0.07848038153770497,0.048541266307729924
151,75,1,2,2,0.9712667,5.383454,0.034038454,1.5707963267948966,0.2945243112740431,0.0337033829664883,0.9361568411490344,,,,,,DeepFixel Spherical CNN,0.9468071716153167,1.262350407961054,0.00033507103351169965
152,76,0,2,2,0.52578676,1.3063129,0.98203653,0.5160163873553204,1.413716694115407,0.8959263466495219,0.9794805202920888,,,,,,DeepFixel Spherical CNN,0.8218960396065391,0.05431532712334957,0.08611018335047815
153,76,1,2,2,1.0132154,0.20475604,0.017963493,1.318116071652818,0.7853981633974483,0.0088183658849601,0.6643115589209895,,,,,,DeepFixel Spherical CNN,0.8218960396065391,0.6107356383192,0.0091451271150399
154,77,0,2,2,0.7554567,3.4365833,0.8292814,0.7305737448965524,-2.8049934407051724,0.7734173289667291,0.9901513348691914,,,,,,DeepFixel Spherical CNN,0.9736371753905727,0.03756675447327011,0.055864071033270846
155,77,1,2,2,1.0210177,2.5880182,0.17071863,0.9479697413828938,2.5525440310417062,0.1156156844379521,0.957123015911954,,,,,,DeepFixel Spherical CNN,0.9736371753905727,0.07879250375415715,0.05510294556204791
156,78,0,2,2,0.72305834,1.2835982,0.99548054,0.7305737448965522,1.2341971139102754,0.9333761570783085,0.9920819914417104,,,,,,DeepFixel Spherical CNN,0.8730321463709174,0.03367383818074922,0.062104382921691514
157,78,1,2,2,1.5049318,2.0334594,0.0045194374,0.4111378623223478,-0.9817477042468108,0.006391400956015,0.7539823013001246,,,,,,DeepFixel Spherical CNN,0.8730321463709174,1.9126914888894495,0.0018719635560149996
158,79,0,2,2,0.72366047,4.6509695,0.81736237,0.7305737448965522,-1.6829960644231037,0.7943335748155258,0.9917122939990646,,,,,,DeepFixel Spherical CNN,0.990371335863186,0.03445296468722979,0.023028795184474204
159,79,1,2,2,1.4186612,3.0063674,0.18263763,1.4033482475752073,3.0434178831651115,0.1556242569290016,0.9890303777273074,,,,,,DeepFixel Spherical CNN,0.990371335863186,0.03965399659588446,0.02701337307099841
160,80,0,2,2,1.4477566,3.3430457,0.5304089,1.4873662401842815,-2.9452431127404317,0.6761683594887163,0.988875705895058,,,,,,DeepFixel Spherical CNN,0.9693770883027438,0.03993356094217282,0.14575945948871638
161,80,1,2,2,1.4892048,3.4112537,0.46959105,1.5707963267948966,0.2945243112740431,0.2752723166501706,0.9498784707104296,,,,,,DeepFixel Spherical CNN,0.9693770883027438,3.0563049831063087,0.1943187333498294
162,81,0,2,2,0.7297539,5.216692,0.9759868,0.7305737448965524,-1.009797638653862,0.9371685528448728,0.9900176589444596,,,,,,DeepFixel Spherical CNN,0.7938318656681742,0.03782161032253369,0.03881824715512727
163,81,1,2,2,0.9627663,3.4041371,0.024013214,0.9479697413828938,2.356194490192345,0.0108872739157829,0.5976460723918889,,,,,,DeepFixel Spherical CNN,0.7938318656681742,0.8417883359392325,0.013125940084217101
164,82,0,2,2,1.110786,5.572241,0.9519662,1.0471975511965976,-0.6872233929727678,0.901172332060503,0.968940077495668,,,,,,DeepFixel Spherical CNN,0.5126669431670573,0.06693595328895334,0.05079386793949703
165,82,1,2,2,1.0925009,6.0605583,0.048033748,0.5160163873553204,-0.7853981633974483,0.0155799012917181,0.0563938088384465,,,,,,DeepFixel Spherical CNN,0.5126669431670573,0.6906560961006949,0.0324538467082819
166,83,0,2,2,0.8334587,3.4559603,0.5938235,0.8410686705679301,-2.84706834231575,0.9076522669115537,0.9980749665707536,,,,,,DeepFixel Spherical CNN,0.526733545717856,0.016588239325450144,0.3138287669115537
167,83,1,2,2,0.4712389,3.695167,0.40617648,1.4873662401842815,-2.7488935718910694,0.025581108585195,0.0553921248649584,,,,,,DeepFixel Spherical CNN,0.526733545717856,1.022984904494706,0.380595371414805
168,84,0,2,2,1.4514349,5.670296,0.62963414,1.4033482475752073,-0.6872233929727678,0.7843629096388895,0.9468303318324628,,,,,,DeepFixel Spherical CNN,0.6724314005556211,0.08788553518866456,0.1547287696388896
169,84,1,2,2,1.2702893,5.457136,0.37036583,1.5707963267948966,2.454369260617025,0.1076690571019943,0.3980324692787795,,,,,,DeepFixel Spherical CNN,0.6724314005556211,2.8114522044982815,0.2626967728980057
170,85,0,2,2,0.8334587,2.827225,0.98097664,0.84106867056793,2.8470683423157497,0.9186228675404624,0.9980749568379524,,,,,,DeepFixel Spherical CNN,0.5273357139769707,0.016588244064091595,0.06235377245953755
171,85,1,2,2,1.5295362,6.216337,0.019023387,0.8410686705679301,-0.6872233929727678,0.0096354414855394,0.0565964711159889,,,,,,DeepFixel Spherical CNN,0.5273357139769707,0.8847932467365065,0.009387945514460599
172,86,0,2,2,0.43979496,2.7537766,0.77628684,0.5160163873553204,2.670353755551324,0.7345166821511426,0.9498889898879888,,,,,,DeepFixel Spherical CNN,0.9226916483327721,0.08527862175162353,0.0417701578488574
173,86,1,2,2,0.9627663,6.020641,0.22371316,0.8410686705679301,-0.2945243112740441,0.214727668775446,0.8954943067775554,,,,,,DeepFixel Spherical CNN,0.9226916483327721,0.1242477717233496,0.008985491224553999
174,87,0,2,2,0.4374572,0.6929605,0.5297557,0.4111378623223478,0.5890486225480861,0.3601749530640648,0.9824582497635224,,,,,,DeepFixel Spherical CNN,0.9777920616446698,0.05019645137892248,0.16958074693593528
175,87,1,2,2,1.4884609,3.275516,0.47024426,1.4873662401842815,-2.9452431127404317,0.3105954336089073,0.9731258735258173,,,,,,DeepFixel Spherical CNN,0.9777920616446698,0.0622214546515924,0.15964882639109274
176,88,0,2,2,1.3034725,1.8142086,0.51773286,1.318116071652818,1.7671458676442584,0.5109171183560162,0.9840986883929042,,,,,,DeepFixel Spherical CNN,0.9782748369122396,0.04777948271752018,0.006815741643983797
177,88,1,2,2,0.8040711,2.9166727,0.48226714,0.84106867056793,2.8470683423157497,0.3992377044966326,0.9724509854315752,,,,,,DeepFixel Spherical CNN,0.9782748369122396,0.06300456587339921,0.08302943550336739
178,89,0,2,2,0.9627663,0.2625445,0.77635,0.9479697413828938,0.196349540849362,0.7007096901739125,0.9781701244232068,,,,,,DeepFixel Spherical CNN,0.9827132075616694,0.0560343054267437,0.07564030982608749
179,89,1,2,2,0.9617865,3.0920238,0.22364995,0.9479697413828938,3.141592653589793,0.2678848168671737,0.987256290700132,,,,,,DeepFixel Spherical CNN,0.9827132075616694,0.042752278201538214,0.044234866867173706
180,90,0,2,2,1.3208771,3.0728374,0.79405844,1.4033482475752073,3.0434178831651115,0.9608642363898764,0.9474705915732904,,,,,,DeepFixel Spherical CNN,0.5016626025015923,0.08734594956782053,0.16680579638987636
181,90,1,2,2,1.4186612,3.0063674,0.20594157,1.4873662401842815,1.7671458676442584,0.0047696253571003,0.0558546134298942,,,,,,DeepFixel Spherical CNN,0.5016626025015923,1.2310135085335325,0.2011719446428997
182,91,0,2,2,1.2247206,0.3525992,0.71818537,1.2309594173407747,0.2945243112740431,0.6785246036770421,0.9789279368902908,,,,,,DeepFixel Spherical CNN,0.9885302334534125,0.05504657277137649,0.0396607663229579
183,91,1,2,2,1.0630141,3.627759,0.2818146,1.0471975511965976,-2.650718801466388,0.2762427102066662,0.9981325300165342,,,,,,DeepFixel Spherical CNN,0.9885302334534125,0.016338116566086802,0.00557188979333384
184,92,0,2,2,0.75932765,2.2798676,0.7935579,0.7305737448965522,2.356194490192345,0.7138541994851236,0.9756660779057448,,,,,,DeepFixel Spherical CNN,0.9772186094223085,0.059184158968629864,0.07970370051487641
185,92,1,2,2,1.091808,1.4354419,0.2064421,1.0471975511965976,1.4726215563702154,0.2351247481416969,0.9787711409388724,,,,,,DeepFixel Spherical CNN,0.9772186094223085,0.05525236114809477,0.02868264814169691
186,93,0,2,2,0.7995395,1.0422398,0.5286617,0.8410686705679301,1.0799224746714908,0.513071385336179,0.9827070445127256,,,,,,DeepFixel Spherical CNN,0.9906792700849076,0.0498372733229411,0.015590314663820992
187,93,1,2,2,0.19273965,1.9259298,0.47133827,0.204480198968535,1.9634954084936207,0.4415949670545034,0.9986514956570895,,,,,,DeepFixel Spherical CNN,0.9906792700849076,0.013882503608407634,0.029743302945496597
188,94,0,2,2,0.41257334,0.0,0.6790345,0.4111378623223478,-0.1963495408493625,0.522496568658473,0.9574282168196098,,,,,,DeepFixel Spherical CNN,0.9653156657625908,0.07850773329530902,0.15653793134152694
189,94,1,2,2,0.91356677,0.32818297,0.3209655,0.9479697413828938,0.3926990816987242,0.4273542081940576,0.9732031147055716,,,,,,DeepFixel Spherical CNN,0.9653156657625908,0.062131179813312606,0.1063887081940576
190,95,0,2,2,0.59685063,1.3801663,0.60958785,0.6223684885550205,1.4398966328953218,0.5824751789471769,0.9873100914630544,,,,,,DeepFixel Spherical CNN,0.9906282627561118,0.04266154318129515,0.027112671052823112
191,95,1,2,2,1.3048053,4.5432014,0.39041212,1.318116071652818,-1.767145867644259,0.3705221615880362,0.9939464340491692,,,,,,DeepFixel Spherical CNN,0.9906282627561118,0.029434966043358882,0.019889958411963782
192,96,0,2,2,0.8544683,4.349996,0.6608632,0.8410686705679301,-1.8653206380689409,0.6343440476760679,0.9807357238101764,,,,,,DeepFixel Spherical CNN,0.9882020656619476,0.05261755083440712,0.026519152323932094
193,96,1,2,2,1.4076132,0.269661,0.33913675,1.4033482475752073,0.2945243112740431,0.3119334611239696,0.9956684075137188,,,,,,DeepFixel Spherical CNN,0.9882020656619476,0.024892389877591937,0.027203288876030407
194,97,0,2,2,0.7306707,1.3882595,0.679525,0.7305737448965522,1.45859658916669,0.6205044607943626,0.9846544831539228,,,,,,DeepFixel Spherical CNN,0.9878802159019634,0.046933004937367566,0.059020539205637434
195,97,1,2,2,1.4922565,2.5880182,0.320475,1.4873662401842815,2.5525440310417067,0.2841217403218846,0.991105948650004,,,,,,DeepFixel Spherical CNN,0.9878802159019634,0.035694432731030644,0.036353259678115424
196,98,0,2,2,1.307886,2.03681,0.9361122,1.2309594173407747,2.061670178918302,0.9133494495088096,0.9552663288370368,,,,,,DeepFixel Spherical CNN,0.9401921684927662,0.08050411426141056,0.022762750491190364
197,98,1,2,2,1.019126,4.6201324,0.06388778,1.4873662401842815,-0.9817477042468108,0.0109159367170327,0.9251180081484957,,,,,,DeepFixel Spherical CNN,0.9401921684927662,0.7913363163817038,0.05297184328296731
198,99,0,2,0,0.12933698,1.0271963,0.93954736,,,,0.0,,,,,,DeepFixel Spherical CNN,0.0,,
199,99,1,2,0,0.710654,0.76974565,0.06045265,,,,0.0,,,,,,DeepFixel Spherical CNN,0.0,,
200,100,0,2,2,0.65565425,4.355456,0.50923383,0.6223684885550205,-1.9634954084936205,0.4976426921686948,0.9890984385935292,,,,,,DeepFixel Spherical CNN,0.9771404420737648,0.039530381717502304,0.01159113783130522
201,100,1,2,2,0.6384576,2.369884,0.49076614,0.6223684885550206,2.4870941840919194,0.443566433356239,0.9651824455540006,,,,,,DeepFixel Spherical CNN,0.9771404420737648,0.07091146378736174,0.047199706643761
202,101,0,2,2,0.7827609,4.59789,0.92132556,0.7305737448965522,-1.6829960644231037,0.9343354239221148,0.9810304521715796,,,,,,DeepFixel Spherical CNN,0.8026016517011691,0.052210996392720456,0.013009863922114784
203,101,1,2,2,0.4963124,0.25421822,0.07867446,0.7305737448965522,0.1121997376282069,0.0241950404666426,0.6241728512307588,,,,,,DeepFixel Spherical CNN,0.8026016517011691,0.2476669789834598,0.0544794195333574
204,102,0,2,2,0.86770654,3.8798122,0.9077771,0.8410686705679301,-2.4543692606170264,0.9302401761826732,0.9847543403405808,,,,,,DeepFixel Spherical CNN,0.9433523514655634,0.04677927939429899,0.02246307618267318
205,102,1,2,2,0.72366047,1.6322156,0.092222944,0.8410686705679301,1.6689710972195777,0.0454105179111931,0.901950362590546,,,,,,DeepFixel Spherical CNN,0.9433523514655634,0.12022028340874223,0.046812426088806904
206,103,0,2,2,0.3349322,0.92016095,0.56448525,0.3073950510845033,0.7853981633974483,0.5330086847944907,0.9821630020935014,,,,,,DeepFixel Spherical CNN,0.9801315520057553,0.05061945733684902,0.031476565205509344
207,103,1,2,2,1.2223531,2.5132859,0.43551472,1.2309594173407747,2.454369260617025,0.4113937424345399,0.9781001019180092,,,,,,DeepFixel Spherical CNN,0.9801315520057553,0.05612474951207731,0.02412097756546011
208,104,0,2,2,1.296752,5.937796,0.7472099,1.318116071652818,-0.3926990816987248,0.8368774330257397,0.9822979233244468,,,,,,DeepFixel Spherical CNN,0.8690808757078095,0.05042647636590782,0.08966753302573971
209,104,1,2,2,1.449305,5.5519843,0.25279012,1.5707963267948966,2.258019719767664,0.0741666228818677,0.7558638280911721,,,,,,DeepFixel Spherical CNN,0.8690808757078095,2.9470089247964015,0.1786234971181323
210,105,0,2,2,0.9462668,5.291475,0.56048644,0.9479697413828936,-0.9817477042468106,0.527131798771878,0.9995219577089304,,,,,,DeepFixel Spherical CNN,0.974602110135541,0.00826434446660389,0.03335464122812204
211,105,1,2,2,0.78804016,5.89648,0.43951356,0.8410686705679301,-0.2945243112740441,0.3756813638446497,0.9496822625621516,,,,,,DeepFixel Spherical CNN,0.974602110135541,0.08545720823118133,0.06383219615535035
212,106,0,2,2,1.3703629,1.3006282,0.677915,1.4033482475752073,1.2762720155208531,0.6421233732931414,0.9884123151676116,,,,,,DeepFixel Spherical CNN,0.9734451817885208,0.04075969377078834,0.03579162670685865
213,106,1,2,2,1.0248133,4.896473,0.32208505,0.9479697413828938,-1.3744467859455354,0.3135508894654903,0.95847804840943,,,,,,DeepFixel Spherical CNN,0.9734451817885208,0.0775207371999893,0.008534160534509672
214,107,0,2,2,1.4090861,2.730789,0.67759156,1.4033482475752073,2.650718801466388,0.5678913912466591,0.956689086306652,,,,,,DeepFixel Spherical CNN,0.9661856639121675,0.07919568904895206,0.10970016875334088
215,107,1,2,2,1.3722193,3.7552102,0.3224084,1.318116071652818,-2.552544031041707,0.3395866033757254,0.9756822415176832,,,,,,DeepFixel Spherical CNN,0.9661856639121675,0.059164313295572174,0.017178203375725398
216,108,0,2,2,0.9200989,4.318702,0.7969696,0.9479697413828938,-1.9634954084936211,0.8180037210320121,0.9945672590011888,,,,,,DeepFixel Spherical CNN,0.9837916037318216,0.027882155527649735,0.021034121032012187
217,108,1,2,2,1.2925252,0.4805259,0.20303039,1.2309594173407747,0.4908738521234052,0.1367562832215422,0.9730159484624544,,,,,,DeepFixel Spherical CNN,0.9837916037318216,0.06234965406729559,0.0662741067784578
218,109,0,2,2,0.2060244,2.9385536,0.7101289,0.204480198968535,2.748893571891069,0.6406571983364614,0.9895875218281248,,,,,,DeepFixel Spherical CNN,0.99303360799387,0.03863049393243906,0.06947170166353855
219,109,1,2,2,0.710654,0.76974565,0.28987113,0.7305737448965522,0.7853981633974483,0.3164570808595306,0.9964796941596152,,,,,,DeepFixel Spherical CNN,0.99303360799387,0.022437702444795163,0.026585950859530638
220,110,0,2,2,1.1746064,4.372383,0.7851408,1.141020895490369,-1.9634954084936211,0.7051741777471758,0.9759823463374024,,,,,,DeepFixel Spherical CNN,0.9864436392008193,0.05879522786463921,0.07996662225282414
221,110,1,2,2,0.8245151,5.809861,0.21485922,0.84106867056793,-0.4908738521234055,0.254328871125407,0.9969049320642362,,,,,,DeepFixel Spherical CNN,0.9864436392008193,0.021037428160177,0.039469651125406985
222,111,0,2,2,0.53582484,4.841545,0.74633527,0.5160163873553204,-1.4137166941154071,0.6254428925415989,0.9958836413057846,,,,,,DeepFixel Spherical CNN,0.9960478882882955,0.024265275648266554,0.12089237745840109
223,111,1,2,2,1.4641,4.1240077,0.25366476,1.4873662401842815,-2.1598449493429825,0.2278982297668358,0.9962121352708064,,,,,,DeepFixel Spherical CNN,0.9960478882882955,0.023275722221644216,0.025766530233164192
224,112,0,2,2,0.9475288,0.4079598,0.9516826,0.9479697413828938,0.3926990816987242,0.9143431136275032,0.998923850073464,,,,,,DeepFixel Spherical CNN,0.9192681843430157,0.012401094427668074,0.037339486372496844
225,112,1,2,2,0.74543303,2.6748571,0.048317365,0.84106867056793,2.8470683423157497,0.0151664656364054,0.8396125186125674,,,,,,DeepFixel Spherical CNN,0.9192681843430157,0.15538403945944837,0.0331508993635946
226,113,0,2,2,0.62831855,2.5880182,0.9847242,0.6223684885550206,2.4870941840919194,0.913550945942214,0.9755220621303202,,,,,,DeepFixel Spherical CNN,0.9768686047437705,0.059360362932728485,0.07117325405778607
227,113,1,2,2,0.67580384,0.13008463,0.015275748,0.4111378623223478,0.196349540849362,0.0130686525064479,0.9782151473572208,,,,,,DeepFixel Spherical CNN,0.9768686047437705,0.26675536500267677,0.002207095493552101
228,114,0,2,2,0.96290207,1.7163765,0.8873196,0.9479697413828938,1.7671458676442584,0.9077899905946994,0.986467171824944,,,,,,DeepFixel Spherical CNN,0.9662644960840865,0.044061478943918944,0.02047039059469946
229,114,1,2,2,0.9709534,4.9537225,0.11268038,1.0471975511965976,-1.2762720155208538,0.0482515874832383,0.9460618203432288,,,,,,DeepFixel Spherical CNN,0.9662644960840865,0.08852942834166169,0.0644287925167617
230,115,0,2,2,1.3488619,3.278148,0.7412697,1.318116071652818,-2.9452431127404317,0.915405196381124,0.970023232860089,,,,,,DeepFixel Spherical CNN,0.5592433116381741,0.0657471650549909,0.17413549638112402
231,115,1,2,2,1.1621684,3.3572958,0.2587303,1.5707963267948966,0.098174770424681,0.032489796143109,0.1484633904162592,,,,,,DeepFixel Spherical CNN,0.5592433116381741,2.71731502334963,0.22624050385689104
232,116,0,2,2,1.3708869,1.4452434,0.9128511,1.4033482475752073,1.4726215563702154,0.9263773271787008,0.9876002873754556,,,,,,DeepFixel Spherical CNN,0.8974438703276354,0.0421690080813176,0.013526227178700778
233,116,1,2,2,0.90174824,4.608761,0.08714891,1.4873662401842815,-1.767145867644259,0.0114391822242193,0.8072874532798152,,,,,,DeepFixel Spherical CNN,0.8974438703276354,0.5916655269257984,0.0757097277757807
234,117,0,2,2,1.1656685,4.536293,0.514757,1.141020895490369,-1.767145867644259,0.5181021896499209,0.9933619027067516,,,,,,DeepFixel Spherical CNN,0.9838023871973378,0.03082618604380075,0.003345189649920921
235,117,1,2,2,1.0804663,3.9342618,0.48524305,1.141020895490369,-2.3561944901923453,0.3933352453234464,0.974242871687924,,,,,,DeepFixel Spherical CNN,0.9838023871973378,0.06090387389475183,0.09190780467655363
236,118,0,2,2,1.5041426,4.531407,0.9873025,1.4873662401842815,-1.767145867644259,0.6259769935950315,0.9963901302880548,,,,,,DeepFixel Spherical CNN,0.5263838157039772,0.022721688644771226,0.3613255064049685
237,118,1,2,2,0.8245151,0.4733239,0.012697517,1.5707963267948966,1.4726215563702154,0.3134951303852115,0.0563775011198996,,,,,,DeepFixel Spherical CNN,0.5263838157039772,1.162404565821042,0.3007976133852115
238,119,0,2,2,0.74112105,0.9608346,0.9065916,0.7305737448965524,1.009797638653862,0.9006627276357289,0.9916832928014484,,,,,,DeepFixel Spherical CNN,0.9689893320418352,0.03451336519829191,0.005928872364271198
239,119,1,2,2,0.5535744,4.712389,0.0934084,0.5160163873553204,-1.4137166941154071,0.0562473812073476,0.946295371282222,,,,,,DeepFixel Spherical CNN,0.9689893320418352,0.08833426009432656,0.0371610187926524
240,120,0,2,2,0.65565425,1.9277295,0.55092007,0.6223684885550205,1.9634954084936205,0.5321081582620016,0.9890984484284951,,,,,,DeepFixel Spherical CNN,0.9663005220573964,0.039530319708684786,0.018811911737998344
241,120,1,2,2,1.3127629,2.2547262,0.44907993,1.4033482475752073,2.258019719767664,0.381124431977176,0.9435025956862976,,,,,,DeepFixel Spherical CNN,0.9663005220573964,0.09064248902147463,0.06795549802282402
242,121,0,2,2,1.1120028,5.104773,0.83732927,1.141020895490369,-1.1780972450961729,0.7814801075839359,0.994115851268836,,,,,,DeepFixel Spherical CNN,0.9675501610061303,0.02901948970228713,0.05584916241606408
243,121,1,2,2,1.4090861,0.41080377,0.16267073,1.318116071652818,0.3926990816987241,0.1347426920408356,0.9409844707434246,,,,,,DeepFixel Spherical CNN,0.9675501610061303,0.09267798485361992,0.027928037959164403
244,122,0,2,2,0.7297539,5.216692,0.63880384,0.7305737448965524,-1.009797638653862,0.611815416170415,0.9900176589444596,,,,,,DeepFixel Spherical CNN,0.9912731243031282,0.03782161032253369,0.026988423829584995
245,122,1,2,2,1.3902206,3.0738356,0.36119616,1.4033482475752073,3.0434178831651115,0.3552465794472458,0.9925285896617968,,,,,,DeepFixel Spherical CNN,0.9912731243031282,0.032708130278875466,0.005949580552754186
246,123,0,2,2,1.158223,4.712389,0.5956687,1.141020895490369,-1.5707963267948968,0.5700269070875863,0.997929932924038,,,,,,DeepFixel Spherical CNN,0.979735332657703,0.01720210450964409,0.025641792912413752
247,123,1,2,2,1.2295184,5.51686,0.40433133,1.2309594173407747,-0.6872233929727678,0.3798461849514986,0.9615407323913678,,,,,,DeepFixel Spherical CNN,0.979735332657703,0.07457072850978443,0.02448514504850141
248,124,0,2,2,0.8244284,5.6337776,0.76387507,0.8410686705679301,-0.6872233929727678,0.7023494564961154,0.9926010702340848,,,,,,DeepFixel Spherical CNN,0.9895387792441082,0.0325486966287576,0.061525613503884635
249,124,1,2,2,1.3312842,4.1666784,0.23612495,1.318116071652818,-2.1598449493429825,0.2466763152610689,0.9864764882541316,,,,,,DeepFixel Spherical CNN,0.9895387792441082,0.04404619625029093,0.010551365261068896
250,125,0,2,2,0.6597098,4.4694843,0.5764684,0.6223684885550205,-1.7016960206944711,0.432402231163453,0.9593977316681512,,,,,,DeepFixel Spherical CNN,0.9637678863750851,0.07664622434803295,0.144066168836547
251,125,1,2,2,1.4386635,5.1525416,0.42353162,1.4873662401842815,-1.178097245096173,0.3324192764199696,0.9681380410820192,,,,,,DeepFixel Spherical CNN,0.9637678863750851,0.06780322095224108,0.0911123435800304
252,126,0,2,2,0.89141375,2.220967,0.9329717,0.8410686705679301,2.258019719767664,0.9403990963817248,0.976850618519786,,,,,,DeepFixel Spherical CNN,0.9382769082299021,0.05771493922672824,0.007427396381724849
253,126,1,2,2,0.39581668,5.252859,0.06702827,0.3073950510845033,-0.7853981633974483,0.0142788461601637,0.8997031979400181,,,,,,DeepFixel Spherical CNN,0.9382769082299021,0.12163528179512197,0.0527494238398363
254,127,0,2,2,0.8833323,3.386553,0.65596217,0.8410686705679301,-2.84706834231575,0.6168972434947753,0.9777434805031388,,,,,,DeepFixel Spherical CNN,0.9867059594420677,0.05658303563688239,0.03906492650522475
255,127,1,2,2,1.4076132,2.8719316,0.34403786,1.4033482475752073,2.8470683423157497,0.325844132636464,0.9956684383809966,,,,,,DeepFixel Spherical CNN,0.9867059594420677,0.024892337800219197,0.018193727363535972
256,128,0,2,2,0.31415927,5.729611,0.6577347,0.4111378623223478,-0.5890486225480861,0.8489277274528996,0.934449101681291,,,,,,DeepFixel Spherical CNN,0.6538829469650644,0.0977777684231978,0.19119302745289957
257,128,1,2,2,0.6159369,5.3985457,0.34226528,0.4111378623223478,-2.552544031041707,0.0456150167506832,0.3733167922488379,,,,,,DeepFixel Spherical CNN,0.6538829469650644,0.7585601303083273,0.2966502632493168
258,129,0,2,2,1.2766433,3.0026262,0.8939565,1.2309594173407747,3.0434178831651115,0.9195048313420728,0.9750720897400872,,,,,,DeepFixel Spherical CNN,0.9784019868572926,0.059907713936452237,0.025548331342072794
259,129,1,2,2,1.2301036,4.7562237,0.106043495,1.2309594173407743,-1.472621556370216,0.0463570097332082,0.981731883974498,,,,,,DeepFixel Spherical CNN,0.9784019868572926,0.05123098012154369,0.0596864852667918
260,130,0,2,2,1.019126,1.4785396,0.86500275,1.0471975511965976,1.4726215563702154,0.8822065169505385,0.99431313303223,,,,,,DeepFixel Spherical CNN,0.9225730514161257,0.02852799989008114,0.01720376695053849
261,130,1,2,2,1.1120028,1.9631804,0.13499726,1.2309594173407747,2.061670178918302,0.0381731794581332,0.8508329698000212,,,,,,DeepFixel Spherical CNN,0.9225730514161257,0.14956186602361526,0.09682408054186681
262,131,0,2,2,0.64099085,5.946992,0.8769519,0.6223684885550205,-0.392699081698724,0.8695499520862863,0.9898142120694904,,,,,,DeepFixel Spherical CNN,0.9395535265226691,0.03820635094775687,0.007401947913713736
263,131,1,2,2,1.3701209,5.549731,0.12304811,1.2309594173407743,-0.4908738521234055,0.0274352245387496,0.8892928409758478,,,,,,DeepFixel Spherical CNN,0.9395535265226691,0.2718252216831713,0.09561288546125041
264,132,0,2,2,0.9712667,2.241861,0.67209876,1.0471975511965976,2.258019719767664,0.5876402655006158,0.9588675240977548,,,,,,DeepFixel Spherical CNN,0.9569807821704823,0.07715153810279357,0.08445849449938425
265,132,1,2,2,1.0992529,1.3464079,0.32790127,1.0471975511965976,1.2762720155208531,0.3647938525574318,0.95509404024321,,,,,,DeepFixel Spherical CNN,0.9569807821704823,0.08066121387154097,0.036892582557431775
266,133,0,2,2,0.79132,0.0,0.8572101,0.8410686705679301,-0.0981747704246809,0.7434378795225595,0.9477712241770404,,,,,,DeepFixel Spherical CNN,0.9242553082229032,0.08709147592960306,0.11377222047744051
267,133,1,2,2,0.84618837,1.4082233,0.1427899,0.9479697413828938,1.5707963267948966,0.1235203405998695,0.9007393922687662,,,,,,DeepFixel Spherical CNN,0.9242553082229032,0.16262600730068652,0.019269559400130504
268,134,0,2,2,0.79452795,3.2547553,0.67026865,0.8410686705679301,-3.043417883165112,0.5509795489343484,0.9840801877539912,,,,,,DeepFixel Spherical CNN,0.962874765537568,0.047807431613648116,0.1192891010656516
269,134,1,2,2,0.34598398,1.5707964,0.32973135,0.4111378623223478,1.3744467859455345,0.2245650437737169,0.9416693433211448,,,,,,DeepFixel Spherical CNN,0.962874765537568,0.09725930906107777,0.10516630622628309
270,135,0,2,2,0.72305834,4.999587,0.97458035,0.7305737448965524,-1.234197113910276,0.9379697221017798,0.992081972127575,,,,,,DeepFixel Spherical CNN,0.9397484587383667,0.03367390759189338,0.03661062789822023
271,135,1,2,2,0.8549161,2.980336,0.025419679,0.7305737448965522,3.029392915961586,0.0075654179833907,0.8874149453491584,,,,,,DeepFixel Spherical CNN,0.9397484587383667,0.12913446112773572,0.0178542610166093
272,136,0,2,2,0.41518077,1.5707964,0.87237364,0.4111378623223478,1.7671458676442586,0.811787104234989,0.9570807037602288,,,,,,DeepFixel Spherical CNN,0.9374522023152327,0.07883185599702179,0.06058653576501094
273,136,1,2,2,1.3778208,3.3450828,0.12762639,1.4873662401842815,-2.9452431127404317,0.0968260180485707,0.9178237008702368,,,,,,DeepFixel Spherical CNN,0.9374522023152327,0.10977327124424785,0.030800371951429303
274,137,0,2,2,0.23561946,2.5880182,0.56296235,0.204480198968535,2.748893571891069,0.52453361952798,0.9847137002460584,,,,,,DeepFixel Spherical CNN,0.9730033591443987,0.046841908099709575,0.03842873047201989
275,137,1,2,2,1.121992,5.990568,0.43703762,1.0471975511965976,-0.2945243112740441,0.4229801324103648,0.9612930180427391,,,,,,DeepFixel Spherical CNN,0.9730033591443987,0.07481343303562994,0.01405748758963521
276,138,0,2,2,1.1743016,4.45066,0.50333846,0.9479697413828938,1.3744467859455345,0.4813905487166308,0.9674859954842342,,,,,,DeepFixel Spherical CNN,0.9769765911222374,2.1203931359799686,0.02194791128336926
277,138,1,2,2,0.96290207,1.4252161,0.4966615,1.141020895490369,-1.767145867644259,0.4453084235557182,0.9864671867602408,,,,,,DeepFixel Spherical CNN,0.9769765911222374,2.1028069286213524,0.051353076444281776
278,139,0,2,2,0.5302741,5.2520604,0.6214109,0.5160163873553204,-1.0995574287564278,0.5650748183361883,0.9904269052028072,,,,,,DeepFixel Spherical CNN,0.9918219796251608,0.037035865703934655,0.056336081663811655
279,139,1,2,2,1.3398488,2.3331926,0.37858906,1.318116071652818,2.356194490192345,0.3880416775238491,0.9932170540475144,,,,,,DeepFixel Spherical CNN,0.9918219796251608,0.031161426285483927,0.009452617523849127
280,140,0,2,2,1.2566371,5.729611,0.5740363,1.2309594173407743,-0.4908738521234055,0.5075468737851281,0.9709713972842812,,,,,,DeepFixel Spherical CNN,0.9839381502762152,0.06468934743038875,0.06648942621487197
281,140,1,2,2,0.8245151,3.6149166,0.4259637,0.84106867056793,-2.650718801466388,0.4318345155320601,0.9969049032681492,,,,,,DeepFixel Spherical CNN,0.9839381502762152,0.0210375928643339,0.005870815532060092
282,141,0,2,2,1.2935516,5.668422,0.9671752,1.318116071652818,-0.5890486225480871,0.8877211854028438,0.991487679145304,,,,,,DeepFixel Spherical CNN,0.5227673987187567,0.034918069846692906,0.07945401459715618
283,141,1,2,2,1.153343,5.9225984,0.03282482,1.5707963267948966,2.454369260617025,0.0268069068657657,0.0540471182922093,,,,,,DeepFixel Spherical CNN,0.5227673987187567,2.6175269227268587,0.006017913134234297
284,142,0,2,2,1.5301447,2.180383,0.9457412,1.4873662401842815,2.1598449493429825,0.7237265015249931,0.9843257716320092,,,,,,DeepFixel Spherical CNN,0.9612853752640569,0.04743544845164406,0.22201469847500688
285,142,1,2,2,0.89912957,1.5707964,0.054258812,1.4873662401842815,-0.9817477042468108,0.1997216011448758,0.9382449788961046,,,,,,DeepFixel Spherical CNN,0.9612853752640569,2.210229777739648,0.14546278914487581
286,143,0,2,2,0.86736286,1.01902,0.5156518,0.8410686705679301,1.0799224746714908,0.4833187239018354,0.9805205636114848,,,,,,DeepFixel Spherical CNN,0.9720396044964457,0.05291226481112643,0.032333076098164604
287,143,1,2,2,1.3701209,2.408138,0.48434818,1.318116071652818,2.356194490192345,0.4552900308635825,0.9635586453814065,,,,,,DeepFixel Spherical CNN,0.9720396044964457,0.07256481585567585,0.02905814913641752
288,144,0,2,2,0.84618837,1.4082233,0.8279716,0.84106867056793,1.4726215563702154,0.725705219330928,0.9837003904906808,,,,,,DeepFixel Spherical CNN,0.9909164617877309,0.04837718569738524,0.10226638066907201
289,144,1,2,2,1.0630141,0.4861664,0.17202841,1.0471975511965976,0.4908738521234052,0.1948648129912835,0.998132533084781,,,,,,DeepFixel Spherical CNN,0.9909164617877309,0.01633810488074246,0.022836402991283505
290,145,0,2,2,0.9475288,3.5495524,0.97716075,0.9479697413828936,-2.7488935718910694,0.9428690287554532,0.9989238503528558,,,,,,DeepFixel Spherical CNN,0.864930152357985,0.012401050935126086,0.034291721244546824
291,145,1,2,2,1.1294748,2.0483818,0.022839244,0.9479697413828938,2.1598449493429825,0.0072191986646637,0.7309364543631142,,,,,,DeepFixel Spherical CNN,0.864930152357985,0.2052224571631422,0.015620045335336301
292,146,0,2,2,1.0210177,0.5535744,0.50251937,1.318116071652818,-0.3926990816987248,0.5407134500619468,0.9750756663957908,,,,,,DeepFixel Spherical CNN,0.9786867948601188,0.9105123886884475,0.0381940800619468
293,146,1,2,2,1.296752,5.937796,0.49748066,1.0471975511965976,0.4908738521234052,0.408158580927006,0.9822979233244468,,,,,,DeepFixel Spherical CNN,0.9786867948601188,0.8036283504088688,0.089322079072994
294,147,0,2,2,1.1074132,3.5631444,0.8771896,1.141020895490369,-2.7488935718910694,0.8737924936532167,0.987403448985969,,,,,,DeepFixel Spherical CNN,0.884807093773508,0.04250366249173662,0.003397106346783363
295,147,1,2,2,0.51855856,5.8717217,0.1228104,0.6223684885550205,-0.1308996938995748,0.0472481611474081,0.7822107385610468,,,,,,DeepFixel Spherical CNN,0.884807093773508,0.18290658486437678,0.07556223885259189
296,148,0,2,2,1.1294748,4.2348037,0.52764684,1.0471975511965976,-2.061670178918302,0.5246313959135017,0.9523627721713458,,,,,,DeepFixel Spherical CNN,0.9658248506275446,0.08311424125478303,0.0030154440864982313
297,148,1,2,2,0.3244638,1.9996618,0.47235316,0.3073950510845033,1.832595714594046,0.4094470662297652,0.9792869290837436,,,,,,DeepFixel Spherical CNN,0.9658248506275446,0.05457258511718815,0.06290609377023482
298,149,0,2,2,1.3710847,4.36833,0.7188343,1.4033482475752073,-1.8653206380689409,0.7234576573371685,0.9762877389585504,,,,,,DeepFixel Spherical CNN,0.9774665301040026,0.05841753644639071,0.004623357337168454
299,149,1,2,2,0.51615083,5.6101303,0.2811657,0.5160163873553204,-0.7853981633974483,0.1603271528399508,0.9786453212494548,,,,,,DeepFixel Spherical CNN,0.9774665301040026,0.05541693714974208,0.12083854716004921
300,150,0,2,2,0.53582484,4.583233,0.980635,0.5160163873553204,-1.7278759594743864,0.8968632916181858,0.995883638963096,,,,,,DeepFixel Spherical CNN,0.9801756433836756,0.02426528702067972,0.08377170838181425
301,150,1,2,2,1.5049318,1.1081332,0.01936501,0.204480198968535,-2.748893571891069,0.017131501655457,0.9644676478042552,,,,,,DeepFixel Spherical CNN,0.9801756433836756,1.6594042453722817,0.002233508344542997
302,151,0,2,2,0.9475288,2.7336328,0.879387,0.9479697413828938,2.748893571891069,0.857136752857673,0.998923841401172,,,,,,DeepFixel Spherical CNN,0.9738431432572454,0.012401137920209734,0.02225024714232704
303,151,1,2,2,1.0650716,0.1505415,0.12061298,1.141020895490369,0.196349540849362,0.0503533683526906,0.948762445113319,,,,,,DeepFixel Spherical CNN,0.9738431432572454,0.08624737784827215,0.0702596116473094
304,152,0,2,2,0.4712389,3.695167,0.9793267,0.5160163873553204,-2.670353755551324,0.9212831055144504,0.9755235018940775,,,,,,DeepFixel Spherical CNN,0.8368656108476576,0.0593585792635245,0.05804359448554963
305,152,1,2,2,1.110786,3.852537,0.020673301,1.2309594173407747,3.0434178831651115,0.0093539664262937,0.6982077198012377,,,,,,DeepFixel Spherical CNN,0.8368656108476576,0.7509891602643475,0.011319334573706302
306,153,0,2,2,1.0284797,3.5576322,0.69598925,1.0471975511965976,-2.650718801466388,0.6599587130398178,0.9687775008558664,,,,,,DeepFixel Spherical CNN,0.9728939836713755,0.06711264349366654,0.03603053696018221
307,153,1,2,2,1.1791382,6.21173,0.30401075,1.2309594173407747,-0.0981747704246809,0.2932716719866576,0.9770104664868844,,,,,,DeepFixel Spherical CNN,0.9728939836713755,0.05751384971292024,0.010739078013342396
308,154,0,2,2,0.6384576,0.77170867,0.73648345,0.6223684885550205,0.6544984694978736,0.6088219506749314,0.9651824300603598,,,,,,DeepFixel Spherical CNN,0.9485932411674733,0.07091147319730788,0.12766149932506865
309,154,1,2,2,1.2392242,4.9268064,0.26351655,1.141020895490369,-1.3744467859455354,0.3283620896022284,0.9320040522745868,,,,,,DeepFixel Spherical CNN,0.9485932411674733,0.09962397428221641,0.06484553960222839
310,155,0,2,2,1.50476,1.9633567,0.69990706,1.4873662401842815,1.9634954084936205,0.5619438548278517,0.997883447400664,,,,,,DeepFixel Spherical CNN,0.9591327658997216,0.017394309782975348,0.13796320517214833
311,155,1,2,2,0.6136997,0.07068824,0.30009297,0.5160163873553204,0.1570796326794896,0.2165504868551987,0.9203820843987792,,,,,,DeepFixel Spherical CNN,0.9591327658997216,0.1080058677886318,0.08354248314480131
312,156,0,2,2,1.3011353,4.712389,0.6276925,1.318116071652818,-1.5707963267948968,0.5974023847990478,0.9979828347706464,,,,,,DeepFixel Spherical CNN,0.9731530429577614,0.01698077165282795,0.03029011520095215
313,156,1,2,2,1.17709,1.9889878,0.3723075,1.2309594173407747,2.061670178918302,0.3464397113982293,0.9483232511448764,,,,,,DeepFixel Spherical CNN,0.9731530429577614,0.0866223668615157,0.02586778860177069
314,157,0,2,2,0.9712667,4.041324,0.9387616,1.0471975511965976,-2.258019719767664,0.8933318474345964,0.9588675341271474,,,,,,DeepFixel Spherical CNN,0.555696490152728,0.07715149205979074,0.0454297525654036
315,157,1,2,2,1.1595315,3.9249787,0.06123843,0.4111378623223478,-2.1598449493429825,0.0100656322639147,0.1525254461783086,,,,,,DeepFixel Spherical CNN,0.555696490152728,0.7588911624932649,0.0511727977360853
316,158,0,2,2,0.89912957,4.712389,0.53889084,0.9479697413828938,-1.5707963267948968,0.5758477399600304,0.9833885465417592,,,,,,DeepFixel Spherical CNN,0.9714456296664092,0.048840171382894725,0.036956899960030376
317,158,1,2,2,1.2173288,0.9882742,0.4611092,1.141020895490369,0.98174770424681,0.399932248740295,0.9595027127910593,,,,,,DeepFixel Spherical CNN,0.9714456296664092,0.07654579823936426,0.061176951259705015
318,159,0,2,2,0.75932765,4.003318,0.9838101,0.7305737448965522,-2.356194490192345,0.943295498833748,0.9756659934035968,,,,,,DeepFixel Spherical CNN,0.6615902389776049,0.059184332383734384,0.04051460116625205
319,159,1,2,2,1.3351768,3.695167,0.016189855,0.7305737448965522,-0.1121997376282071,0.0065230264944488,0.347514484551613,,,,,,DeepFixel Spherical CNN,0.6615902389776049,1.9139092494958732,0.0096668285055512
320,160,0,2,2,0.74543303,2.6748571,0.9606279,0.7305737448965524,2.580593965448758,0.9331088153395036,0.9705838953705782,,,,,,DeepFixel Spherical CNN,0.9787214812913347,0.0651237049498142,0.02751908466049635
321,160,1,2,2,0.9709534,4.9537225,0.039372094,0.7305737448965522,-1.6829960644231037,0.0125614849915365,0.9868590672120912,,,,,,DeepFixel Spherical CNN,0.9787214812913347,0.35632988749269034,0.026810609008463503
322,161,0,2,2,1.2399288,1.2039618,0.66197103,1.2309594173407747,1.2762720155208531,0.6147323264977095,0.9671410338789588,,,,,,DeepFixel Spherical CNN,0.96437767164145,0.06886680659727379,0.047238703502290535
323,161,1,2,2,1.2580642,2.7239814,0.33802894,1.2309594173407747,2.650718801466388,0.3333869194999111,0.9616143094039412,,,,,,DeepFixel Spherical CNN,0.96437767164145,0.07449852154508185,0.004642020500088884
324,162,0,2,2,1.4392166,1.0602366,0.87678194,1.4033482475752073,1.0799224746714908,0.8981516703800875,0.988383970257594,,,,,,DeepFixel Spherical CNN,0.9504580632075996,0.040809679951195194,0.021369730380087493
325,162,1,2,2,0.710654,3.9113383,0.12321806,1.4873662401842815,-1.9634954084936211,0.0311716892114767,0.9125321561576052,,,,,,DeepFixel Spherical CNN,0.9504580632075996,0.8502813593846049,0.0920463707885233
326,163,0,2,2,1.1092144,6.209609,0.56915367,1.0471975511965976,-0.0981747704246809,0.5315419635377855,0.9700722157461964,,,,,,DeepFixel Spherical CNN,0.9847970786953474,0.06569295674192271,0.037611706462214456
327,163,1,2,2,0.9462668,0.99171066,0.4308463,0.9479697413828938,0.98174770424681,0.4296994920132609,0.9995219416444984,,,,,,DeepFixel Spherical CNN,0.9847970786953474,0.008264624716320034,0.0011468079867391068
328,164,0,2,2,0.98553395,2.503627,0.5331325,0.9479697413828938,2.5525440310417062,0.5007239926001897,0.9789188502531584,,,,,,DeepFixel Spherical CNN,0.9774973874283455,0.055058557445992355,0.03240850739981027
329,164,1,2,2,0.9827457,4.3771815,0.4668675,0.9479697413828938,-1.9634954084936211,0.4612645081959648,0.9760759246035324,,,,,,DeepFixel Spherical CNN,0.9774973874283455,0.05867980208628154,0.005602991804035173
330,165,0,2,2,0.5445955,2.2427905,0.73385584,0.5160163873553204,2.356194490192345,0.9082677066917884,0.97153963041,,,,,,DeepFixel Spherical CNN,0.5172062493959615,0.06404739585561312,0.17441186669178832
331,165,1,2,2,0.23561946,2.5880182,0.26614413,0.6223684885550205,-3.010692959690218,0.030221593338416,0.062872868381923,,,,,,DeepFixel Spherical CNN,0.5172062493959615,0.46127397211758414,0.23592253666158397
332,166,0,2,2,0.23561946,5.729611,0.5752079,0.204480198968535,-0.3926990816987249,0.5353137573801926,0.9847137094547324,,,,,,DeepFixel Spherical CNN,0.9772238696753017,0.04684188435778155,0.03989414261980739
333,166,1,2,2,0.9942772,5.9422545,0.42479208,1.0471975511965976,-0.2945243112740441,0.4215942579487705,0.9697340298958712,,,,,,DeepFixel Spherical CNN,0.9772238696753017,0.06606664485268052,0.0031978220512295374
334,167,0,2,2,0.6879088,4.0139174,0.6820471,0.7305737448965522,-2.356194490192345,0.6238573700657578,0.9652296033525882,,,,,,DeepFixel Spherical CNN,0.9678543119916888,0.07086287971994379,0.05818972993424221
335,167,1,2,2,0.2599898,5.2552176,0.3179529,0.204480198968535,-1.1780972450961722,0.3387920938608439,0.9704790206307894,,,,,,DeepFixel Spherical CNN,0.9678543119916888,0.0652408047078876,0.02083919386084393
336,168,0,2,2,0.39158684,5.064584,0.898751,0.4111378623223478,-0.9817477042468108,0.8262820646875673,0.9388513174703178,,,,,,DeepFixel Spherical CNN,0.8988714611440314,0.09437037338893357,0.0724689353124327
337,168,1,2,2,0.9827457,4.3771815,0.10124897,0.8410686705679301,-1.8653206380689409,0.0335602440409287,0.858891604817745,,,,,,DeepFixel Spherical CNN,0.8988714611440314,0.14526595655330418,0.0676887259590713
338,169,0,2,2,1.3020546,4.627753,0.62757593,1.2309594173407747,-1.6689710972195784,0.5613332723051336,0.963862274336408,,,,,,DeepFixel Spherical CNN,0.9755861872187739,0.07225841069330582,0.06624265769486637
339,169,1,2,2,0.59685063,1.7614263,0.37242404,0.6223684885550205,1.7016960206944711,0.3901775353436963,0.9873101001011396,,,,,,DeepFixel Spherical CNN,0.9755861872187739,0.04266151860473755,0.0177534953436963
340,170,0,2,2,1.0650716,2.9910512,0.9619524,1.0471975511965976,3.0434178831651115,0.8988128441771105,0.983307414632602,,,,,,DeepFixel Spherical CNN,0.6852822538209248,0.048959921955621474,0.06313955582288955
341,170,1,2,2,0.07853982,3.695167,0.038047586,0.9479697413828938,-2.1598449493429825,0.0103299086051752,0.3872570930092476,,,,,,DeepFixel Spherical CNN,0.6852822538209248,0.8769365707738812,0.0277176773948248
342,171,0,2,2,0.9854915,1.9928323,0.7153228,0.9479697413828938,1.9634954084936205,0.6648862898988108,0.9861251052530354,,,,,,DeepFixel Spherical CNN,0.96355478799823,0.04461720570137646,0.050436510101189214
343,171,1,2,2,1.4090861,0.41080377,0.2846772,1.318116071652818,0.3926990816987241,0.2598913015742943,0.9409844707434246,,,,,,DeepFixel Spherical CNN,0.96355478799823,0.09267798485361992,0.02478589842570572
344,172,0,2,2,1.2223531,0.6283067,0.9072762,1.2309594173407747,0.6872233929727672,0.8618449741931252,0.9781000360286094,,,,,,DeepFixel Spherical CNN,0.8756198690729828,0.056124799360365095,0.04543122580687475
345,172,1,2,2,1.3712474,3.623487,0.09272379,1.4033482475752073,-2.258019719767664,0.0188812783125663,0.7731397021173563,,,,,,DeepFixel Spherical CNN,0.8756198690729828,0.396129182339381,0.07384251168743369
346,173,0,2,2,0.72366047,4.6509695,0.86324716,0.7305737448965522,-1.6829960644231037,0.863257019392978,0.9917122939990648,,,,,,DeepFixel Spherical CNN,0.9895498844232147,0.03445296468722979,9.85939297803995e-06
347,173,1,2,2,1.5295337,2.939685,0.13675284,1.4873662401842815,2.945243112740431,0.0538194837147363,0.9873874748473646,,,,,,DeepFixel Spherical CNN,0.9895498844232147,0.0425307270670358,0.08293335628526369
348,174,0,2,2,1.08805,1.6174408,0.76272964,1.0471975511965976,1.6689710972195777,0.6908587571253462,0.974264056309738,,,,,,DeepFixel Spherical CNN,0.974973138687115,0.06087865661550203,0.07187088287465382
349,174,1,2,2,1.3722193,2.527975,0.23727037,1.318116071652818,2.5525440310417067,0.2248659162154903,0.975682221064492,,,,,,DeepFixel Spherical CNN,0.974973138687115,0.059164355563884545,0.012404453784509717
350,175,0,2,2,1.2301036,4.6685543,0.7720824,1.2309594173407747,-1.6689710972195784,0.7017566801460966,0.981731868034902,,,,,,DeepFixel Spherical CNN,0.9743353195101022,0.051231017096250345,0.07032571985390335
351,175,1,2,2,1.2766433,6.144219,0.2279176,1.318116071652818,-0.1963495408493634,0.2585176080490899,0.9669387709853025,,,,,,DeepFixel Spherical CNN,0.9743353195101022,0.06908065002086797,0.03060000804908991
352,176,0,2,2,0.36216927,2.787653,0.800176,0.4111378623223478,2.945243112740431,0.6462096964560875,0.9591590217026416,,,,,,DeepFixel Spherical CNN,0.9672050358169755,0.07687409874242701,0.1539663035439125
353,176,1,2,2,0.4669916,4.859109,0.19982396,0.4111378623223478,-1.3744467859455345,0.2756067858310141,0.9752510499313094,,,,,,DeepFixel Spherical CNN,0.9672050358169755,0.05969058425706608,0.07578282583101412
354,177,0,2,2,0.5497787,5.729611,0.7260628,0.5160163873553204,-0.4712388980384692,0.7323563936790949,0.9799154646613112,,,,,,DeepFixel Spherical CNN,0.977410368467514,0.05373288708463148,0.006293593679094878
355,177,1,2,2,1.3778208,0.20349,0.27393723,1.318116071652818,0.196349540849362,0.1935559284833608,0.9749052722737168,,,,,,DeepFixel Spherical CNN,0.977410368467514,0.06010935161916767,0.08038130151663916
356,178,0,2,2,0.710654,5.5134397,0.9713795,0.7305737448965522,-0.7853981633974483,0.9606674230795452,0.996479694537346,,,,,,DeepFixel Spherical CNN,0.7878844405261635,0.02243771544834591,0.010712076920454727
357,178,1,2,2,0.72305834,1.8579944,0.02862046,0.7305737448965522,1.45859658916669,0.00878636585043,0.579289186514981,,,,,,DeepFixel Spherical CNN,0.7878844405261635,0.2645101515961896,0.01983409414957
358,179,0,2,2,0.84618837,4.874962,0.90853924,0.8410686705679301,-1.472621556370216,0.8469547913707126,0.9837004815030554,,,,,,DeepFixel Spherical CNN,0.9752382614208481,0.04837718036516745,0.06158444862928736
359,179,1,2,2,1.0172219,3.1415927,0.09146075,0.9479697413828938,3.141592653589793,0.0952627764658914,0.9667760413386408,,,,,,DeepFixel Spherical CNN,0.9752382614208481,0.06925215861711789,0.003802026465891409
360,180,0,2,2,0.42026097,3.3447616,0.6653589,0.4111378623223478,-2.945243112740431,0.6009980606058496,0.9993644270269484,,,,,,DeepFixel Spherical CNN,0.9878260829927494,0.009529641135384936,0.06436083939415038
361,180,1,2,2,1.3710847,4.36833,0.3346411,1.4033482475752073,-1.8653206380689409,0.3375073155445411,0.9762877389585504,,,,,,DeepFixel Spherical CNN,0.9878260829927494,0.05841753644639071,0.002866215544541084
362,181,0,2,2,1.5040374,1.4599379,0.5157888,1.141020895490369,-2.9452431127404317,0.4608023766974113,0.9480394040998662,,,,,,DeepFixel Spherical CNN,0.9713651212969587,1.8198534395048183,0.05498642330258874
363,181,1,2,2,1.1621684,3.3572958,0.48421118,1.4873662401842815,1.3744467859455345,0.3888880037047338,0.9946908384940514,,,,,,DeepFixel Spherical CNN,0.9713651212969587,1.9104138615595887,0.09532317629526621
364,182,0,2,2,1.2580642,0.41761118,0.9163885,1.318116071652818,0.3926990816987241,0.8924285482269635,0.9710152953337892,,,,,,DeepFixel Spherical CNN,0.906928403575715,0.06463999066107715,0.02395995177303656
365,182,1,2,2,1.4228436,5.357724,0.08361149,1.2309594173407747,-0.6872233929727678,0.0300872087643131,0.842841511817641,,,,,,DeepFixel Spherical CNN,0.906928403575715,0.30009559680198555,0.053524281235686894
366,183,0,2,2,0.51855856,3.553056,0.82256764,0.5160163873553204,-2.670353755551324,0.8193180346767625,0.9938511604840036,,,,,,DeepFixel Spherical CNN,0.971676540120697,0.029666181465411546,0.003249605323237592
367,183,1,2,2,0.7554567,2.8466022,0.17743237,0.84106867056793,2.8470683423157497,0.0898038294560002,0.9495019197573904,,,,,,DeepFixel Spherical CNN,0.971676540120697,0.08561261987413737,0.08762854054399981
368,184,0,2,2,1.1059791,2.1950765,0.58525985,1.141020895490369,2.1598449493429825,0.3840647098201594,0.9844182646958828,,,,,,DeepFixel Spherical CNN,0.9820802471617288,0.047294588077606406,0.20119514017984064
369,184,1,2,2,1.530143,5.435113,0.41474015,1.4873662401842815,-0.7853981633974483,0.2821647975221972,0.9797422296275748,,,,,,DeepFixel Spherical CNN,0.9820802471617288,0.07577724302465434,0.13257535247780278
370,185,0,2,2,1.3361951,3.4166384,0.9659616,1.318116071652818,-2.9452431127404317,0.91742033369227,0.957457502081599,,,,,,DeepFixel Spherical CNN,0.9468071716153167,0.07848038153770497,0.048541266307729924
371,185,1,2,2,0.9712667,5.383454,0.034038454,1.5707963267948966,0.2945243112740431,0.0337033829664883,0.9361568411490344,,,,,,DeepFixel Spherical CNN,0.9468071716153167,1.262350407961054,0.00033507103351169965
372,186,0,2,2,0.52578676,1.3063129,0.98203653,0.5160163873553204,1.413716694115407,0.8959263466495219,0.9794805202920888,,,,,,DeepFixel Spherical CNN,0.8218960396065391,0.05431532712334957,0.08611018335047815
373,186,1,2,2,1.0132154,0.20475604,0.017963493,1.318116071652818,0.7853981633974483,0.0088183658849601,0.6643115589209895,,,,,,DeepFixel Spherical CNN,0.8218960396065391,0.6107356383192,0.0091451271150399
374,187,0,2,2,0.7554567,3.4365833,0.8292814,0.7305737448965524,-2.8049934407051724,0.7734173289667291,0.9901513348691914,,,,,,DeepFixel Spherical CNN,0.9736371753905727,0.03756675447327011,0.055864071033270846
375,187,1,2,2,1.0210177,2.5880182,0.17071863,0.9479697413828938,2.5525440310417062,0.1156156844379521,0.957123015911954,,,,,,DeepFixel Spherical CNN,0.9736371753905727,0.07879250375415715,0.05510294556204791
376,188,0,2,2,0.72305834,1.2835982,0.99548054,0.7305737448965522,1.2341971139102754,0.9333761570783085,0.9920819914417104,,,,,,DeepFixel Spherical CNN,0.8730321463709174,0.03367383818074922,0.062104382921691514
377,188,1,2,2,1.5049318,2.0334594,0.0045194374,0.4111378623223478,-0.9817477042468108,0.006391400956015,0.7539823013001246,,,,,,DeepFixel Spherical CNN,0.8730321463709174,1.9126914888894495,0.0018719635560149996
378,189,0,2,2,0.72366047,4.6509695,0.81736237,0.7305737448965522,-1.6829960644231037,0.7943335748155258,0.9917122939990646,,,,,,DeepFixel Spherical CNN,0.990371335863186,0.03445296468722979,0.023028795184474204
379,189,1,2,2,1.4186612,3.0063674,0.18263763,1.4033482475752073,3.0434178831651115,0.1556242569290016,0.9890303777273074,,,,,,DeepFixel Spherical CNN,0.990371335863186,0.03965399659588446,0.02701337307099841
380,190,0,2,2,1.3208771,3.0728374,0.79405844,1.4033482475752073,3.0434178831651115,0.9608642363898764,0.9474705915732904,,,,,,DeepFixel Spherical CNN,0.5016626025015923,0.08734594956782053,0.16680579638987636
381,190,1,2,2,1.4186612,3.0063674,0.20594157,1.4873662401842815,1.7671458676442584,0.0047696253571003,0.0558546134298942,,,,,,DeepFixel Spherical CNN,0.5016626025015923,1.2310135085335325,0.2011719446428997
382,191,0,2,2,1.2247206,0.3525992,0.71818537,1.2309594173407747,0.2945243112740431,0.6785246036770421,0.9789279368902908,,,,,,DeepFixel Spherical CNN,0.9885302334534125,0.05504657277137649,0.0396607663229579
383,191,1,2,2,1.0630141,3.627759,0.2818146,1.0471975511965976,-2.650718801466388,0.2762427102066662,0.9981325300165342,,,,,,DeepFixel Spherical CNN,0.9885302334534125,0.016338116566086802,0.00557188979333384
384,192,0,2,2,0.75932765,2.2798676,0.7935579,0.7305737448965522,2.356194490192345,0.7138541994851236,0.9756660779057448,,,,,,DeepFixel Spherical CNN,0.9772186094223085,0.059184158968629864,0.07970370051487641
385,192,1,2,2,1.091808,1.4354419,0.2064421,1.0471975511965976,1.4726215563702154,0.2351247481416969,0.9787711409388724,,,,,,DeepFixel Spherical CNN,0.9772186094223085,0.05525236114809477,0.02868264814169691
386,193,0,2,2,0.7995395,1.0422398,0.5286617,0.8410686705679301,1.0799224746714908,0.513071385336179,0.9827070445127256,,,,,,DeepFixel Spherical CNN,0.9906792700849076,0.0498372733229411,0.015590314663820992
387,193,1,2,2,0.19273965,1.9259298,0.47133827,0.204480198968535,1.9634954084936207,0.4415949670545034,0.9986514956570895,,,,,,DeepFixel Spherical CNN,0.9906792700849076,0.013882503608407634,0.029743302945496597
388,194,0,2,2,0.41257334,0.0,0.6790345,0.4111378623223478,-0.1963495408493625,0.522496568658473,0.9574282168196098,,,,,,DeepFixel Spherical CNN,0.9653156657625908,0.07850773329530902,0.15653793134152694
389,194,1,2,2,0.91356677,0.32818297,0.3209655,0.9479697413828938,0.3926990816987242,0.4273542081940576,0.9732031147055716,,,,,,DeepFixel Spherical CNN,0.9653156657625908,0.062131179813312606,0.1063887081940576
390,195,0,2,2,0.59685063,1.3801663,0.60958785,0.6223684885550205,1.4398966328953218,0.5824751789471769,0.9873100914630544,,,,,,DeepFixel Spherical CNN,0.9906282627561118,0.04266154318129515,0.027112671052823112
391,195,1,2,2,1.3048053,4.5432014,0.39041212,1.318116071652818,-1.767145867644259,0.3705221615880362,0.9939464340491692,,,,,,DeepFixel Spherical CNN,0.9906282627561118,0.029434966043358882,0.019889958411963782
392,196,0,2,2,0.8544683,4.349996,0.6608632,0.8410686705679301,-1.8653206380689409,0.6343440476760679,0.9807357238101764,,,,,,DeepFixel Spherical CNN,0.9882020656619476,0.05261755083440712,0.026519152323932094
393,196,1,2,2,1.4076132,0.269661,0.33913675,1.4033482475752073,0.2945243112740431,0.3119334611239696,0.9956684075137188,,,,,,DeepFixel Spherical CNN,0.9882020656619476,0.024892389877591937,0.027203288876030407
394,197,0,2,2,0.7306707,1.3882595,0.679525,0.7305737448965522,1.45859658916669,0.6205044607943626,0.9846544831539228,,,,,,DeepFixel Spherical CNN,0.9878802159019634,0.046933004937367566,0.059020539205637434
395,197,1,2,2,1.4922565,2.5880182,0.320475,1.4873662401842815,2.5525440310417067,0.2841217403218846,0.991105948650004,,,,,,DeepFixel Spherical CNN,0.9878802159019634,0.035694432731030644,0.036353259678115424
396,198,0,2,2,1.307886,2.03681,0.9361122,1.2309594173407747,2.061670178918302,0.9133494495088096,0.9552663288370368,,,,,,DeepFixel Spherical CNN,0.9401921684927662,0.08050411426141056,0.022762750491190364
397,198,1,2,2,1.019126,4.6201324,0.06388778,1.4873662401842815,-0.9817477042468108,0.0109159367170327,0.9251180081484957,,,,,,DeepFixel Spherical CNN,0.9401921684927662,0.7913363163817038,0.05297184328296731
398,199,0,2,0,0.12933698,1.0271963,0.93954736,,,,0.0,,,,,,DeepFixel Spherical CNN,0.0,,
399,199,1,2,0,0.710654,0.76974565,0.06045265,,,,0.0,,,,,,DeepFixel Spherical CNN,0.0,,
400,200,0,2,2,0.65565425,4.355456,0.50923383,0.6223684885550205,-1.9634954084936205,0.4976426921686948,0.9890984385935292,,,,,,DeepFixel Spherical CNN,0.9771404420737648,0.039530381717502304,0.01159113783130522
401,200,1,2,2,0.6384576,2.369884,0.49076614,0.6223684885550206,2.4870941840919194,0.443566433356239,0.9651824455540006,,,,,,DeepFixel Spherical CNN,0.9771404420737648,0.07091146378736174,0.047199706643761
402,201,0,2,2,0.7827609,4.59789,0.92132556,0.7305737448965522,-1.6829960644231037,0.9343354239221148,0.9810304521715796,,,,,,DeepFixel Spherical CNN,0.8026016517011691,0.052210996392720456,0.013009863922114784
403,201,1,2,2,0.4963124,0.25421822,0.07867446,0.7305737448965522,0.1121997376282069,0.0241950404666426,0.6241728512307588,,,,,,DeepFixel Spherical CNN,0.8026016517011691,0.2476669789834598,0.0544794195333574
404,202,0,2,2,0.86770654,3.8798122,0.9077771,0.8410686705679301,-2.4543692606170264,0.9302401761826732,0.9847543403405808,,,,,,DeepFixel Spherical CNN,0.9433523514655634,0.04677927939429899,0.02246307618267318
405,202,1,2,2,0.72366047,1.6322156,0.092222944,0.8410686705679301,1.6689710972195777,0.0454105179111931,0.901950362590546,,,,,,DeepFixel Spherical CNN,0.9433523514655634,0.12022028340874223,0.046812426088806904
406,203,0,2,2,0.3349322,0.92016095,0.56448525,0.3073950510845033,0.7853981633974483,0.5330086847944907,0.9821630020935014,,,,,,DeepFixel Spherical CNN,0.9801315520057553,0.05061945733684902,0.031476565205509344
407,203,1,2,2,1.2223531,2.5132859,0.43551472,1.2309594173407747,2.454369260617025,0.4113937424345399,0.9781001019180092,,,,,,DeepFixel Spherical CNN,0.9801315520057553,0.05612474951207731,0.02412097756546011
408,204,0,2,2,1.296752,5.937796,0.7472099,1.318116071652818,-0.3926990816987248,0.8368774330257397,0.9822979233244468,,,,,,DeepFixel Spherical CNN,0.8690808757078095,0.05042647636590782,0.08966753302573971
409,204,1,2,2,1.449305,5.5519843,0.25279012,1.5707963267948966,2.258019719767664,0.0741666228818677,0.7558638280911721,,,,,,DeepFixel Spherical CNN,0.8690808757078095,2.9470089247964015,0.1786234971181323
410,205,0,2,2,0.9462668,5.291475,0.56048644,0.9479697413828936,-0.9817477042468106,0.527131798771878,0.9995219577089304,,,,,,DeepFixel Spherical CNN,0.974602110135541,0.00826434446660389,0.03335464122812204
411,205,1,2,2,0.78804016,5.89648,0.43951356,0.8410686705679301,-0.2945243112740441,0.3756813638446497,0.9496822625621516,,,,,,DeepFixel Spherical CNN,0.974602110135541,0.08545720823118133,0.06383219615535035
412,206,0,2,2,1.3703629,1.3006282,0.677915,1.4033482475752073,1.2762720155208531,0.6421233732931414,0.9884123151676116,,,,,,DeepFixel Spherical CNN,0.9734451817885208,0.04075969377078834,0.03579162670685865
413,206,1,2,2,1.0248133,4.896473,0.32208505,0.9479697413828938,-1.3744467859455354,0.3135508894654903,0.95847804840943,,,,,,DeepFixel Spherical CNN,0.9734451817885208,0.0775207371999893,0.008534160534509672
414,207,0,2,2,1.4090861,2.730789,0.67759156,1.4033482475752073,2.650718801466388,0.5678913912466591,0.956689086306652,,,,,,DeepFixel Spherical CNN,0.9661856639121675,0.07919568904895206,0.10970016875334088
415,207,1,2,2,1.3722193,3.7552102,0.3224084,1.318116071652818,-2.552544031041707,0.3395866033757254,0.9756822415176832,,,,,,DeepFixel Spherical CNN,0.9661856639121675,0.059164313295572174,0.017178203375725398
416,208,0,2,2,0.9200989,4.318702,0.7969696,0.9479697413828938,-1.9634954084936211,0.8180037210320121,0.9945672590011888,,,,,,DeepFixel Spherical CNN,0.9837916037318216,0.027882155527649735,0.021034121032012187
417,208,1,2,2,1.2925252,0.4805259,0.20303039,1.2309594173407747,0.4908738521234052,0.1367562832215422,0.9730159484624544,,,,,,DeepFixel Spherical CNN,0.9837916037318216,0.06234965406729559,0.0662741067784578
418,209,0,2,2,0.2060244,2.9385536,0.7101289,0.204480198968535,2.748893571891069,0.6406571983364614,0.9895875218281248,,,,,,DeepFixel Spherical CNN,0.99303360799387,0.03863049393243906,0.06947170166353855
419,209,1,2,2,0.710654,0.76974565,0.28987113,0.7305737448965522,0.7853981633974483,0.3164570808595306,0.9964796941596152,,,,,,DeepFixel Spherical CNN,0.99303360799387,0.022437702444795163,0.026585950859530638
420,210,0,2,2,1.019126,1.4785396,0.86500275,1.0471975511965976,1.4726215563702154,0.8822065169505385,0.99431313303223,,,,,,DeepFixel Spherical CNN,0.9225730514161257,0.02852799989008114,0.01720376695053849
421,210,1,2,2,1.1120028,1.9631804,0.13499726,1.2309594173407747,2.061670178918302,0.0381731794581332,0.8508329698000212,,,,,,DeepFixel Spherical CNN,0.9225730514161257,0.14956186602361526,0.09682408054186681
422,211,0,2,2,0.64099085,5.946992,0.8769519,0.6223684885550205,-0.392699081698724,0.8695499520862863,0.9898142120694904,,,,,,DeepFixel Spherical CNN,0.9395535265226691,0.03820635094775687,0.007401947913713736
423,211,1,2,2,1.3701209,5.549731,0.12304811,1.2309594173407743,-0.4908738521234055,0.0274352245387496,0.8892928409758478,,,,,,DeepFixel Spherical CNN,0.9395535265226691,0.2718252216831713,0.09561288546125041
424,212,0,2,2,0.9712667,2.241861,0.67209876,1.0471975511965976,2.258019719767664,0.5876402655006158,0.9588675240977548,,,,,,DeepFixel Spherical CNN,0.9569807821704823,0.07715153810279357,0.08445849449938425
425,212,1,2,2,1.0992529,1.3464079,0.32790127,1.0471975511965976,1.2762720155208531,0.3647938525574318,0.95509404024321,,,,,,DeepFixel Spherical CNN,0.9569807821704823,0.08066121387154097,0.036892582557431775
426,213,0,2,2,0.79132,0.0,0.8572101,0.8410686705679301,-0.0981747704246809,0.7434378795225595,0.9477712241770404,,,,,,DeepFixel Spherical CNN,0.9242553082229032,0.08709147592960306,0.11377222047744051
427,213,1,2,2,0.84618837,1.4082233,0.1427899,0.9479697413828938,1.5707963267948966,0.1235203405998695,0.9007393922687662,,,,,,DeepFixel Spherical CNN,0.9242553082229032,0.16262600730068652,0.019269559400130504
428,214,0,2,2,0.79452795,3.2547553,0.67026865,0.8410686705679301,-3.043417883165112,0.5509795489343484,0.9840801877539912,,,,,,DeepFixel Spherical CNN,0.962874765537568,0.047807431613648116,0.1192891010656516
429,214,1,2,2,0.34598398,1.5707964,0.32973135,0.4111378623223478,1.3744467859455345,0.2245650437737169,0.9416693433211448,,,,,,DeepFixel Spherical CNN,0.962874765537568,0.09725930906107777,0.10516630622628309
430,215,0,2,2,0.72305834,4.999587,0.97458035,0.7305737448965524,-1.234197113910276,0.9379697221017798,0.992081972127575,,,,,,DeepFixel Spherical CNN,0.9397484587383667,0.03367390759189338,0.03661062789822023
431,215,1,2,2,0.8549161,2.980336,0.025419679,0.7305737448965522,3.029392915961586,0.0075654179833907,0.8874149453491584,,,,,,DeepFixel Spherical CNN,0.9397484587383667,0.12913446112773572,0.0178542610166093
432,216,0,2,2,0.41518077,1.5707964,0.87237364,0.4111378623223478,1.7671458676442586,0.811787104234989,0.9570807037602288,,,,,,DeepFixel Spherical CNN,0.9374522023152327,0.07883185599702179,0.06058653576501094
433,216,1,2,2,1.3778208,3.3450828,0.12762639,1.4873662401842815,-2.9452431127404317,0.0968260180485707,0.9178237008702368,,,,,,DeepFixel Spherical CNN,0.9374522023152327,0.10977327124424785,0.030800371951429303
434,217,0,2,2,0.23561946,2.5880182,0.56296235,0.204480198968535,2.748893571891069,0.52453361952798,0.9847137002460584,,,,,,DeepFixel Spherical CNN,0.9730033591443987,0.046841908099709575,0.03842873047201989
435,217,1,2,2,1.121992,5.990568,0.43703762,1.0471975511965976,-0.2945243112740441,0.4229801324103648,0.9612930180427391,,,,,,DeepFixel Spherical CNN,0.9730033591443987,0.07481343303562994,0.01405748758963521
436,218,0,2,2,1.1743016,4.45066,0.50333846,0.9479697413828938,1.3744467859455345,0.4813905487166308,0.9674859954842342,,,,,,DeepFixel Spherical CNN,0.9769765911222374,2.1203931359799686,0.02194791128336926
437,218,1,2,2,0.96290207,1.4252161,0.4966615,1.141020895490369,-1.767145867644259,0.4453084235557182,0.9864671867602408,,,,,,DeepFixel Spherical CNN,0.9769765911222374,2.1028069286213524,0.051353076444281776
438,219,0,2,2,0.5302741,5.2520604,0.6214109,0.5160163873553204,-1.0995574287564278,0.5650748183361883,0.9904269052028072,,,,,,DeepFixel Spherical CNN,0.9918219796251608,0.037035865703934655,0.056336081663811655
439,219,1,2,2,1.3398488,2.3331926,0.37858906,1.318116071652818,2.356194490192345,0.3880416775238491,0.9932170540475144,,,,,,DeepFixel Spherical CNN,0.9918219796251608,0.031161426285483927,0.009452617523849127
440,220,0,2,2,1.2566371,5.729611,0.5740363,1.2309594173407743,-0.4908738521234055,0.5075468737851281,0.9709713972842812,,,,,,DeepFixel Spherical CNN,0.9839381502762152,0.06468934743038875,0.06648942621487197
441,220,1,2,2,0.8245151,3.6149166,0.4259637,0.84106867056793,-2.650718801466388,0.4318345155320601,0.9969049032681492,,,,,,DeepFixel Spherical CNN,0.9839381502762152,0.0210375928643339,0.005870815532060092
442,221,0,2,2,1.2935516,5.668422,0.9671752,1.318116071652818,-0.5890486225480871,0.8877211854028438,0.991487679145304,,,,,,DeepFixel Spherical CNN,0.5227673987187567,0.034918069846692906,0.07945401459715618
443,221,1,2,2,1.153343,5.9225984,0.03282482,1.5707963267948966,2.454369260617025,0.0268069068657657,0.0540471182922093,,,,,,DeepFixel Spherical CNN,0.5227673987187567,2.6175269227268587,0.006017913134234297
444,222,0,2,2,1.5301447,2.180383,0.9457412,1.4873662401842815,2.1598449493429825,0.7237265015249931,0.9843257716320092,,,,,,DeepFixel Spherical CNN,0.9612853752640569,0.04743544845164406,0.22201469847500688
445,222,1,2,2,0.89912957,1.5707964,0.054258812,1.4873662401842815,-0.9817477042468108,0.1997216011448758,0.9382449788961046,,,,,,DeepFixel Spherical CNN,0.9612853752640569,2.210229777739648,0.14546278914487581
446,223,0,2,2,0.86736286,1.01902,0.5156518,0.8410686705679301,1.0799224746714908,0.4833187239018354,0.9805205636114848,,,,,,DeepFixel Spherical CNN,0.9720396044964457,0.05291226481112643,0.032333076098164604
447,223,1,2,2,1.3701209,2.408138,0.48434818,1.318116071652818,2.356194490192345,0.4552900308635825,0.9635586453814065,,,,,,DeepFixel Spherical CNN,0.9720396044964457,0.07256481585567585,0.02905814913641752
448,224,0,2,2,0.84618837,1.4082233,0.8279716,0.84106867056793,1.4726215563702154,0.725705219330928,0.9837003904906808,,,,,,DeepFixel Spherical CNN,0.9909164617877309,0.04837718569738524,0.10226638066907201
449,224,1,2,2,1.0630141,0.4861664,0.17202841,1.0471975511965976,0.4908738521234052,0.1948648129912835,0.998132533084781,,,,,,DeepFixel Spherical CNN,0.9909164617877309,0.01633810488074246,0.022836402991283505
450,225,0,2,2,0.9475288,3.5495524,0.97716075,0.9479697413828936,-2.7488935718910694,0.9428690287554532,0.9989238503528558,,,,,,DeepFixel Spherical CNN,0.864930152357985,0.012401050935126086,0.034291721244546824
451,225,1,2,2,1.1294748,2.0483818,0.022839244,0.9479697413828938,2.1598449493429825,0.0072191986646637,0.7309364543631142,,,,,,DeepFixel Spherical CNN,0.864930152357985,0.2052224571631422,0.015620045335336301
452,226,0,2,2,1.0210177,0.5535744,0.50251937,1.318116071652818,-0.3926990816987248,0.5407134500619468,0.9750756663957908,,,,,,DeepFixel Spherical CNN,0.9786867948601188,0.9105123886884475,0.0381940800619468
453,226,1,2,2,1.296752,5.937796,0.49748066,1.0471975511965976,0.4908738521234052,0.408158580927006,0.9822979233244468,,,,,,DeepFixel Spherical CNN,0.9786867948601188,0.8036283504088688,0.089322079072994
454,227,0,2,2,1.1074132,3.5631444,0.8771896,1.141020895490369,-2.7488935718910694,0.8737924936532167,0.987403448985969,,,,,,DeepFixel Spherical CNN,0.884807093773508,0.04250366249173662,0.003397106346783363
455,227,1,2,2,0.51855856,5.8717217,0.1228104,0.6223684885550205,-0.1308996938995748,0.0472481611474081,0.7822107385610468,,,,,,DeepFixel Spherical CNN,0.884807093773508,0.18290658486437678,0.07556223885259189
456,228,0,2,2,1.1294748,4.2348037,0.52764684,1.0471975511965976,-2.061670178918302,0.5246313959135017,0.9523627721713458,,,,,,DeepFixel Spherical CNN,0.9658248506275446,0.08311424125478303,0.0030154440864982313
457,228,1,2,2,0.3244638,1.9996618,0.47235316,0.3073950510845033,1.832595714594046,0.4094470662297652,0.9792869290837436,,,,,,DeepFixel Spherical CNN,0.9658248506275446,0.05457258511718815,0.06290609377023482
458,229,0,2,2,1.3710847,4.36833,0.7188343,1.4033482475752073,-1.8653206380689409,0.7234576573371685,0.9762877389585504,,,,,,DeepFixel Spherical CNN,0.9774665301040026,0.05841753644639071,0.004623357337168454
459,229,1,2,2,0.51615083,5.6101303,0.2811657,0.5160163873553204,-0.7853981633974483,0.1603271528399508,0.9786453212494548,,,,,,DeepFixel Spherical CNN,0.9774665301040026,0.05541693714974208,0.12083854716004921
460,230,0,2,2,0.53582484,4.583233,0.980635,0.5160163873553204,-1.7278759594743864,0.8968632916181858,0.995883638963096,,,,,,DeepFixel Spherical CNN,0.9801756433836756,0.02426528702067972,0.08377170838181425
461,230,1,2,2,1.5049318,1.1081332,0.01936501,0.204480198968535,-2.748893571891069,0.017131501655457,0.9644676478042552,,,,,,DeepFixel Spherical CNN,0.9801756433836756,1.6594042453722817,0.002233508344542997
462,231,0,2,2,0.9475288,2.7336328,0.879387,0.9479697413828938,2.748893571891069,0.857136752857673,0.998923841401172,,,,,,DeepFixel Spherical CNN,0.9738431432572454,0.012401137920209734,0.02225024714232704
463,231,1,2,2,1.0650716,0.1505415,0.12061298,1.141020895490369,0.196349540849362,0.0503533683526906,0.948762445113319,,,,,,DeepFixel Spherical CNN,0.9738431432572454,0.08624737784827215,0.0702596116473094
464,232,0,2,2,0.4712389,3.695167,0.9793267,0.5160163873553204,-2.670353755551324,0.9212831055144504,0.9755235018940775,,,,,,DeepFixel Spherical CNN,0.8368656108476576,0.0593585792635245,0.05804359448554963
465,232,1,2,2,1.110786,3.852537,0.020673301,1.2309594173407747,3.0434178831651115,0.0093539664262937,0.6982077198012377,,,,,,DeepFixel Spherical CNN,0.8368656108476576,0.7509891602643475,0.011319334573706302
466,233,0,2,2,1.0284797,3.5576322,0.69598925,1.0471975511965976,-2.650718801466388,0.6599587130398178,0.9687775008558664,,,,,,DeepFixel Spherical CNN,0.9728939836713755,0.06711264349366654,0.03603053696018221
467,233,1,2,2,1.1791382,6.21173,0.30401075,1.2309594173407747,-0.0981747704246809,0.2932716719866576,0.9770104664868844,,,,,,DeepFixel Spherical CNN,0.9728939836713755,0.05751384971292024,0.010739078013342396
468,234,0,2,2,0.6384576,0.77170867,0.73648345,0.6223684885550205,0.6544984694978736,0.6088219506749314,0.9651824300603598,,,,,,DeepFixel Spherical CNN,0.9485932411674733,0.07091147319730788,0.12766149932506865
469,234,1,2,2,1.2392242,4.9268064,0.26351655,1.141020895490369,-1.3744467859455354,0.3283620896022284,0.9320040522745868,,,,,,DeepFixel Spherical CNN,0.9485932411674733,0.09962397428221641,0.06484553960222839
470,235,0,2,2,1.50476,1.9633567,0.69990706,1.4873662401842815,1.9634954084936205,0.5619438548278517,0.997883447400664,,,,,,DeepFixel Spherical CNN,0.9591327658997216,0.017394309782975348,0.13796320517214833
471,235,1,2,2,0.6136997,0.07068824,0.30009297,0.5160163873553204,0.1570796326794896,0.2165504868551987,0.9203820843987792,,,,,,DeepFixel Spherical CNN,0.9591327658997216,0.1080058677886318,0.08354248314480131
472,236,0,2,2,1.3011353,4.712389,0.6276925,1.318116071652818,-1.5707963267948968,0.5974023847990478,0.9979828347706464,,,,,,DeepFixel Spherical CNN,0.9731530429577614,0.01698077165282795,0.03029011520095215
473,236,1,2,2,1.17709,1.9889878,0.3723075,1.2309594173407747,2.061670178918302,0.3464397113982293,0.9483232511448764,,,,,,DeepFixel Spherical CNN,0.9731530429577614,0.0866223668615157,0.02586778860177069
474,237,0,2,2,0.9712667,4.041324,0.9387616,1.0471975511965976,-2.258019719767664,0.8933318474345964,0.9588675341271474,,,,,,DeepFixel Spherical CNN,0.555696490152728,0.07715149205979074,0.0454297525654036
475,237,1,2,2,1.1595315,3.9249787,0.06123843,0.4111378623223478,-2.1598449493429825,0.0100656322639147,0.1525254461783086,,,,,,DeepFixel Spherical CNN,0.555696490152728,0.7588911624932649,0.0511727977360853
476,238,0,2,2,0.89912957,4.712389,0.53889084,0.9479697413828938,-1.5707963267948968,0.5758477399600304,0.9833885465417592,,,,,,DeepFixel Spherical CNN,0.9714456296664092,0.048840171382894725,0.036956899960030376
477,238,1,2,2,1.2173288,0.9882742,0.4611092,1.141020895490369,0.98174770424681,0.399932248740295,0.9595027127910593,,,,,,DeepFixel Spherical CNN,0.9714456296664092,0.07654579823936426,0.061176951259705015
478,239,0,2,2,0.75932765,4.003318,0.9838101,0.7305737448965522,-2.356194490192345,0.943295498833748,0.9756659934035968,,,,,,DeepFixel Spherical CNN,0.6615902389776049,0.059184332383734384,0.04051460116625205
479,239,1,2,2,1.3351768,3.695167,0.016189855,0.7305737448965522,-0.1121997376282071,0.0065230264944488,0.347514484551613,,,,,,DeepFixel Spherical CNN,0.6615902389776049,1.9139092494958732,0.0096668285055512
480,240,0,2,2,0.74543303,2.6748571,0.9606279,0.7305737448965524,2.580593965448758,0.9331088153395036,0.9705838953705782,,,,,,DeepFixel Spherical CNN,0.9787214812913347,0.0651237049498142,0.02751908466049635
481,240,1,2,2,0.9709534,4.9537225,0.039372094,0.7305737448965522,-1.6829960644231037,0.0125614849915365,0.9868590672120912,,,,,,DeepFixel Spherical CNN,0.9787214812913347,0.35632988749269034,0.026810609008463503
482,241,0,2,2,1.2399288,1.2039618,0.66197103,1.2309594173407747,1.2762720155208531,0.6147323264977095,0.9671410338789588,,,,,,DeepFixel Spherical CNN,0.96437767164145,0.06886680659727379,0.047238703502290535
483,241,1,2,2,1.2580642,2.7239814,0.33802894,1.2309594173407747,2.650718801466388,0.3333869194999111,0.9616143094039412,,,,,,DeepFixel Spherical CNN,0.96437767164145,0.07449852154508185,0.004642020500088884
484,242,0,2,2,1.4392166,1.0602366,0.87678194,1.4033482475752073,1.0799224746714908,0.8981516703800875,0.988383970257594,,,,,,DeepFixel Spherical CNN,0.9504580632075996,0.040809679951195194,0.021369730380087493
485,242,1,2,2,0.710654,3.9113383,0.12321806,1.4873662401842815,-1.9634954084936211,0.0311716892114767,0.9125321561576052,,,,,,DeepFixel Spherical CNN,0.9504580632075996,0.8502813593846049,0.0920463707885233
486,243,0,2,2,1.1092144,6.209609,0.56915367,1.0471975511965976,-0.0981747704246809,0.5315419635377855,0.9700722157461964,,,,,,DeepFixel Spherical CNN,0.9847970786953474,0.06569295674192271,0.037611706462214456
487,243,1,2,2,0.9462668,0.99171066,0.4308463,0.9479697413828938,0.98174770424681,0.4296994920132609,0.9995219416444984,,,,,,DeepFixel Spherical CNN,0.9847970786953474,0.008264624716320034,0.0011468079867391068
488,244,0,2,2,0.98553395,2.503627,0.5331325,0.9479697413828938,2.5525440310417062,0.5007239926001897,0.9789188502531584,,,,,,DeepFixel Spherical CNN,0.9774973874283455,0.055058557445992355,0.03240850739981027
489,244,1,2,2,0.9827457,4.3771815,0.4668675,0.9479697413828938,-1.9634954084936211,0.4612645081959648,0.9760759246035324,,,,,,DeepFixel Spherical CNN,0.9774973874283455,0.05867980208628154,0.005602991804035173
490,245,0,2,2,0.5445955,2.2427905,0.73385584,0.5160163873553204,2.356194490192345,0.9082677066917884,0.97153963041,,,,,,DeepFixel Spherical CNN,0.5172062493959615,0.06404739585561312,0.17441186669178832
491,245,1,2,2,0.23561946,2.5880182,0.26614413,0.6223684885550205,-3.010692959690218,0.030221593338416,0.062872868381923,,,,,,DeepFixel Spherical CNN,0.5172062493959615,0.46127397211758414,0.23592253666158397
492,246,0,2,2,0.23561946,5.729611,0.5752079,0.204480198968535,-0.3926990816987249,0.5353137573801926,0.9847137094547324,,,,,,DeepFixel Spherical CNN,0.9772238696753017,0.04684188435778155,0.03989414261980739
493,246,1,2,2,0.9942772,5.9422545,0.42479208,1.0471975511965976,-0.2945243112740441,0.4215942579487705,0.9697340298958712,,,,,,DeepFixel Spherical CNN,0.9772238696753017,0.06606664485268052,0.0031978220512295374
494,247,0,2,2,0.6879088,4.0139174,0.6820471,0.7305737448965522,-2.356194490192345,0.6238573700657578,0.9652296033525882,,,,,,DeepFixel Spherical CNN,0.9678543119916888,0.07086287971994379,0.05818972993424221
495,247,1,2,2,0.2599898,5.2552176,0.3179529,0.204480198968535,-1.1780972450961722,0.3387920938608439,0.9704790206307894,,,,,,DeepFixel Spherical CNN,0.9678543119916888,0.0652408047078876,0.02083919386084393
496,248,0,2,2,0.39158684,5.064584,0.898751,0.4111378623223478,-0.9817477042468108,0.8262820646875673,0.9388513174703178,,,,,,DeepFixel Spherical CNN,0.8988714611440314,0.09437037338893357,0.0724689353124327
497,248,1,2,2,0.9827457,4.3771815,0.10124897,0.8410686705679301,-1.8653206380689409,0.0335602440409287,0.858891604817745,,,,,,DeepFixel Spherical CNN,0.8988714611440314,0.14526595655330418,0.0676887259590713
498,249,0,2,2,1.3020546,4.627753,0.62757593,1.2309594173407747,-1.6689710972195784,0.5613332723051336,0.963862274336408,,,,,,DeepFixel Spherical CNN,0.9755861872187739,0.07225841069330582,0.06624265769486637
499,249,1,2,2,0.59685063,1.7614263,0.37242404,0.6223684885550205,1.7016960206944711,0.3901775353436963,0.9873101001011396,,,,,,DeepFixel Spherical CNN,0.9755861872187739,0.04266151860473755,0.0177534953436963
500,250,0,3,3,1.2702893,5.457136,0.52114266,1.2309594173407747,-0.8835729338221301,0.4903807654927447,0.9686171898074842,,,,,,DeepFixel Spherical CNN,0.975353384130051,0.0672862948127942,0.030761894507255305
501,250,1,3,3,0.74543303,2.6748571,0.34545162,0.7305737448965524,2.580593965448758,0.2911584545700965,0.970583895370578,,,,,,DeepFixel Spherical CNN,0.975353384130051,0.0651237049498142,0.054293165429903534
502,250,2,3,3,0.9709534,4.9537225,0.13340572,0.9479697413828938,-1.3744467859455354,0.1220233861947851,0.986859067212091,,,,,,DeepFixel Spherical CNN,0.975353384130051,0.043416131530775365,0.011382333805214903
503,251,0,3,3,1.4476854,3.4830668,0.52810794,1.4873662401842815,-2.7488935718910694,0.3960493054138896,0.9710703620758572,,,,,,DeepFixel Spherical CNN,0.941258174580494,0.06457801766639697,0.13205863458611045
504,251,1,3,3,1.530108,5.551593,0.29977897,1.4873662401842815,-0.7853981633974483,0.1658240137622035,0.9748368380793688,,,,,,DeepFixel Spherical CNN,0.941258174580494,0.06863195862031927,0.1339549562377965
505,251,2,3,3,0.9462668,2.149882,0.17211312,1.5707963267948966,2.454369260617025,0.1635083459027419,0.8778673235862561,,,,,,DeepFixel Spherical CNN,0.941258174580494,0.6857852705917721,0.0086047740972581
506,252,0,3,3,0.7306707,1.3882595,0.52034056,0.7305737448965522,1.45859658916669,0.927756604960551,0.9846544831539228,,,,,,DeepFixel Spherical CNN,0.3524549534762947,0.046933004937367566,0.40741604496055106
507,252,1,3,3,0.83994687,1.6254524,0.45534655,0.84106867056793,-1.6689710972195784,0.0114358892096124,0.0174323974833034,,,,,,DeepFixel Spherical CNN,0.3524549534762947,1.6745093341062953,0.4439106607903876
508,252,2,3,3,0.2599898,1.0279676,0.024312895,0.9479697413828938,-1.178097245096173,0.0111026712751842,0.0552779797916578,,,,,,DeepFixel Spherical CNN,0.3524549534762947,1.1153895520245205,0.013210223724815801
509,253,0,3,3,1.4376104,4.4884377,0.88205075,1.4033482475752073,-1.8653206380689409,0.7798632006968439,0.958254869147644,,,,,,DeepFixel Spherical CNN,0.703432743812631,0.07773160078605533,0.1021875493031561
510,253,1,3,3,0.9942772,0.34093064,0.08354233,1.5707963267948966,1.2762720155208531,0.1675050637188213,0.9724492793488408,,,,,,DeepFixel Spherical CNN,0.703432743812631,1.0499592568506362,0.08396273371882129
511,253,2,3,3,1.17709,4.2941976,0.03440691,0.9479697413828938,-1.5707963267948968,0.0117706395959211,0.179594082941408,,,,,,DeepFixel Spherical CNN,0.703432743812631,0.42937200959851496,0.0226362704040789
512,254,0,3,3,1.2866695,4.1084647,0.5459797,1.318116071652818,-2.1598449493429825,0.6159302889946172,0.9916594961477484,,,,,,DeepFixel Spherical CNN,0.6714878779612917,0.03456282196109762,0.06995058899461726
513,254,1,3,3,0.68906546,6.0294347,0.3297564,0.7305737448965522,-0.336599212884621,0.2826897348690118,0.9678791637432618,,,,,,DeepFixel Spherical CNN,0.6714878779612917,0.06808094318574116,0.04706666513098823
514,254,2,3,3,1.1074132,5.8616333,0.12426395,1.5707963267948966,0.6872233929727672,0.0204166753315941,0.0549249739928653,,,,,,DeepFixel Spherical CNN,0.6714878779612917,1.160642025899369,0.1038472746684059
515,255,0,3,3,1.3048053,1.7399837,0.60496897,1.318116071652818,1.7671458676442584,0.6056386735554897,0.9939463693586028,,,,,,DeepFixel Spherical CNN,0.9284019572089854,0.029435144647588795,0.0006697035554896758
516,255,1,3,3,1.4090861,2.730789,0.23522107,1.4033482475752073,2.650718801466388,0.243915467409773,0.9566890863066522,,,,,,DeepFixel Spherical CNN,0.9284019572089854,0.07919568904895206,0.008694397409772986
517,255,2,3,3,0.59104544,2.0105636,0.15980996,0.7305737448965522,2.131795014935931,0.0366308475339576,0.8345704159617015,,,,,,DeepFixel Spherical CNN,0.9284019572089854,0.1579450215407886,0.1231791124660424
518,256,0,3,3,0.6002842,4.144542,0.45911598,0.6223684885550205,-1.9634954084936205,0.4696423554322829,0.927665258095777,,,,,,DeepFixel Spherical CNN,0.658784029449453,0.10282567010224854,0.010526375432282908
519,256,1,3,3,1.3398488,5.4747853,0.29354808,1.318116071652818,-0.7853981633974483,0.4381560357683835,0.9932170804727184,,,,,,DeepFixel Spherical CNN,0.658784029449453,0.03116139399379709,0.14460795576838353
520,256,2,3,3,0.65565425,5.069322,0.24733594,1.5707963267948966,2.454369260617025,0.0213707399064182,0.0554697497798638,,,,,,DeepFixel Spherical CNN,0.658784029449453,2.125942006250897,0.22596520009358181
521,257,0,3,3,0.15707964,5.729611,0.37754267,0.1021064223826043,-0.7853981633974484,0.4004790455346827,0.9730973696430368,,,,,,DeepFixel Spherical CNN,0.9752287374018106,0.06225469702819477,0.022936375534682696
522,257,1,3,3,1.3208771,3.2103481,0.36895558,0.9479697413828938,1.5707963267948966,0.3202672110782351,0.9692002960206428,,,,,,DeepFixel Spherical CNN,0.9752287374018106,1.4804680464903694,0.048688368921764924
523,257,2,3,3,0.89912957,1.5707964,0.25350174,1.318116071652818,3.141592653589793,0.2607975946585359,0.9833885465417518,,,,,,DeepFixel Spherical CNN,0.9752287374018106,1.4145888914891362,0.0072958546585359385
524,258,0,3,3,1.0172219,4.712389,0.67940855,0.9479697413828938,-1.5707963267948968,0.682272889938253,0.9667760413386766,,,,,,DeepFixel Spherical CNN,0.7133309452722693,0.06925215861710826,0.002864339938252969
525,258,1,3,3,0.3977915,1.3996177,0.21358192,0.4111378623223478,1.3744467859455345,0.2699768261169913,0.9980676669325336,,,,,,DeepFixel Spherical CNN,0.7133309452722693,0.016619662546894006,0.0563949061169913
526,258,2,3,3,0.7297539,4.208086,0.1070095,0.9479697413828938,-2.552544031041707,0.0056815449083868,0.1751491275455975,,,,,,DeepFixel Spherical CNN,0.7133309452722693,0.4134755729974553,0.10132795509161319
527,259,0,3,3,0.6879088,0.8723247,0.72033197,0.7305737448965522,0.7853981633974483,0.7827557075441127,0.965229647436789,,,,,,DeepFixel Spherical CNN,0.9625084315183926,0.07086285560956676,0.06242373754411268
528,259,1,3,3,0.5497787,5.729611,0.17161892,0.5160163873553204,-0.4712388980384692,0.1707823040930901,0.9799154646613112,,,,,,DeepFixel Spherical CNN,0.9625084315183926,0.05373288708463148,0.000836615906909921
529,259,2,3,3,1.2247206,2.7889934,0.1080491,1.141020895490369,2.748893571891069,0.0290902661908583,0.9423801824570776,,,,,,DeepFixel Spherical CNN,0.9625084315183926,0.09155500293087825,0.07895883380914169
530,260,0,3,3,1.2702893,5.457136,0.52114266,1.2309594173407747,-0.8835729338221301,0.4903807654927447,0.9686171898074842,,,,,,DeepFixel Spherical CNN,0.975353384130051,0.0672862948127942,0.030761894507255305
531,260,1,3,3,0.74543303,2.6748571,0.34545162,0.7305737448965524,2.580593965448758,0.2911584545700965,0.970583895370578,,,,,,DeepFixel Spherical CNN,0.975353384130051,0.0651237049498142,0.054293165429903534
532,260,2,3,3,0.9709534,4.9537225,0.13340572,0.9479697413828938,-1.3744467859455354,0.1220233861947851,0.986859067212091,,,,,,DeepFixel Spherical CNN,0.975353384130051,0.043416131530775365,0.011382333805214903
533,261,0,3,3,1.4476854,3.4830668,0.52810794,1.4873662401842815,-2.7488935718910694,0.3960493054138896,0.9710703620758572,,,,,,DeepFixel Spherical CNN,0.941258174580494,0.06457801766639697,0.13205863458611045
534,261,1,3,3,1.530108,5.551593,0.29977897,1.4873662401842815,-0.7853981633974483,0.1658240137622035,0.9748368380793688,,,,,,DeepFixel Spherical CNN,0.941258174580494,0.06863195862031927,0.1339549562377965
535,261,2,3,3,0.9462668,2.149882,0.17211312,1.5707963267948966,2.454369260617025,0.1635083459027419,0.8778673235862561,,,,,,DeepFixel Spherical CNN,0.941258174580494,0.6857852705917721,0.0086047740972581
536,262,0,3,3,0.7306707,1.3882595,0.52034056,0.7305737448965522,1.45859658916669,0.927756604960551,0.9846544831539228,,,,,,DeepFixel Spherical CNN,0.3524549534762947,0.046933004937367566,0.40741604496055106
537,262,1,3,3,0.83994687,1.6254524,0.45534655,0.84106867056793,-1.6689710972195784,0.0114358892096124,0.0174323974833034,,,,,,DeepFixel Spherical CNN,0.3524549534762947,1.6745093341062953,0.4439106607903876
538,262,2,3,3,0.2599898,1.0279676,0.024312895,0.9479697413828938,-1.178097245096173,0.0111026712751842,0.0552779797916578,,,,,,DeepFixel Spherical CNN,0.3524549534762947,1.1153895520245205,0.013210223724815801
539,263,0,3,3,1.4376104,4.4884377,0.88205075,1.4033482475752073,-1.8653206380689409,0.7798632006968439,0.958254869147644,,,,,,DeepFixel Spherical CNN,0.703432743812631,0.07773160078605533,0.1021875493031561
540,263,1,3,3,0.9942772,0.34093064,0.08354233,1.5707963267948966,1.2762720155208531,0.1675050637188213,0.9724492793488408,,,,,,DeepFixel Spherical CNN,0.703432743812631,1.0499592568506362,0.08396273371882129
541,263,2,3,3,1.17709,4.2941976,0.03440691,0.9479697413828938,-1.5707963267948968,0.0117706395959211,0.179594082941408,,,,,,DeepFixel Spherical CNN,0.703432743812631,0.42937200959851496,0.0226362704040789
542,264,0,3,3,1.2566371,0.5535744,0.4995555,1.141020895490369,0.3926990816987241,0.4648358349269225,0.7682095101372879,,,,,,DeepFixel Spherical CNN,0.607494444242011,0.1891727804655097,0.0347196650730775
543,264,1,3,3,1.50476,1.1782359,0.2758402,1.4873662401842815,1.1780972450961724,0.2290916416355758,0.997883447461943,,,,,,DeepFixel Spherical CNN,0.607494444242011,0.017394309358103634,0.04674855836442418
544,264,2,3,3,1.0132154,0.20475604,0.22460432,1.4033482475752073,0.883572933822129,0.158987518618215,0.056390375126802,,,,,,DeepFixel Spherical CNN,0.607494444242011,0.7386436949067905,0.065616801381785
545,265,0,3,3,0.7393803,3.322433,0.50595164,0.7305737448965522,-3.029392915961586,0.5664123871711635,0.9847034588734576,,,,,,DeepFixel Spherical CNN,0.5345910762997873,0.046857675435729086,0.060460747171163454
546,265,1,3,3,1.3902206,6.2154284,0.24803445,1.2309594173407747,-0.2945243112740441,0.3771207215438587,0.5626942502290717,,,,,,DeepFixel Spherical CNN,0.5345910762997873,0.27064131299679767,0.12908627154385868
547,265,2,3,3,1.153343,5.9225984,0.24601392,1.4873662401842815,1.3744467859455345,0.0118366804758551,0.0563755197968326,,,,,,DeepFixel Spherical CNN,0.5345910762997873,1.686205690256552,0.2341772395241449
548,266,0,3,3,0.59685063,4.903019,0.70637816,0.6223684885550206,-1.4398966328953222,0.7900580074216625,0.98731010873922,,,,,,DeepFixel Spherical CNN,0.9658415890067422,0.042661539888700445,0.08367984742166257
549,266,1,3,3,0.79215926,1.9996316,0.18482381,0.7305737448965522,1.9073955396795172,0.1166295158061513,0.946077508868201,,,,,,DeepFixel Spherical CNN,0.9658415890067422,0.08851631478043934,0.0681942941938487
550,266,2,3,3,1.5047058,1.2477354,0.108798,1.5707963267948966,1.2762720155208531,0.0252424714695107,0.9641371494128056,,,,,,DeepFixel Spherical CNN,0.9658415890067422,0.07197992833013812,0.08355552853048931
551,267,0,3,3,0.6136997,3.0709045,0.62924266,0.6223684885550205,3.010692959690218,0.5860258921340012,0.9909808211178353,,,,,,DeepFixel Spherical CNN,0.947690492486135,0.03594532290554459,0.043216767865998706
552,267,1,3,3,1.4884609,6.149262,0.19661519,0.7305737448965522,1.45859658916669,0.1533611656920883,0.944596274688201,,,,,,DeepFixel Spherical CNN,0.947690492486135,1.5239715705399675,0.0432540243079117
553,267,2,3,3,0.83994687,1.5161402,0.17414212,1.4033482475752073,-0.0981747704246809,0.1149770972416707,0.9074943816523686,,,,,,DeepFixel Spherical CNN,0.947690492486135,1.4914035516539188,0.059165022758329314
554,268,0,3,3,1.5040054,4.7537413,0.8632888,1.4873662401842815,-1.5707963267948968,0.5012346639506995,0.986218742956632,,,,,,DeepFixel Spherical CNN,0.6761180742666509,0.04446578060637439,0.3620541360493005
555,268,1,3,3,1.3778208,3.3450828,0.13224226,1.5707963267948966,1.6689710972195777,0.3177116220084227,0.7118857591650439,,,,,,DeepFixel Spherical CNN,0.6761180742666509,1.6741497744250153,0.18546936200842268
556,268,2,3,3,1.371135,1.3738586,0.0044689314,0.9479697413828938,-1.5707963267948968,0.0629911159057411,0.3302497206782767,,,,,,DeepFixel Spherical CNN,0.6761180742666509,2.298305952813507,0.05852218450574109
557,269,0,3,3,1.50476,1.1782359,0.53537005,1.4873662401842815,1.1780972450961724,0.4315469920452637,0.997883447461943,,,,,,DeepFixel Spherical CNN,0.736094433263407,0.017394309358103634,0.10382305795473634
558,269,1,3,3,0.9187362,4.4094954,0.4431812,0.8410686705679301,-1.8653206380689409,0.3536616355178297,0.9580394701890724,,,,,,DeepFixel Spherical CNN,0.736094433263407,0.07793448344939001,0.0895195644821703
559,269,2,3,3,0.9030912,0.4785392,0.021448778,1.4873662401842815,-1.9634954084936211,0.1638983487817843,0.2523603821392053,,,,,,DeepFixel Spherical CNN,0.736094433263407,2.149719853488289,0.1424495707817843
560,270,0,3,3,0.15707964,5.729611,0.70709,0.204480198968535,-0.3926990816987249,0.679876327365373,0.9786696271217036,,,,,,DeepFixel Spherical CNN,0.975930586540307,0.05538517455857968,0.02721367263462704
561,270,1,3,3,0.7306707,1.7533331,0.22252071,0.7305737448965522,1.6829960644231032,0.2851455242171417,0.9846544969542956,,,,,,DeepFixel Spherical CNN,0.975930586540307,0.046932969187467755,0.06262481421714167
562,270,2,3,3,1.5049318,2.0334594,0.07038929,0.5160163873553204,1.0995574287564276,0.0068772447731875,0.9644676355449217,,,,,,DeepFixel Spherical CNN,0.975930586540307,1.2131741118565516,0.06351204522681249
563,271,0,3,3,0.7393803,0.18084033,0.5877128,0.7305737448965522,0.1121997376282069,0.4581548459704199,0.9847034643995712,,,,,,DeepFixel Spherical CNN,0.8003989217274615,0.046857664631299034,0.12955795402958015
564,271,1,3,3,1.5041426,4.531407,0.3064924,1.4873662401842815,-1.767145867644259,0.2962746941336211,0.9963901302880548,,,,,,DeepFixel Spherical CNN,0.8003989217274615,0.022721688644771226,0.010217705866378879
565,271,2,3,3,0.15707964,0.5535744,0.105794795,1.5707963267948966,1.4726215563702154,0.1692281219504111,0.4201031704947586,,,,,,DeepFixel Spherical CNN,0.8003989217274615,1.4757636440930004,0.0634333269504111
566,272,0,3,3,0.2060244,6.0801463,0.5309879,0.204480198968535,-0.3926990816987249,0.548265585003424,0.9895875123027678,,,,,,DeepFixel Spherical CNN,0.6778067094596655,0.038630503343158734,0.01727768500342408
567,272,1,3,3,0.8244284,0.64940786,0.41243738,0.8410686705679301,0.6872233929727672,0.4277338917601037,0.992601120652166,,,,,,DeepFixel Spherical CNN,0.6778067094596655,0.032548599477810816,0.01529651176010366
568,272,2,3,3,0.863938,0.5535744,0.056574695,1.4873662401842815,2.5525440310417067,0.0045455903886304,0.0512314954240625,,,,,,DeepFixel Spherical CNN,0.6778067094596655,1.8343457833016499,0.0520291046113696
569,273,0,3,3,0.59678394,2.7132165,0.47693166,0.6223684885550205,2.7488935718910685,0.7036000217804689,0.9925162616862244,,,,,,DeepFixel Spherical CNN,0.6790605634732639,0.0327351722307735,0.2266683617804689
570,273,1,3,3,0.6136997,3.0709045,0.28018478,1.2309594173407747,-0.2945243112740441,0.2408231659289052,0.0538650098699905,,,,,,DeepFixel Spherical CNN,0.6790605634732639,1.8306168666398812,0.039361614071094814
571,273,2,3,3,1.2647837,6.002568,0.24288356,1.5707963267948966,2.8470683423157497,0.015075189162285,0.9908004188635768,,,,,,DeepFixel Spherical CNN,0.6790605634732639,2.8352740982121523,0.227808370837715
572,274,0,3,3,0.7325137,3.0807288,0.733638,0.7305737448965522,3.029392915961586,0.6479504160565858,0.9917635184579442,,,,,,DeepFixel Spherical CNN,0.6673627839681412,0.03434607505034015,0.08568758394341425
573,274,1,3,3,0.48437756,1.5707964,0.19157138,0.5160163873553204,1.413716694115407,0.3104411204096335,0.954033150239558,,,,,,DeepFixel Spherical CNN,0.6673627839681412,0.08162228079655061,0.1188697404096335
574,274,2,3,3,0.5302741,1.031125,0.074790604,0.9479697413828936,-0.9817477042468106,0.006746983600923,0.0562916832069211,,,,,,DeepFixel Spherical CNN,0.6673627839681412,1.237166598586084,0.06804362039907699
575,275,0,3,3,1.1595315,3.9249787,0.57044554,1.141020895490369,-2.3561944901923453,0.5272851525697534,0.9975797091868008,,,,,,DeepFixel Spherical CNN,0.9647738920715886,0.018601511054134847,0.04316038743024664
576,275,1,3,3,0.4963124,0.25421822,0.28026816,0.5160163873553204,0.1570796326794896,0.2905342900307934,0.9818737977009516,,,,,,DeepFixel Spherical CNN,0.9647738920715886,0.05103049042527424,0.010266130030793408
577,275,2,3,3,0.269661,3.1415927,0.14928629,0.204480198968535,2.748893571891069,0.053595610999349,0.9148681693270132,,,,,,DeepFixel Spherical CNN,0.9647738920715886,0.11178378895363417,0.09569067900065098
578,276,0,3,3,1.0650716,6.1326437,0.51521736,1.0471975511965976,-0.0981747704246809,0.5563524443207529,0.983307331636622,,,,,,DeepFixel Spherical CNN,0.9724182199985366,0.048960046407924965,0.04113508432075297
579,276,1,3,3,1.4386635,1.1306436,0.36155894,1.4033482475752073,1.0799224746714908,0.3639925433274061,0.9738783242616108,,,,,,DeepFixel Spherical CNN,0.9724182199985366,0.06133690645823846,0.0024336033274061086
580,276,2,3,3,1.0995574,3.695167,0.12322371,1.0471975511965976,-2.650718801466388,0.0218172704186861,0.9600690040973772,,,,,,DeepFixel Spherical CNN,0.9724182199985366,0.07600183960868123,0.1014064395813139
581,277,0,3,3,1.4884609,6.149262,0.40918416,1.4873662401842815,-0.1963495408493634,0.2502350766726443,0.9731258531700736,,,,,,DeepFixel Spherical CNN,0.9653886564477009,0.062221493741358644,0.15894908332735574
582,277,1,3,3,0.9075959,6.1801047,0.33342913,1.5707963267948966,3.0434178831651115,0.2460393527700387,0.942053261259572,,,,,,DeepFixel Spherical CNN,0.9653886564477009,2.4783768238662325,0.08738977722996133
583,277,2,3,3,0.41219375,3.992655,0.2573867,0.9479697413828938,0.0,0.2135452031265633,0.980986854913457,,,,,,DeepFixel Spherical CNN,0.9653886564477009,1.2450889279087367,0.04384149687343672
584,278,0,3,3,1.4901359,0.79132,0.79568577,1.4873662401842815,0.7853981633974483,0.6489394009969562,0.9997024996686824,,,,,,DeepFixel Spherical CNN,0.6542021156072734,0.006519479385020689,0.14674636900304372
585,278,1,3,3,1.3361951,2.866547,0.1360513,1.318116071652818,2.748893571891069,0.220732406555255,0.9091341827445416,,,,,,DeepFixel Spherical CNN,0.6542021156072734,0.11559550960004525,0.08468110655525501
586,278,2,3,3,1.0995574,2.5880182,0.06826296,1.4873662401842815,-2.3561944901923453,0.0447113509849537,0.0537696644085958,,,,,,DeepFixel Spherical CNN,0.6542021156072734,1.3265431166768622,0.0235516090150463
587,279,0,3,3,0.6879088,0.8723247,0.732396,0.7305737448965522,0.7853981633974483,0.8459419916205464,0.9652296474367892,,,,,,DeepFixel Spherical CNN,0.9083296034742928,0.07086285560956676,0.11354599162054635
588,279,1,3,3,0.4374572,3.8345532,0.15747628,0.5160163873553204,-2.356194490192345,0.0729752084652533,0.9452432932565994,,,,,,DeepFixel Spherical CNN,0.9083296034742928,0.08921034952972821,0.0845010715347467
589,279,2,3,3,1.134745,0.14586625,0.11012772,1.2309594173407747,0.2945243112740431,0.0240436489797695,0.8145158697294897,,,,,,DeepFixel Spherical CNN,0.9083296034742928,0.16783051454978276,0.0860840710202305
590,280,0,3,3,1.2702893,5.457136,0.52114266,1.2309594173407747,-0.8835729338221301,0.4903807654927447,0.9686171898074842,,,,,,DeepFixel Spherical CNN,0.975353384130051,0.0672862948127942,0.030761894507255305
591,280,1,3,3,0.74543303,2.6748571,0.34545162,0.7305737448965524,2.580593965448758,0.2911584545700965,0.970583895370578,,,,,,DeepFixel Spherical CNN,0.975353384130051,0.0651237049498142,0.054293165429903534
592,280,2,3,3,0.9709534,4.9537225,0.13340572,0.9479697413828938,-1.3744467859455354,0.1220233861947851,0.986859067212091,,,,,,DeepFixel Spherical CNN,0.975353384130051,0.043416131530775365,0.011382333805214903
593,281,0,3,3,1.4476854,3.4830668,0.52810794,1.4873662401842815,-2.7488935718910694,0.3960493054138896,0.9710703620758572,,,,,,DeepFixel Spherical CNN,0.941258174580494,0.06457801766639697,0.13205863458611045
594,281,1,3,3,1.530108,5.551593,0.29977897,1.4873662401842815,-0.7853981633974483,0.1658240137622035,0.9748368380793688,,,,,,DeepFixel Spherical CNN,0.941258174580494,0.06863195862031927,0.1339549562377965
595,281,2,3,3,0.9462668,2.149882,0.17211312,1.5707963267948966,2.454369260617025,0.1635083459027419,0.8778673235862561,,,,,,DeepFixel Spherical CNN,0.941258174580494,0.6857852705917721,0.0086047740972581
596,282,0,3,3,0.7306707,1.3882595,0.52034056,0.7305737448965522,1.45859658916669,0.927756604960551,0.9846544831539228,,,,,,DeepFixel Spherical CNN,0.3524549534762947,0.046933004937367566,0.40741604496055106
597,282,1,3,3,0.83994687,1.6254524,0.45534655,0.84106867056793,-1.6689710972195784,0.0114358892096124,0.0174323974833034,,,,,,DeepFixel Spherical CNN,0.3524549534762947,1.6745093341062953,0.4439106607903876
598,282,2,3,3,0.2599898,1.0279676,0.024312895,0.9479697413828938,-1.178097245096173,0.0111026712751842,0.0552779797916578,,,,,,DeepFixel Spherical CNN,0.3524549534762947,1.1153895520245205,0.013210223724815801
599,283,0,3,3,1.4376104,4.4884377,0.88205075,1.4033482475752073,-1.8653206380689409,0.7798632006968439,0.958254869147644,,,,,,DeepFixel Spherical CNN,0.703432743812631,0.07773160078605533,0.1021875493031561
600,283,1,3,3,0.9942772,0.34093064,0.08354233,1.5707963267948966,1.2762720155208531,0.1675050637188213,0.9724492793488408,,,,,,DeepFixel Spherical CNN,0.703432743812631,1.0499592568506362,0.08396273371882129
601,283,2,3,3,1.17709,4.2941976,0.03440691,0.9479697413828938,-1.5707963267948968,0.0117706395959211,0.179594082941408,,,,,,DeepFixel Spherical CNN,0.703432743812631,0.42937200959851496,0.0226362704040789
602,284,0,3,3,1.2566371,0.5535744,0.4995555,1.141020895490369,0.3926990816987241,0.4648358349269225,0.7682095101372879,,,,,,DeepFixel Spherical CNN,0.607494444242011,0.1891727804655097,0.0347196650730775
603,284,1,3,3,1.50476,1.1782359,0.2758402,1.4873662401842815,1.1780972450961724,0.2290916416355758,0.997883447461943,,,,,,DeepFixel Spherical CNN,0.607494444242011,0.017394309358103634,0.04674855836442418
604,284,2,3,3,1.0132154,0.20475604,0.22460432,1.4033482475752073,0.883572933822129,0.158987518618215,0.056390375126802,,,,,,DeepFixel Spherical CNN,0.607494444242011,0.7386436949067905,0.065616801381785
605,285,0,3,3,0.7393803,3.322433,0.50595164,0.7305737448965522,-3.029392915961586,0.5664123871711635,0.9847034588734576,,,,,,DeepFixel Spherical CNN,0.5345910762997873,0.046857675435729086,0.060460747171163454
606,285,1,3,3,1.3902206,6.2154284,0.24803445,1.2309594173407747,-0.2945243112740441,0.3771207215438587,0.5626942502290717,,,,,,DeepFixel Spherical CNN,0.5345910762997873,0.27064131299679767,0.12908627154385868
607,285,2,3,3,1.153343,5.9225984,0.24601392,1.4873662401842815,1.3744467859455345,0.0118366804758551,0.0563755197968326,,,,,,DeepFixel Spherical CNN,0.5345910762997873,1.686205690256552,0.2341772395241449
608,286,0,3,3,0.59685063,4.903019,0.70637816,0.6223684885550206,-1.4398966328953222,0.7900580074216625,0.98731010873922,,,,,,DeepFixel Spherical CNN,0.9658415890067422,0.042661539888700445,0.08367984742166257
609,286,1,3,3,0.79215926,1.9996316,0.18482381,0.7305737448965522,1.9073955396795172,0.1166295158061513,0.946077508868201,,,,,,DeepFixel Spherical CNN,0.9658415890067422,0.08851631478043934,0.0681942941938487
610,286,2,3,3,1.5047058,1.2477354,0.108798,1.5707963267948966,1.2762720155208531,0.0252424714695107,0.9641371494128056,,,,,,DeepFixel Spherical CNN,0.9658415890067422,0.07197992833013812,0.08355552853048931
611,287,0,3,3,0.6136997,3.0709045,0.62924266,0.6223684885550205,3.010692959690218,0.5860258921340012,0.9909808211178353,,,,,,DeepFixel Spherical CNN,0.947690492486135,0.03594532290554459,0.043216767865998706
612,287,1,3,3,1.4884609,6.149262,0.19661519,0.7305737448965522,1.45859658916669,0.1533611656920883,0.944596274688201,,,,,,DeepFixel Spherical CNN,0.947690492486135,1.5239715705399675,0.0432540243079117
613,287,2,3,3,0.83994687,1.5161402,0.17414212,1.4033482475752073,-0.0981747704246809,0.1149770972416707,0.9074943816523686,,,,,,DeepFixel Spherical CNN,0.947690492486135,1.4914035516539188,0.059165022758329314
614,288,0,3,3,1.5040054,4.7537413,0.8632888,1.4873662401842815,-1.5707963267948968,0.5012346639506995,0.986218742956632,,,,,,DeepFixel Spherical CNN,0.6761180742666509,0.04446578060637439,0.3620541360493005
615,288,1,3,3,1.3778208,3.3450828,0.13224226,1.5707963267948966,1.6689710972195777,0.3177116220084227,0.7118857591650439,,,,,,DeepFixel Spherical CNN,0.6761180742666509,1.6741497744250153,0.18546936200842268
616,288,2,3,3,1.371135,1.3738586,0.0044689314,0.9479697413828938,-1.5707963267948968,0.0629911159057411,0.3302497206782767,,,,,,DeepFixel Spherical CNN,0.6761180742666509,2.298305952813507,0.05852218450574109
617,289,0,3,3,1.50476,1.1782359,0.53537005,1.4873662401842815,1.1780972450961724,0.4315469920452637,0.997883447461943,,,,,,DeepFixel Spherical CNN,0.736094433263407,0.017394309358103634,0.10382305795473634
618,289,1,3,3,0.9187362,4.4094954,0.4431812,0.8410686705679301,-1.8653206380689409,0.3536616355178297,0.9580394701890724,,,,,,DeepFixel Spherical CNN,0.736094433263407,0.07793448344939001,0.0895195644821703
619,289,2,3,3,0.9030912,0.4785392,0.021448778,1.4873662401842815,-1.9634954084936211,0.1638983487817843,0.2523603821392053,,,,,,DeepFixel Spherical CNN,0.736094433263407,2.149719853488289,0.1424495707817843
620,290,0,3,3,0.15707964,5.729611,0.70709,0.204480198968535,-0.3926990816987249,0.679876327365373,0.9786696271217036,,,,,,DeepFixel Spherical CNN,0.975930586540307,0.05538517455857968,0.02721367263462704
621,290,1,3,3,0.7306707,1.7533331,0.22252071,0.7305737448965522,1.6829960644231032,0.2851455242171417,0.9846544969542956,,,,,,DeepFixel Spherical CNN,0.975930586540307,0.046932969187467755,0.06262481421714167
622,290,2,3,3,1.5049318,2.0334594,0.07038929,0.5160163873553204,1.0995574287564276,0.0068772447731875,0.9644676355449217,,,,,,DeepFixel Spherical CNN,0.975930586540307,1.2131741118565516,0.06351204522681249
623,291,0,3,3,0.7393803,0.18084033,0.5877128,0.7305737448965522,0.1121997376282069,0.4581548459704199,0.9847034643995712,,,,,,DeepFixel Spherical CNN,0.8003989217274615,0.046857664631299034,0.12955795402958015
624,291,1,3,3,1.5041426,4.531407,0.3064924,1.4873662401842815,-1.767145867644259,0.2962746941336211,0.9963901302880548,,,,,,DeepFixel Spherical CNN,0.8003989217274615,0.022721688644771226,0.010217705866378879
625,291,2,3,3,0.15707964,0.5535744,0.105794795,1.5707963267948966,1.4726215563702154,0.1692281219504111,0.4201031704947586,,,,,,DeepFixel Spherical CNN,0.8003989217274615,1.4757636440930004,0.0634333269504111
626,292,0,3,3,0.2060244,6.0801463,0.5309879,0.204480198968535,-0.3926990816987249,0.548265585003424,0.9895875123027678,,,,,,DeepFixel Spherical CNN,0.6778067094596655,0.038630503343158734,0.01727768500342408
627,292,1,3,3,0.8244284,0.64940786,0.41243738,0.8410686705679301,0.6872233929727672,0.4277338917601037,0.992601120652166,,,,,,DeepFixel Spherical CNN,0.6778067094596655,0.032548599477810816,0.01529651176010366
628,292,2,3,3,0.863938,0.5535744,0.056574695,1.4873662401842815,2.5525440310417067,0.0045455903886304,0.0512314954240625,,,,,,DeepFixel Spherical CNN,0.6778067094596655,1.8343457833016499,0.0520291046113696
629,293,0,3,3,0.59678394,2.7132165,0.47693166,0.6223684885550205,2.7488935718910685,0.7036000217804689,0.9925162616862244,,,,,,DeepFixel Spherical CNN,0.6790605634732639,0.0327351722307735,0.2266683617804689
630,293,1,3,3,0.6136997,3.0709045,0.28018478,1.2309594173407747,-0.2945243112740441,0.2408231659289052,0.0538650098699905,,,,,,DeepFixel Spherical CNN,0.6790605634732639,1.8306168666398812,0.039361614071094814
631,293,2,3,3,1.2647837,6.002568,0.24288356,1.5707963267948966,2.8470683423157497,0.015075189162285,0.9908004188635768,,,,,,DeepFixel Spherical CNN,0.6790605634732639,2.8352740982121523,0.227808370837715
632,294,0,3,3,0.7325137,3.0807288,0.733638,0.7305737448965522,3.029392915961586,0.6479504160565858,0.9917635184579442,,,,,,DeepFixel Spherical CNN,0.6673627839681412,0.03434607505034015,0.08568758394341425
633,294,1,3,3,0.48437756,1.5707964,0.19157138,0.5160163873553204,1.413716694115407,0.3104411204096335,0.954033150239558,,,,,,DeepFixel Spherical CNN,0.6673627839681412,0.08162228079655061,0.1188697404096335
634,294,2,3,3,0.5302741,1.031125,0.074790604,0.9479697413828936,-0.9817477042468106,0.006746983600923,0.0562916832069211,,,,,,DeepFixel Spherical CNN,0.6673627839681412,1.237166598586084,0.06804362039907699
635,295,0,3,3,1.1595315,3.9249787,0.57044554,1.141020895490369,-2.3561944901923453,0.5272851525697534,0.9975797091868008,,,,,,DeepFixel Spherical CNN,0.9647738920715886,0.018601511054134847,0.04316038743024664
636,295,1,3,3,0.4963124,0.25421822,0.28026816,0.5160163873553204,0.1570796326794896,0.2905342900307934,0.9818737977009516,,,,,,DeepFixel Spherical CNN,0.9647738920715886,0.05103049042527424,0.010266130030793408
637,295,2,3,3,0.269661,3.1415927,0.14928629,0.204480198968535,2.748893571891069,0.053595610999349,0.9148681693270132,,,,,,DeepFixel Spherical CNN,0.9647738920715886,0.11178378895363417,0.09569067900065098
638,296,0,3,3,1.0650716,6.1326437,0.51521736,1.0471975511965976,-0.0981747704246809,0.5563524443207529,0.983307331636622,,,,,,DeepFixel Spherical CNN,0.9724182199985366,0.048960046407924965,0.04113508432075297
639,296,1,3,3,1.4386635,1.1306436,0.36155894,1.4033482475752073,1.0799224746714908,0.3639925433274061,0.9738783242616108,,,,,,DeepFixel Spherical CNN,0.9724182199985366,0.06133690645823846,0.0024336033274061086
640,296,2,3,3,1.0995574,3.695167,0.12322371,1.0471975511965976,-2.650718801466388,0.0218172704186861,0.9600690040973772,,,,,,DeepFixel Spherical CNN,0.9724182199985366,0.07600183960868123,0.1014064395813139
641,297,0,3,3,1.4884609,6.149262,0.40918416,1.4873662401842815,-0.1963495408493634,0.2502350766726443,0.9731258531700736,,,,,,DeepFixel Spherical CNN,0.9653886564477009,0.062221493741358644,0.15894908332735574
642,297,1,3,3,0.9075959,6.1801047,0.33342913,1.5707963267948966,3.0434178831651115,0.2460393527700387,0.942053261259572,,,,,,DeepFixel Spherical CNN,0.9653886564477009,2.4783768238662325,0.08738977722996133
643,297,2,3,3,0.41219375,3.992655,0.2573867,0.9479697413828938,0.0,0.2135452031265633,0.980986854913457,,,,,,DeepFixel Spherical CNN,0.9653886564477009,1.2450889279087367,0.04384149687343672
644,298,0,3,3,1.4901359,0.79132,0.79568577,1.4873662401842815,0.7853981633974483,0.6489394009969562,0.9997024996686824,,,,,,DeepFixel Spherical CNN,0.6542021156072734,0.006519479385020689,0.14674636900304372
645,298,1,3,3,1.3361951,2.866547,0.1360513,1.318116071652818,2.748893571891069,0.220732406555255,0.9091341827445416,,,,,,DeepFixel Spherical CNN,0.6542021156072734,0.11559550960004525,0.08468110655525501
646,298,2,3,3,1.0995574,2.5880182,0.06826296,1.4873662401842815,-2.3561944901923453,0.0447113509849537,0.0537696644085958,,,,,,DeepFixel Spherical CNN,0.6542021156072734,1.3265431166768622,0.0235516090150463
647,299,0,3,3,0.6879088,0.8723247,0.732396,0.7305737448965522,0.7853981633974483,0.8459419916205464,0.9652296474367892,,,,,,DeepFixel Spherical CNN,0.9083296034742928,0.07086285560956676,0.11354599162054635
648,299,1,3,3,0.4374572,3.8345532,0.15747628,0.5160163873553204,-2.356194490192345,0.0729752084652533,0.9452432932565994,,,,,,DeepFixel Spherical CNN,0.9083296034742928,0.08921034952972821,0.0845010715347467
649,299,2,3,3,1.134745,0.14586625,0.11012772,1.2309594173407747,0.2945243112740431,0.0240436489797695,0.8145158697294897,,,,,,DeepFixel Spherical CNN,0.9083296034742928,0.16783051454978276,0.0860840710202305
650,300,0,3,3,1.2702893,5.457136,0.52114266,1.2309594173407747,-0.8835729338221301,0.4903807654927447,0.9686171898074842,,,,,,DeepFixel Spherical CNN,0.975353384130051,0.0672862948127942,0.030761894507255305
651,300,1,3,3,0.74543303,2.6748571,0.34545162,0.7305737448965524,2.580593965448758,0.2911584545700965,0.970583895370578,,,,,,DeepFixel Spherical CNN,0.975353384130051,0.0651237049498142,0.054293165429903534
652,300,2,3,3,0.9709534,4.9537225,0.13340572,0.9479697413828938,-1.3744467859455354,0.1220233861947851,0.986859067212091,,,,,,DeepFixel Spherical CNN,0.975353384130051,0.043416131530775365,0.011382333805214903
653,301,0,3,3,1.4476854,3.4830668,0.52810794,1.4873662401842815,-2.7488935718910694,0.3960493054138896,0.9710703620758572,,,,,,DeepFixel Spherical CNN,0.941258174580494,0.06457801766639697,0.13205863458611045
654,301,1,3,3,1.530108,5.551593,0.29977897,1.4873662401842815,-0.7853981633974483,0.1658240137622035,0.9748368380793688,,,,,,DeepFixel Spherical CNN,0.941258174580494,0.06863195862031927,0.1339549562377965
655,301,2,3,3,0.9462668,2.149882,0.17211312,1.5707963267948966,2.454369260617025,0.1635083459027419,0.8778673235862561,,,,,,DeepFixel Spherical CNN,0.941258174580494,0.6857852705917721,0.0086047740972581
656,302,0,3,3,0.7306707,1.3882595,0.52034056,0.7305737448965522,1.45859658916669,0.927756604960551,0.9846544831539228,,,,,,DeepFixel Spherical CNN,0.3524549534762947,0.046933004937367566,0.40741604496055106
657,302,1,3,3,0.83994687,1.6254524,0.45534655,0.84106867056793,-1.6689710972195784,0.0114358892096124,0.0174323974833034,,,,,,DeepFixel Spherical CNN,0.3524549534762947,1.6745093341062953,0.4439106607903876
658,302,2,3,3,0.2599898,1.0279676,0.024312895,0.9479697413828938,-1.178097245096173,0.0111026712751842,0.0552779797916578,,,,,,DeepFixel Spherical CNN,0.3524549534762947,1.1153895520245205,0.013210223724815801
659,303,0,3,3,1.4376104,4.4884377,0.88205075,1.4033482475752073,-1.8653206380689409,0.7798632006968439,0.958254869147644,,,,,,DeepFixel Spherical CNN,0.703432743812631,0.07773160078605533,0.1021875493031561
660,303,1,3,3,0.9942772,0.34093064,0.08354233,1.5707963267948966,1.2762720155208531,0.1675050637188213,0.9724492793488408,,,,,,DeepFixel Spherical CNN,0.703432743812631,1.0499592568506362,0.08396273371882129
661,303,2,3,3,1.17709,4.2941976,0.03440691,0.9479697413828938,-1.5707963267948968,0.0117706395959211,0.179594082941408,,,,,,DeepFixel Spherical CNN,0.703432743812631,0.42937200959851496,0.0226362704040789
662,304,0,3,3,1.2866695,4.1084647,0.5459797,1.318116071652818,-2.1598449493429825,0.6159302889946172,0.9916594961477484,,,,,,DeepFixel Spherical CNN,0.6714878779612917,0.03456282196109762,0.06995058899461726
663,304,1,3,3,0.68906546,6.0294347,0.3297564,0.7305737448965522,-0.336599212884621,0.2826897348690118,0.9678791637432618,,,,,,DeepFixel Spherical CNN,0.6714878779612917,0.06808094318574116,0.04706666513098823
664,304,2,3,3,1.1074132,5.8616333,0.12426395,1.5707963267948966,0.6872233929727672,0.0204166753315941,0.0549249739928653,,,,,,DeepFixel Spherical CNN,0.6714878779612917,1.160642025899369,0.1038472746684059
665,305,0,3,3,1.3048053,1.7399837,0.60496897,1.318116071652818,1.7671458676442584,0.6056386735554897,0.9939463693586028,,,,,,DeepFixel Spherical CNN,0.9284019572089854,0.029435144647588795,0.0006697035554896758
666,305,1,3,3,1.4090861,2.730789,0.23522107,1.4033482475752073,2.650718801466388,0.243915467409773,0.9566890863066522,,,,,,DeepFixel Spherical CNN,0.9284019572089854,0.07919568904895206,0.008694397409772986
667,305,2,3,3,0.59104544,2.0105636,0.15980996,0.7305737448965522,2.131795014935931,0.0366308475339576,0.8345704159617015,,,,,,DeepFixel Spherical CNN,0.9284019572089854,0.1579450215407886,0.1231791124660424
668,306,0,3,3,0.6002842,4.144542,0.45911598,0.6223684885550205,-1.9634954084936205,0.4696423554322829,0.927665258095777,,,,,,DeepFixel Spherical CNN,0.658784029449453,0.10282567010224854,0.010526375432282908
669,306,1,3,3,1.3398488,5.4747853,0.29354808,1.318116071652818,-0.7853981633974483,0.4381560357683835,0.9932170804727184,,,,,,DeepFixel Spherical CNN,0.658784029449453,0.03116139399379709,0.14460795576838353
670,306,2,3,3,0.65565425,5.069322,0.24733594,1.5707963267948966,2.454369260617025,0.0213707399064182,0.0554697497798638,,,,,,DeepFixel Spherical CNN,0.658784029449453,2.125942006250897,0.22596520009358181
671,307,0,3,3,0.15707964,5.729611,0.37754267,0.1021064223826043,-0.7853981633974484,0.4004790455346827,0.9730973696430368,,,,,,DeepFixel Spherical CNN,0.9752287374018106,0.06225469702819477,0.022936375534682696
672,307,1,3,3,1.3208771,3.2103481,0.36895558,0.9479697413828938,1.5707963267948966,0.3202672110782351,0.9692002960206428,,,,,,DeepFixel Spherical CNN,0.9752287374018106,1.4804680464903694,0.048688368921764924
673,307,2,3,3,0.89912957,1.5707964,0.25350174,1.318116071652818,3.141592653589793,0.2607975946585359,0.9833885465417518,,,,,,DeepFixel Spherical CNN,0.9752287374018106,1.4145888914891362,0.0072958546585359385
674,308,0,3,3,1.0172219,4.712389,0.67940855,0.9479697413828938,-1.5707963267948968,0.682272889938253,0.9667760413386766,,,,,,DeepFixel Spherical CNN,0.7133309452722693,0.06925215861710826,0.002864339938252969
675,308,1,3,3,0.3977915,1.3996177,0.21358192,0.4111378623223478,1.3744467859455345,0.2699768261169913,0.9980676669325336,,,,,,DeepFixel Spherical CNN,0.7133309452722693,0.016619662546894006,0.0563949061169913
676,308,2,3,3,0.7297539,4.208086,0.1070095,0.9479697413828938,-2.552544031041707,0.0056815449083868,0.1751491275455975,,,,,,DeepFixel Spherical CNN,0.7133309452722693,0.4134755729974553,0.10132795509161319
677,309,0,3,3,0.6879088,0.8723247,0.72033197,0.7305737448965522,0.7853981633974483,0.7827557075441127,0.965229647436789,,,,,,DeepFixel Spherical CNN,0.9625084315183926,0.07086285560956676,0.06242373754411268
678,309,1,3,3,0.5497787,5.729611,0.17161892,0.5160163873553204,-0.4712388980384692,0.1707823040930901,0.9799154646613112,,,,,,DeepFixel Spherical CNN,0.9625084315183926,0.05373288708463148,0.000836615906909921
679,309,2,3,3,1.2247206,2.7889934,0.1080491,1.141020895490369,2.748893571891069,0.0290902661908583,0.9423801824570776,,,,,,DeepFixel Spherical CNN,0.9625084315183926,0.09155500293087825,0.07895883380914169
680,310,0,3,3,1.2702893,5.457136,0.52114266,1.2309594173407747,-0.8835729338221301,0.4903807654927447,0.9686171898074842,,,,,,DeepFixel Spherical CNN,0.975353384130051,0.0672862948127942,0.030761894507255305
681,310,1,3,3,0.74543303,2.6748571,0.34545162,0.7305737448965524,2.580593965448758,0.2911584545700965,0.970583895370578,,,,,,DeepFixel Spherical CNN,0.975353384130051,0.0651237049498142,0.054293165429903534
682,310,2,3,3,0.9709534,4.9537225,0.13340572,0.9479697413828938,-1.3744467859455354,0.1220233861947851,0.986859067212091,,,,,,DeepFixel Spherical CNN,0.975353384130051,0.043416131530775365,0.011382333805214903
683,311,0,3,3,1.4476854,3.4830668,0.52810794,1.4873662401842815,-2.7488935718910694,0.3960493054138896,0.9710703620758572,,,,,,DeepFixel Spherical CNN,0.941258174580494,0.06457801766639697,0.13205863458611045
684,311,1,3,3,1.530108,5.551593,0.29977897,1.4873662401842815,-0.7853981633974483,0.1658240137622035,0.9748368380793688,,,,,,DeepFixel Spherical CNN,0.941258174580494,0.06863195862031927,0.1339549562377965
685,311,2,3,3,0.9462668,2.149882,0.17211312,1.5707963267948966,2.454369260617025,0.1635083459027419,0.8778673235862561,,,,,,DeepFixel Spherical CNN,0.941258174580494,0.6857852705917721,0.0086047740972581
686,312,0,3,3,0.7306707,1.3882595,0.52034056,0.7305737448965522,1.45859658916669,0.927756604960551,0.9846544831539228,,,,,,DeepFixel Spherical CNN,0.3524549534762947,0.046933004937367566,0.40741604496055106
687,312,1,3,3,0.83994687,1.6254524,0.45534655,0.84106867056793,-1.6689710972195784,0.0114358892096124,0.0174323974833034,,,,,,DeepFixel Spherical CNN,0.3524549534762947,1.6745093341062953,0.4439106607903876
688,312,2,3,3,0.2599898,1.0279676,0.024312895,0.9479697413828938,-1.178097245096173,0.0111026712751842,0.0552779797916578,,,,,,DeepFixel Spherical CNN,0.3524549534762947,1.1153895520245205,0.013210223724815801
689,313,0,3,3,1.4376104,4.4884377,0.88205075,1.4033482475752073,-1.8653206380689409,0.7798632006968439,0.958254869147644,,,,,,DeepFixel Spherical CNN,0.703432743812631,0.07773160078605533,0.1021875493031561
690,313,1,3,3,0.9942772,0.34093064,0.08354233,1.5707963267948966,1.2762720155208531,0.1675050637188213,0.9724492793488408,,,,,,DeepFixel Spherical CNN,0.703432743812631,1.0499592568506362,0.08396273371882129
691,313,2,3,3,1.17709,4.2941976,0.03440691,0.9479697413828938,-1.5707963267948968,0.0117706395959211,0.179594082941408,,,,,,DeepFixel Spherical CNN,0.703432743812631,0.42937200959851496,0.0226362704040789
692,314,0,3,3,1.2566371,0.5535744,0.4995555,1.141020895490369,0.3926990816987241,0.4648358349269225,0.7682095101372879,,,,,,DeepFixel Spherical CNN,0.607494444242011,0.1891727804655097,0.0347196650730775
693,314,1,3,3,1.50476,1.1782359,0.2758402,1.4873662401842815,1.1780972450961724,0.2290916416355758,0.997883447461943,,,,,,DeepFixel Spherical CNN,0.607494444242011,0.017394309358103634,0.04674855836442418
694,314,2,3,3,1.0132154,0.20475604,0.22460432,1.4033482475752073,0.883572933822129,0.158987518618215,0.056390375126802,,,,,,DeepFixel Spherical CNN,0.607494444242011,0.7386436949067905,0.065616801381785
695,315,0,3,3,0.7393803,3.322433,0.50595164,0.7305737448965522,-3.029392915961586,0.5664123871711635,0.9847034588734576,,,,,,DeepFixel Spherical CNN,0.5345910762997873,0.046857675435729086,0.060460747171163454
696,315,1,3,3,1.3902206,6.2154284,0.24803445,1.2309594173407747,-0.2945243112740441,0.3771207215438587,0.5626942502290717,,,,,,DeepFixel Spherical CNN,0.5345910762997873,0.27064131299679767,0.12908627154385868
697,315,2,3,3,1.153343,5.9225984,0.24601392,1.4873662401842815,1.3744467859455345,0.0118366804758551,0.0563755197968326,,,,,,DeepFixel Spherical CNN,0.5345910762997873,1.686205690256552,0.2341772395241449
698,316,0,3,3,0.59685063,4.903019,0.70637816,0.6223684885550206,-1.4398966328953222,0.7900580074216625,0.98731010873922,,,,,,DeepFixel Spherical CNN,0.9658415890067422,0.042661539888700445,0.08367984742166257
699,316,1,3,3,0.79215926,1.9996316,0.18482381,0.7305737448965522,1.9073955396795172,0.1166295158061513,0.946077508868201,,,,,,DeepFixel Spherical CNN,0.9658415890067422,0.08851631478043934,0.0681942941938487
700,316,2,3,3,1.5047058,1.2477354,0.108798,1.5707963267948966,1.2762720155208531,0.0252424714695107,0.9641371494128056,,,,,,DeepFixel Spherical CNN,0.9658415890067422,0.07197992833013812,0.08355552853048931
701,317,0,3,3,0.6136997,3.0709045,0.62924266,0.6223684885550205,3.010692959690218,0.5860258921340012,0.9909808211178353,,,,,,DeepFixel Spherical CNN,0.947690492486135,0.03594532290554459,0.043216767865998706
702,317,1,3,3,1.4884609,6.149262,0.19661519,0.7305737448965522,1.45859658916669,0.1533611656920883,0.944596274688201,,,,,,DeepFixel Spherical CNN,0.947690492486135,1.5239715705399675,0.0432540243079117
703,317,2,3,3,0.83994687,1.5161402,0.17414212,1.4033482475752073,-0.0981747704246809,0.1149770972416707,0.9074943816523686,,,,,,DeepFixel Spherical CNN,0.947690492486135,1.4914035516539188,0.059165022758329314
704,318,0,3,3,1.5040054,4.7537413,0.8632888,1.4873662401842815,-1.5707963267948968,0.5012346639506995,0.986218742956632,,,,,,DeepFixel Spherical CNN,0.6761180742666509,0.04446578060637439,0.3620541360493005
705,318,1,3,3,1.3778208,3.3450828,0.13224226,1.5707963267948966,1.6689710972195777,0.3177116220084227,0.7118857591650439,,,,,,DeepFixel Spherical CNN,0.6761180742666509,1.6741497744250153,0.18546936200842268
706,318,2,3,3,1.371135,1.3738586,0.0044689314,0.9479697413828938,-1.5707963267948968,0.0629911159057411,0.3302497206782767,,,,,,DeepFixel Spherical CNN,0.6761180742666509,2.298305952813507,0.05852218450574109
707,319,0,3,3,1.50476,1.1782359,0.53537005,1.4873662401842815,1.1780972450961724,0.4315469920452637,0.997883447461943,,,,,,DeepFixel Spherical CNN,0.736094433263407,0.017394309358103634,0.10382305795473634
708,319,1,3,3,0.9187362,4.4094954,0.4431812,0.8410686705679301,-1.8653206380689409,0.3536616355178297,0.9580394701890724,,,,,,DeepFixel Spherical CNN,0.736094433263407,0.07793448344939001,0.0895195644821703
709,319,2,3,3,0.9030912,0.4785392,0.021448778,1.4873662401842815,-1.9634954084936211,0.1638983487817843,0.2523603821392053,,,,,,DeepFixel Spherical CNN,0.736094433263407,2.149719853488289,0.1424495707817843
710,320,0,3,3,1.2702893,5.457136,0.52114266,1.2309594173407747,-0.8835729338221301,0.4903807654927447,0.9686171898074842,,,,,,DeepFixel Spherical CNN,0.975353384130051,0.0672862948127942,0.030761894507255305
711,320,1,3,3,0.74543303,2.6748571,0.34545162,0.7305737448965524,2.580593965448758,0.2911584545700965,0.970583895370578,,,,,,DeepFixel Spherical CNN,0.975353384130051,0.0651237049498142,0.054293165429903534
712,320,2,3,3,0.9709534,4.9537225,0.13340572,0.9479697413828938,-1.3744467859455354,0.1220233861947851,0.986859067212091,,,,,,DeepFixel Spherical CNN,0.975353384130051,0.043416131530775365,0.011382333805214903
713,321,0,3,3,1.4476854,3.4830668,0.52810794,1.4873662401842815,-2.7488935718910694,0.3960493054138896,0.9710703620758572,,,,,,DeepFixel Spherical CNN,0.941258174580494,0.06457801766639697,0.13205863458611045
714,321,1,3,3,1.530108,5.551593,0.29977897,1.4873662401842815,-0.7853981633974483,0.1658240137622035,0.9748368380793688,,,,,,DeepFixel Spherical CNN,0.941258174580494,0.06863195862031927,0.1339549562377965
715,321,2,3,3,0.9462668,2.149882,0.17211312,1.5707963267948966,2.454369260617025,0.1635083459027419,0.8778673235862561,,,,,,DeepFixel Spherical CNN,0.941258174580494,0.6857852705917721,0.0086047740972581
716,322,0,3,3,0.7306707,1.3882595,0.52034056,0.7305737448965522,1.45859658916669,0.927756604960551,0.9846544831539228,,,,,,DeepFixel Spherical CNN,0.3524549534762947,0.046933004937367566,0.40741604496055106
717,322,1,3,3,0.83994687,1.6254524,0.45534655,0.84106867056793,-1.6689710972195784,0.0114358892096124,0.0174323974833034,,,,,,DeepFixel Spherical CNN,0.3524549534762947,1.6745093341062953,0.4439106607903876
718,322,2,3,3,0.2599898,1.0279676,0.024312895,0.9479697413828938,-1.178097245096173,0.0111026712751842,0.0552779797916578,,,,,,DeepFixel Spherical CNN,0.3524549534762947,1.1153895520245205,0.013210223724815801
719,323,0,3,3,1.4376104,4.4884377,0.88205075,1.4033482475752073,-1.8653206380689409,0.7798632006968439,0.958254869147644,,,,,,DeepFixel Spherical CNN,0.703432743812631,0.07773160078605533,0.1021875493031561
720,323,1,3,3,0.9942772,0.34093064,0.08354233,1.5707963267948966,1.2762720155208531,0.1675050637188213,0.9724492793488408,,,,,,DeepFixel Spherical CNN,0.703432743812631,1.0499592568506362,0.08396273371882129
721,323,2,3,3,1.17709,4.2941976,0.03440691,0.9479697413828938,-1.5707963267948968,0.0117706395959211,0.179594082941408,,,,,,DeepFixel Spherical CNN,0.703432743812631,0.42937200959851496,0.0226362704040789
722,324,0,3,3,0.64099085,3.477786,0.6991726,0.6223684885550205,-2.7488935718910685,0.7666356120575423,0.9898142186032431,,,,,,DeepFixel Spherical CNN,0.9673683273598432,0.03820633072732614,0.06746301205754224
723,324,1,3,3,1.4901359,5.491865,0.16523455,1.4873662401842815,-0.7853981633974483,0.0890770247404482,0.999702489526864,,,,,,DeepFixel Spherical CNN,0.9673683273598432,0.0065197565324632825,0.07615752525955181
724,324,2,3,3,0.6598044,2.0457747,0.1355928,1.5707963267948966,2.454369260617025,0.0550143923690702,0.9125882739494228,,,,,,DeepFixel Spherical CNN,0.9673683273598432,0.9733858651143422,0.08057840763092981
725,325,0,3,3,1.3035436,1.2531335,0.6629855,1.318116071652818,1.1780972450961724,0.5359662184922511,0.9621577878921542,,,,,,DeepFixel Spherical CNN,0.7519006543715082,0.07396280306454346,0.12701928150774888
726,325,1,3,3,1.4896209,5.378173,0.33394185,1.4873662401842815,-0.9817477042468108,0.2326111669524988,0.959541539211438,,,,,,DeepFixel Spherical CNN,0.7519006543715082,0.0765087362178251,0.10133068304750117
727,325,2,3,3,0.9496694,0.72725767,0.0030726579,1.5707963267948966,2.258019719767664,0.1840628679844892,0.3340026360109326,,,,,,DeepFixel Spherical CNN,0.7519006543715082,1.5382424721499584,0.1809902100844892
728,326,0,3,3,1.2392242,4.4979715,0.69242334,1.2309594173407747,-1.8653206380689409,0.5766415679317844,0.9599848786750832,,,,,,DeepFixel Spherical CNN,0.6637209715491909,0.07608288192490843,0.1157817720682156
729,326,1,3,3,0.3244638,4.2835236,0.2963272,0.3073950510845033,-1.832595714594046,0.3573890965596873,0.9792869414235316,,,,,,DeepFixel Spherical CNN,0.6637209715491909,0.05457255782078004,0.0610618965596873
730,326,2,3,3,0.2599898,4.1695604,0.011249486,1.5707963267948966,1.2762720155208531,0.0114472364796934,0.0518910945489577,,,,,,DeepFixel Spherical CNN,0.6637209715491909,1.8226364733120761,0.00019775047969340133
731,327,0,3,3,0.3295198,1.7763342,0.6215569,0.3073950510845033,1.832595714594046,0.5645768423593154,0.9944140347226742,,,,,,DeepFixel Spherical CNN,0.6520026508189526,0.028273267504977887,0.05698005764068459
732,327,1,3,3,1.0041758,4.1991434,0.24099214,0.9479697413828938,-1.9634954084936211,0.3466576270153879,0.9107423167844904,,,,,,DeepFixel Spherical CNN,0.6520026508189526,0.1145379263372485,0.10566548701538789
733,327,2,3,3,0.83994687,4.657733,0.13745095,0.6223684885550205,3.010692959690218,0.0139503316386096,0.0508516009496931,,,,,,DeepFixel Spherical CNN,0.6520026508189526,1.036445957268592,0.12350061836139038
734,328,0,3,3,1.2580642,0.41761118,0.48879105,0.84106867056793,1.4726215563702154,0.4887576752402515,0.971015295333789,,,,,,DeepFixel Spherical CNN,0.9292646684837086,0.9825550471660612,3.337475974851678e-05
735,328,1,3,3,0.84618837,1.4082233,0.45649573,1.318116071652818,0.3926990816987241,0.4291582176667982,0.9837003904906808,,,,,,DeepFixel Spherical CNN,0.9292646684837086,0.9909407438336775,0.027337512333201808
736,328,2,3,3,0.7853982,3.695167,0.054713212,0.8410686705679301,0.6872233929727672,0.0439061385148651,0.8330783196266557,,,,,,DeepFixel Spherical CNN,0.9292646684837086,1.621760111846815,0.010807073485134898
737,329,0,3,3,0.3295198,1.7763342,0.5678775,0.4111378623223478,1.7671458676442586,0.529884166673988,0.9539635030824204,,,,,,DeepFixel Spherical CNN,0.9601105496307243,0.08168499446412819,0.03799333332601207
738,329,1,3,3,0.20319815,5.433647,0.33763087,0.1021064223826043,-0.7853981633974484,0.4043342061232561,0.9294632425416032,,,,,,DeepFixel Spherical CNN,0.9601105496307243,0.10150997771818321,0.06670333612325607
739,329,2,3,3,0.8245151,3.6149166,0.09449167,0.6223684885550205,-0.1308996938995748,0.0139954520883518,0.9969049032681494,,,,,,DeepFixel Spherical CNN,0.9601105496307243,1.3700713377336966,0.0804962179116482
